transaction_hash,trace_involved_amt,from_address,to_address,block_timestamp,gas,gas_price,receipt_cumulative_gas_used,receipt_gas_used,value,nonce,transaction_type,rn,contract_block_involved,contract_tx_count,contract_block_per_tx,contract_main_active_days,sender_block_involved,sender_tx_count,sender_block_per_tx,sender_main_active_days,contract_interact,add_feat_hash,sender_tx_count_call_contract,sender_days_call_contract,trace_amt,distinct_sender_in_contract,contract_lifetime_days,contract_lifetime_block,distinct_contract_sender_called,sender_lifetime_days,sender_lifetime_block,contract_involved_amt,max_breadth,depth,distinct_was_called_in_sample,distinct_sender_call_in_sample,z_trace_involved_amt,z_contract_block_involved,z_contract_tx_count,z_contract_main_active_days,z_sender_block_involved,z_sender_tx_count,z_sender_main_active_days,z_contract_interact,z_sender_tx_count_call_contract,z_sender_days_call_contract,z_trace_amt,z_distinct_sender_in_contract,z_contract_lifetime_days,z_contract_lifetime_block,z_distinct_contract_sender_called,z_sender_lifetime_days,z_sender_lifetime_block,z_contract_involved_amt,z_max_breadth,z_depth,z_distinct_was_called_in_sample,z_distinct_sender_call_in_sample,z_gas,z_gas_price,z_receipt_cumulative_gas_used,z_receipt_gas_used,z_value,z_nonce,involved_trace_ratio,contract_active_day_ratio,tx_count_per_distinct_caller,contract_block_ratio,sender_active_day_ratio,sender_tx_count_per_contract,sender_block_ratio,tx_sender_call_contract,sender_call_contract_tx_ratio,sender_tx_count_call_contract_per_days,sender_call_contract_day_ratio,is_sus
0xf39780ff4e9ebf7c6d49e384bf5d8ec119bc5998f308838505fd2e67d6acf0ca,2,0x4f7c41c019561f5cd0377d4b721b032b5366ac35,0x1f020a4943eb57cd3b2213a66b355cb662ea43c3,2023-08-04 09:37:35.000000 UTC,726794,15522911813,5234563,320955,0.0,300,2,28,795,799,0.9949937421777222,234,314,314,1.0,118,1,0xf39780ff4e9ebf7c6d49e384bf5d8ec119bc5998f308838505fd2e67d6acf0ca,260,102,29,14,618,4162145,28,618,4162145,13,8,7,1,2,-0.15607979451434165,-0.40778614613984326,-0.3975793164672794,-1.1838829591127453,-0.3447873622530327,-0.3565679606557396,-0.10482659848381438,-1.222061242581833,0.5371177415736339,3.209581072755246,0.022061160237732948,-0.42083561034124706,-0.38544134681271114,-0.4021940698629511,-0.5512067592312178,-0.21260255059711528,-0.2009662876106622,0.08373883744910235,0.6848826282303182,0.8184989634168756,-0.8905635565617213,0.0,0.1549525097449821,-0.8409597184286087,-0.9918109801015204,-0.22092996050159042,-0.18935831,-0.34916466832504894,0.06896551724137931,0.3780290791599354,57.07142857142857,0.00019100723520991335,0.19063004846526657,11.214285714285714,7.544185139108528e-05,0.8280254777070064,0.32540675844806005,2.549019607843137,0.4358974358974359,0
0x66743226868b29d4b3194c3a8570743023146a84c7f9f00f2661794c915a7f58,1,0xd981cf5286c1826750e98da7d42ebf8a5063eae9,0x99a58482bd75cbab83b27ec03ca68ff489b5788f,2023-07-30 16:13:47.000000 UTC,230197,24991516147,9632836,160868,0.0,49,2,49,67558,71182,0.9490882526481413,229,68,68,1.0,33,3,0x66743226868b29d4b3194c3a8570743023146a84c7f9f00f2661794c915a7f58,1,1,6,23854,228,1625640,43,482,3288529,5,2,3,2,2,-0.606976978666884,3.3171850468290702,3.206713071994035,-1.2111541179121885,-0.6323424501354682,-0.6275367334655905,-0.657071610758498,-0.9113170635390195,-0.24323843356268768,-0.3640292291549833,-0.39020677170490176,4.874121045917249,-2.600445742778078,-2.5601402435979375,-0.4590040416244518,-0.42009982327484086,-0.4095084177672326,-0.47812174930616536,-0.6937198234332901,-0.36377731707416694,1.1228844843604313,0.0,-0.48115281375605506,0.0514873567350155,-0.10877146761597566,-0.5061255869765293,-0.18935831,-0.6290281693677006,0.16666666666666666,1.0,2.9840697576926303,0.04155776090785112,0.06832298136645963,1.5813953488372092,2.067793208515659e-05,0.014705882352941176,1.4048495406142002e-05,1.0,0.004366812227074236,0
0x58598798b123a9d0bb1e2017c6b7c152e3664f6289360170c4a37e1b0251d81c,1,0x1574c2cd8022edc000c62e56ad45a585e344c085,0xc4c319e2d4d66cca4464c0c2b32c9bd23ebe784e,2024-02-16 12:55:59.000000 UTC,47996,27316171190,10340146,26748,0.0,1068,2,3,5089,5163,0.9856672477241913,637,1089,1133,0.9611650485436893,327,20,0x58598798b123a9d0bb1e2017c6b7c152e3664f6289360170c4a37e1b0251d81c,6,3,2,1747,884,6013016,178,1230,8252001,3,1,1,1,1,-0.606976978666884,-0.16820694354846008,-0.1741001811186132,1.014172440122365,0.5611280568887862,0.5455597829673007,1.2530464316974663,1.7300084583248931,-0.22817364253688996,-0.2932646687211174,-0.4619055424775339,-0.035929574884201135,1.1253052412046929,1.1724450467668397,0.3708204168364423,0.7211351764526498,0.7753291125120809,-0.6185868959949823,-0.9234868987105581,-0.9549154573196882,-0.8905635565617213,-0.7359800721939873,-0.7145392942366308,0.2705937340540151,0.03323487841487569,-0.7450608997928031,-0.18935831,0.5071507452237815,0.5,0.7197740112994351,2.9553520320549516,0.0008463305525329464,0.26563769293257516,6.365168539325842,0.00013196797577121286,0.00529567519858782,0.0011621150493898896,2.0,0.004709576138147566,0
0x6817c7a9ce198c2cf0c6aeac87eea52cfacde44033eca5aec7bd41d6cdc0d334,1,0x0a27f53e3d044465d07607ef7a048e71809f295e,0xc4c319e2d4d66cca4464c0c2b32c9bd23ebe784e,2024-03-23 04:13:59.000000 UTC,31997,14978624828,15068296,26748,0.0,343,2,2,5090,5164,0.9856700232378002,638,349,357,0.9775910364145658,125,21,0x6817c7a9ce198c2cf0c6aeac87eea52cfacde44033eca5aec7bd41d6cdc0d334,6,5,2,1747,920,6267270,114,1210,8141652,3,1,1,1,1,-0.606976978666884,-0.168151149602817,-0.1740489714175709,1.0196266718822535,-0.3038750530014667,-0.3092035003678388,-0.05934759747295809,1.8853805478462997,-0.22817364253688996,-0.2225001082872515,-0.4619055424775339,-0.035929574884201135,1.3297671854476498,1.3887530952259657,-0.022577844952426016,0.690620871647102,0.7489875442250448,-0.6185868959949823,-0.9234868987105581,-0.9549154573196882,-0.8905635565617213,-0.7359800721939873,-0.7350328716660013,-0.8922605554557351,0.9825036643584787,-0.7450608997928031,-0.18935831,-0.3012199251185389,0.5,0.6927252985884907,2.9559244419004007,0.0008121557213658066,0.10322047894302229,3.1315789473684212,4.286598802479054e-05,0.01680672268907563,0.0011618900077459333,1.2,0.007836990595611285,0
0xc36c4e9b55a82e4f06d03825d04bd410cf41bc1b151c948be3c3a0157896bc1a,1,0xccc526e2433db1eebb9cbf6acd7f03a19408278c,0xc69a24111142d35e19bc07fb2f31c83d7b40766d,2023-08-01 23:28:23.000000 UTC,4518469,21688218646,11411569,2647146,0.0,6,2,32,1,1,1.0,1,12,12,1.0,4,1,0xc36c4e9b55a82e4f06d03825d04bd410cf41bc1b151c948be3c3a0157896bc1a,1,1,308,1,0,0,4,7,49955,85,20,8,1,9,-0.606976978666884,-0.4520865389804483,-0.43844465789904746,-2.454718959166792,-0.6978021449379738,-0.6892206817475078,-0.8454846149463312,-1.222061242581833,-0.24323843356268768,-0.3640292291549833,5.023050421628824,-0.4237229608668914,-3.8953713896501387,-3.943162795444097,-0.6987311074020434,-1.144814562406603,-1.1825930689522897,5.140484118246512,3.4420875315575348,1.1140680335396362,-0.8905635565617213,5.151860505357911,5.011817638784817,-0.25985928836419653,0.24834404594172085,3.9231885472183663,-0.18935831,-0.6769729125742106,0.003246753246753247,1.0,1.0,1.0,0.5,3.0,0.00024021138601969732,0.08333333333333333,1.0,1.0,1.0,0
0xe3f0685f3eae5c35feff9713f104d7fb8e10b3c27aa6d6a5894d0511324ff76d,4,0xb4adb7794432dae7e78c2258ff350fba88250c32,0x3bcf3db69897125aa61496fc8a8b55a5e3f245d5,2023-07-30 17:02:47.000000 UTC,993618,38625740084,4262228,886535,0.0,1502,2,44,596,600,0.9933333333333333,174,1434,1505,0.9528239202657808,374,1,0xe3f0685f3eae5c35feff9713f104d7fb8e10b3c27aa6d6a5894d0511324ff76d,317,104,32,8,761,5078214,112,992,6576025,19,7,9,1,2,0.7457145737907431,-0.41888914132281607,-0.40777004697470026,-1.5111368647060621,0.9644065337970799,0.9553174394114655,1.5584054384846444,-1.222061242581833,0.7088563592677278,3.280345633189112,0.07583523831720704,-0.4221682336607752,0.4267269317079233,0.37715688486697657,-0.034871540633328146,0.3580149492666301,0.37525447430572,0.5051342775155531,0.4551155529530502,1.409637103662397,-0.8905635565617213,0.0,0.49673501515246693,1.336557768961359,-1.1870262894678631,0.7866530563685863,-0.18935831,0.9910581534011152,0.125,0.2283464566929134,75.0,0.000117364073793646,0.3766364551863041,13.4375,0.00021806483125218787,0.2106312292358804,0.5283333333333333,3.048076923076923,0.5977011494252874,0
0x2dbbad64d0d5767ec042b035a79759b38d77a4c0a26ad90a7c5f21db15903eef,1,0x55ddf7dd43b2c59c91843b6b02efa87caacde041,0xc4c319e2d4d66cca4464c0c2b32c9bd23ebe784e,2023-07-30 16:52:11.000000 UTC,134980,27232562109,2746541,80528,1e+16,44,2,45,5071,5145,0.9856171039844509,627,46,46,1.0,7,2,0x2dbbad64d0d5767ec042b035a79759b38d77a4c0a26ad90a7c5f21db15903eef,1,1,2,1746,683,4579572,12,222,1584356,3,1,1,1,1,-0.606976978666884,-0.1692112345700355,-0.1750219557373749,0.9596301225234789,-0.6580587588078811,-0.6517697131477723,-0.825993614513107,-1.066689153060426,-0.24323843356268768,-0.3640292291549833,-0.4619055424775339,-0.036151678770789154,-0.01627394748515003,-0.04706565597704348,-0.6495563246784348,-0.8167857857469633,-0.8163140023436518,-0.6185868959949823,-0.9234868987105581,-0.9549154573196882,-0.8905635565617213,-0.7359800721939873,-0.6031189967732667,0.26271330340515653,-1.4913301627291813,-0.6492516161418994,6.375063,-0.6346031395079924,0.5,0.9166666666666666,2.9467353951890036,0.0011073084761395876,0.03139013452914798,3.8333333333333335,2.903386042413421e-05,0.021739130434782608,0.00019436345966958212,1.0,0.001594896331738437,0
0xe463b5b306186f73e716a5354b0aff77074bea5a776c07692a0d554cdd49d86c,4,0x95db1ec5efb15ed00781b9d5e95903b5ae7e80e3,0x48bc302d8295fea1f8c3e7f57d4ddc9981fee410,2023-07-31 18:26:11.000000 UTC,910741,27707436928,12171519,835113,0.0,31,2,33,1060,1064,0.9962406015037594,364,34,34,1.0,4,11,0xe463b5b306186f73e716a5354b0aff77074bea5a776c07692a0d554cdd49d86c,2,2,30,453,660,4432609,10,29,208287,17,7,7,2,2,0.7457145737907431,-0.3930007505444272,-0.38400874569106574,-0.4748328303272259,-0.6720858362655608,-0.664987702065326,-0.8454846149463312,0.33165965263223346,-0.24022547535752814,-0.32864694893805035,0.03998585293089098,-0.32333200412910446,-0.14690241186259473,-0.17209527095143334,-0.661850020359337,-1.1112488271205003,-1.1447974098160674,0.3646691308267362,0.4551155529530502,0.8184989634168756,1.1228844843604313,0.0,0.39057549164387656,0.3074718156775108,0.40091890373553896,0.6950445590852696,-0.18935831,-0.6490980618727512,0.13333333333333333,0.5506807866868382,2.34878587196468,0.00023913676141144833,0.13333333333333333,3.4,0.0001632355200491627,0.058823529411764705,0.0018796992481203006,1.0,0.005494505494505495,0
0x5bd89a0ab71036ad7df60ae714a8dcc96800c7f9d13c82b52c0ab277967db5c4,1,0x5a85de2d663d78286d1f509f1e71954a6e74dc24,0xc4c319e2d4d66cca4464c0c2b32c9bd23ebe784e,2023-12-22 05:09:59.000000 UTC,81558,24178603693,18244287,49139,0.0,50,2,7,5085,5159,0.9856561349098663,634,55,55,1.0,12,16,0x5bd89a0ab71036ad7df60ae714a8dcc96800c7f9d13c82b52c0ab277967db5c4,5,4,2,1747,828,5611633,16,555,3872567,3,1,1,1,1,-0.606976978666884,-0.16843011933103239,-0.17430501992278247,0.9978097448426991,-0.6475384507146212,-0.641856221459607,-0.7935086137910669,1.1085201002392666,-0.2311866007420495,-0.25788238850418443,-0.4619055424775339,-0.035929574884201135,0.807253327937871,0.8309661578814365,-0.6249689333166306,-0.30872261073459106,-0.270091867918806,-0.6185868959949823,-0.9234868987105581,-0.9549154573196882,-0.8905635565617213,-0.7359800721939873,-0.6715487669733936,-0.02513231352951498,1.6201461081764221,-0.7051712443404531,-0.18935831,-0.6279131753396422,0.5,0.7647768395657418,2.953062392673154,0.0009061531810520786,0.02158273381294964,3.4375,1.4202462035527846e-05,0.09090909090909091,0.0009691800736576856,1.25,0.006309148264984227,0
0xf5a9b3d5bce109fe1faf5ff0cfc4bc0908e150afefb83995596c248975471c14,1,0x0a27f53e3d044465d07607ef7a048e71809f295e,0xc4c319e2d4d66cca4464c0c2b32c9bd23ebe784e,2023-10-20 10:01:35.000000 UTC,31628,9826917128,11969499,26748,0.0,317,2,19,5076,5150,0.9856310679611651,630,327,329,0.993920972644377,121,7,0xf5a9b3d5bce109fe1faf5ff0cfc4bc0908e150afefb83995596c248975471c14,5,4,2,1746,765,5163228,114,1055,7037610,3,1,1,1,1,-0.606976978666884,-0.1689322648418201,-0.17476590723216331,0.9759928178031447,-0.32959136167387965,-0.34004547450879746,-0.08533559805059025,-0.28982870545339307,-0.2311866007420495,-0.25788238850418443,-0.4619055424775339,-0.036151678770789154,0.4494449255126963,0.44948303285955143,-0.022577844952426016,0.4541350094041059,0.4854400926418317,-0.6185868959949823,-0.9234868987105581,-0.9549154573196882,-0.8905635565617213,-0.7359800721939873,-0.735505534336883,-1.377825936243028,0.36035942907074897,-0.7450608997928031,-0.18935831,-0.3302097698480566,0.5,0.8224543080939948,2.9495990836197024,0.0009831057270556856,0.11458333333333333,2.8859649122807016,4.646463125057637e-05,0.015197568389057751,0.000970873786407767,1.25,0.006349206349206349,0
0x8ab1d3c7a9310810e897d1afb3dd4c299a50463713ea32cabcf94ed07e92dc56,1,0x047fb958e8c3a563cbd2897072efa59c9df4d6b5,0xc4c319e2d4d66cca4464c0c2b32c9bd23ebe784e,2023-12-07 12:52:35.000000 UTC,600000,38993488007,969994,64076,0.0,44,2,9,5083,5157,0.9856505720380065,633,47,49,0.9591836734693877,4,14,0x8ab1d3c7a9310810e897d1afb3dd4c299a50463713ea32cabcf94ed07e92dc56,5,1,2,1747,813,5506956,20,30,216955,3,1,1,1,1,-0.606976978666884,-0.16854170722231854,-0.1744074393248671,0.9923555130828106,-0.6568898356864078,-0.6484652159183839,-0.8454846149463312,0.7977759211964534,-0.2311866007420495,-0.3640292291549833,-0.4619055424775339,-0.035929574884201135,0.7220608511699722,0.741911599886062,-0.6003815419548263,-1.1097231118802229,-1.1427282590860015,-0.6185868959949823,-0.9234868987105581,-0.9549154573196882,-0.8905635565617213,-0.7359800721939873,-0.007461557170425178,1.3712192192344852,-1.84800679394049,-0.6785609195004838,-0.18935831,-0.6346031395079924,0.5,0.7776412776412777,2.9519175729822553,0.0009230142890166021,0.12903225806451613,2.45,0.00021663378749608216,0.10204081632653061,0.0009695559433779329,5.0,0.001579778830963665,0
0xc2c9d394076826f5caaf314f493b9f9403750e7ab3ce7758ca04156be19e6229,4,0xe651b64f2c2ad84603a8548b37d0173d417958af,0x48bc302d8295fea1f8c3e7f57d4ddc9981fee410,2023-07-30 16:39:47.000000 UTC,910469,29240338486,9999710,835113,0.0,196,2,47,1048,1052,0.9961977186311787,363,204,207,0.9855072463768116,88,2,0xc2c9d394076826f5caaf314f493b9f9403750e7ab3ce7758ca04156be19e6229,1,1,30,449,659,4424930,57,847,5635223,17,7,7,2,2,0.7457145737907431,-0.39367027789214415,-0.3846232621035735,-0.4802870620871145,-0.47336890561509737,-0.4744283618372601,-0.29973660281605563,-1.066689153060426,-0.24323843356268768,-0.3640292291549833,0.03998585293089098,-0.3242204196754565,-0.15258191031378798,-0.17862822423483352,-0.37294817185813683,0.13678623942640794,0.15067427758821283,0.3646691308267362,0.4551155529530502,0.8184989634168756,1.1228844843604313,0.0,0.3902270790517902,0.4519528250949714,-0.03511432125338704,0.6950445590852696,-0.18935831,-0.46512404724311973,0.13333333333333333,0.55,2.3429844097995547,0.00023683985128807657,0.10377358490566038,3.6315789473684212,3.620086796904613e-05,0.004830917874396135,0.0009505703422053232,1.0,0.0027548209366391185,0
0x61c23df577333f3f07e50fd5587215c7f125c366fe1505e0bdf8f71d5619fd91,1,0x574fb6a08599def6588a7815d670a948b6ef8646,0x48bc302d8295fea1f8c3e7f57d4ddc9981fee410,2023-09-23 12:19:11.000000 UTC,183342,7372920844,10630567,178542,0.0,658,2,22,1078,1082,0.9963031423290203,377,630,670,0.9402985074626866,147,18,0x61c23df577333f3f07e50fd5587215c7f125c366fe1505e0bdf8f71d5619fd91,1,1,11,460,714,4816315,201,1131,7511931,7,5,3,2,2,-0.606976978666884,-0.3919964595228518,-0.38308697107230405,-0.40392781744867395,0.02459234413253475,0.035565710565020316,0.08358640570401883,1.4192642792820798,-0.24323843356268768,-0.3640292291549833,-0.3005833082391116,-0.32177727692298824,0.15979050450184065,0.15434480881941537,0.5121979171668168,0.5700893676651878,0.5986659398309796,-0.3376566026173484,-0.004418597601485909,-0.36377731707416694,1.1228844843604313,0.0,-0.541170725528863,-1.6091231505805303,0.09154258652111748,-0.4746392857633261,-0.18935831,0.05000319371984853,0.09090909090909091,0.5272727272727272,2.3521739130434782,0.0002238225232729746,0.12985865724381626,3.3333333333333335,8.386657387207445e-05,0.0014925373134328358,0.0009242144177449168,1.0,0.002652519893899204,0
0x65db6b346fc62537b4d238a3df3a1a16c0fd67cd950f1677267988cf2c50a2ff,1,0xfd0169ac61763adc2168237757dc7e4a792b2a43,0x0000000000a84d1a9b0063a910315c7ffa9cd248,2023-07-30 16:13:47.000000 UTC,320000,24674410524,1976842,216405,17806964.0,1617,2,50,35917,38931,0.922580976599625,344,1621,1621,1.0,148,6,0x65db6b346fc62537b4d238a3df3a1a16c0fd67cd950f1677267988cf2c50a2ff,1616,145,16,10,343,2426208,3,269,1914565,10,5,4,2,4,-0.606976978666884,1.5518088127363934,1.5551490036783073,-0.5839174655249981,1.1829951575125897,1.0830913322811513,0.09008340584842688,-0.4452007949747997,4.622689067769973,4.731019122083363,-0.21095984477332147,-0.42172402588759916,-1.9473034208908544,-1.8790524269310391,-0.7048779552424945,-0.7450771694539258,-0.7374893376661837,-0.12695888258412302,-0.004418597601485909,-0.06820824695140631,1.1228844843604313,1.4719601443879746,-0.3661215784357377,0.02159910966273173,-1.645862323356912,-0.4071862008456213,-0.18935828,1.119282466627828,0.0625,1.0,3893.1,0.014803753510105683,0.5481481481481482,540.3333333333334,0.0008466670775517794,0.9969154842689698,0.04150933703218515,11.144827586206896,0.42151162790697677,0
0x7c02e613354bcbf2d024c0f6dab5a4106af9da4da86e879ec33fe60927ba6e26,4,0x5a85de2d663d78286d1f509f1e71954a6e74dc24,0x48bc302d8295fea1f8c3e7f57d4ddc9981fee410,2023-07-30 16:36:35.000000 UTC,927829,29543002086,17070839,852201,0.0,25,2,48,1047,1051,0.9961941008563273,363,29,29,1.0,7,1,0x7c02e613354bcbf2d024c0f6dab5a4106af9da4da86e879ec33fe60927ba6e26,2,2,30,448,659,4424914,12,410,2840430,17,7,7,2,2,0.7457145737907431,-0.39372607183778724,-0.38467447180461584,-0.4802870620871145,-0.6779304518729274,-0.6704951974476401,-0.825993614513107,-1.222061242581833,-0.24022547535752814,-0.32864694893805035,0.03998585293089098,-0.32444252356204456,-0.15258191031378798,-0.17864183632658173,-0.6495563246784348,-0.5299513205748132,-0.5164747736730643,0.3646691308267362,0.4551155529530502,0.8184989634168756,1.1228844843604313,0.0,0.4124640003702396,0.4804798640386702,1.3845534221728162,0.7254868989704805,-0.18935831,-0.6557880260411015,0.13333333333333333,0.55,2.345982142857143,0.00023661471463293644,0.0170316301703163,2.4166666666666665,1.0209718173051907e-05,0.06896551724137931,0.0019029495718363464,1.0,0.005509641873278237,0
0x35af0654a360edf085988637a05036406154be2d0748435f76b1d567f2d908fb,1,0x1574c2cd8022edc000c62e56ad45a585e344c085,0xc4c319e2d4d66cca4464c0c2b32c9bd23ebe784e,2024-02-16 12:55:47.000000 UTC,47996,28390374386,7696258,26748,0.0,1067,2,4,5088,5162,0.9856644711352189,637,1088,1132,0.9611307420494699,327,19,0x35af0654a360edf085988637a05036406154be2d0748435f76b1d567f2d908fb,5,3,2,1747,884,6013015,178,1230,8252000,3,1,1,1,1,-0.606976978666884,-0.16826273749410314,-0.1741513908196555,1.014172440122365,0.5599591337673129,0.544458283890838,1.2530464316974663,1.5746363688034863,-0.2311866007420495,-0.2932646687211174,-0.4619055424775339,-0.035929574884201135,1.1253052412046929,1.1724441960111056,0.3708204168364423,0.7211351764526498,0.7753288738006446,-0.6185868959949823,-0.9234868987105581,-0.9549154573196882,-0.8905635565617213,-0.7359800721939873,-0.7145392942366308,0.37184091543207876,-0.4975774587425454,-0.7450608997928031,-0.18935831,0.5060357511957231,0.5,0.7197740112994351,2.954779622209502,0.0008461643873889576,0.26563769293257516,6.359550561797753,0.00013184680903456024,0.00441696113074205,0.0009686168151879117,1.6666666666666667,0.004709576138147566,0
0x06a9ffc83aae39991bc9bcae582f18dd0e8347e7ba2fc61ab9325de27abe2424,1,0x047fb958e8c3a563cbd2897072efa59c9df4d6b5,0xc4c319e2d4d66cca4464c0c2b32c9bd23ebe784e,2023-12-07 12:56:23.000000 UTC,600000,37973021868,18935959,64076,0.0,45,2,8,5084,5158,0.9856533540131834,633,48,50,0.96,4,15,0x06a9ffc83aae39991bc9bcae582f18dd0e8347e7ba2fc61ab9325de27abe2424,6,1,2,1747,813,5506975,20,30,216974,3,1,1,1,1,-0.606976978666884,-0.16848591327667548,-0.17435622962382477,0.9923555130828106,-0.6557209125649345,-0.6473637168419211,-0.8454846149463312,0.9531480107178599,-0.22817364253688996,-0.3640292291549833,-0.4619055424775339,-0.035929574884201135,0.7220608511699722,0.741927764245013,-0.6003815419548263,-1.1097231118802229,-1.1427237235687113,-0.6185868959949823,-0.9234868987105581,-0.9549154573196882,-0.8905635565617213,-0.7359800721939873,-0.007461557170425178,1.275036932074817,1.7590128191968388,-0.6785609195004838,-0.18935831,-0.633488145479934,0.5,0.7776412776412777,2.9524899828277045,0.0009231926923233368,0.12903225806451613,2.5,0.00022122364327687523,0.12,0.0011632415664986429,6.0,0.001579778830963665,0
0xe815c0f2755a2c73f136656d160d93a868d149378fa7d751290077dc809cf77e,4,0x8a7f162daac546997cc36b6b7c528a21800507b9,0x48bc302d8295fea1f8c3e7f57d4ddc9981fee410,2023-08-02 03:30:59.000000 UTC,927829,16222188400,15799403,852201,0.0,1027,1,31,1061,1065,0.996244131455399,365,1045,1045,1.0,213,12,0xe815c0f2755a2c73f136656d160d93a868d149378fa7d751290077dc809cf77e,1,1,30,454,662,4442479,253,808,5380636,17,7,7,2,2,0.7457145737907431,-0.3929449565987841,-0.3839575359900234,-0.4693785985673373,0.5096954395439603,0.44862786423857354,0.5123884152349496,0.4870317421536401,-0.24323843356268768,-0.3640292291549833,0.03998585293089098,-0.3231099002425164,-0.13554341496020825,-0.16369831185426448,0.8318340048702724,0.07728334505558959,0.08990144914851989,0.3646691308267362,0.4551155529530502,0.8184989634168756,1.1228844843604313,0.0,0.4124640003702396,-0.7750506020704944,1.1292877245691042,0.7254868989704805,-0.18935831,0.4614359900733881,0.13333333333333333,0.55052790346908,2.345814977973568,0.00023883056310889414,0.26328800988875156,4.130434782608695,0.00019421492287994898,0.0009569377990430622,0.0009389671361502347,1.0,0.0027397260273972603,0
0xd69b0fa2f60ce21661ecbbcf8a68c9ded560e0745034b19836baca90ae3f136c,1,0x047fb958e8c3a563cbd2897072efa59c9df4d6b5,0x12dcd9e8d1577b5e4f066d8e7d404404ef045342,2023-12-07 12:24:35.000000 UTC,861465,45893961435,13094241,543643,0.0,39,2,14,168,170,0.9882352941176471,59,41,43,0.9534883720930233,4,1,0xd69b0fa2f60ce21661ecbbcf8a68c9ded560e0745034b19836baca90ae3f136c,1,1,18,74,792,5366480,19,30,216816,11,12,5,1,6,-0.606976978666884,-0.44276895005805406,-0.42979021842289605,-2.1383735170932523,-0.6639033744152476,-0.6550742103771607,-0.8454846149463312,-1.222061242581833,-0.24323843356268768,-0.3640292291549833,-0.1751104593870054,-0.4075093771459656,0.602791383694914,0.6224008373598316,-0.6065283897952773,-1.1097231118802229,-1.1427614399756507,-0.05672630923971458,1.6039509293393905,0.2273608231713543,-0.8905635565617213,2.9439202887759492,0.327456451615771,2.0216115168563817,0.5861734309192055,0.1757895961672909,-0.18935831,-0.6401781096482843,0.05555555555555555,0.07440100882723834,2.2972972972972974,3.130543087732911e-05,0.12903225806451613,2.263157894736842,0.0001890995632261308,0.023255813953488372,0.0058823529411764705,1.0,0.01694915254237288,0
0xd822541c74729930fb93a126449f4219d4a82adcad1136bfa836c83c61b88f9e,4,0xc4e24ff2dee71ff59a3bbb84989a1d2d2426b201,0x48bc302d8295fea1f8c3e7f57d4ddc9981fee410,2023-07-30 18:53:11.000000 UTC,927805,17189972746,10933462,856977,0.0,453,2,40,1052,1056,0.9962121212121212,363,461,475,0.9705263157894737,133,5,0xd822541c74729930fb93a126449f4219d4a82adcad1136bfa836c83c61b88f9e,3,3,30,450,659,4425592,95,898,5967654,17,7,7,2,2,0.7457145737907431,-0.39344710210957184,-0.38441842329940423,-0.4802870620871145,-0.17295566339645543,-0.17922660934522738,-0.007371596317693754,-0.6005728844962063,-0.2372125171523686,-0.2932646687211174,0.03998585293089098,-0.3239983157888685,-0.15258191031378798,-0.1780650239387519,-0.1393679539209963,0.21459771668055505,0.23002935907719524,0.3646691308267362,0.4551155529530502,0.8184989634168756,1.1228844843604313,0.0,0.4124332580827026,-0.6838337470293065,0.1523546946222538,0.7339953619440156,-0.18935831,-0.1785705820321179,0.13333333333333333,0.55,2.3466666666666667,0.00023770825740188943,0.14794215795328142,5.0,7.724977398995083e-05,0.00631578947368421,0.002840909090909091,1.0,0.008264462809917356,0
0x009b9b08c6f4dbf6b4f9625369132ef70bf852855d716211a0ab9d33ef5b5713,1,0x047fb958e8c3a563cbd2897072efa59c9df4d6b5,0xc4c319e2d4d66cca4464c0c2b32c9bd23ebe784e,2023-12-07 12:51:47.000000 UTC,600000,40314746849,15800331,64076,0.0,42,2,11,5081,5155,0.9856450048496606,633,45,47,0.9574468085106383,4,12,0x009b9b08c6f4dbf6b4f9625369132ef70bf852855d716211a0ab9d33ef5b5713,3,1,2,1747,813,5506952,20,30,216951,3,1,1,1,1,-0.606976978666884,-0.16865329511360472,-0.1745098587269517,0.9923555130828106,-0.6592276819293544,-0.6506682140713095,-0.8454846149463312,0.4870317421536401,-0.2372125171523686,-0.3640292291549833,-0.4619055424775339,-0.035929574884201135,0.7220608511699722,0.741908196863125,-0.6003815419548263,-1.1097231118802229,-1.1427292139317469,-0.6185868959949823,-0.9234868987105581,-0.9549154573196882,-0.8905635565617213,-0.7359800721939873,-0.007461557170425178,1.4957522071472713,1.1294740387582387,-0.6785609195004838,-0.18935831,-0.6368331275641091,0.5,0.7776412776412777,2.9507727532913566,0.0009226517822105981,0.12903225806451613,2.35,0.0002074191526236218,0.06382978723404255,0.0005819592628516004,3.0,0.001579778830963665,0
0x2200df2c3d265b80eb4d58c613adab8da055e9e8c9ae1643ec2107c589188758,10,0xde9e6fb9dc88e8eb25caeb85972faf842e171431,0xbc0cf20ac9fc670fed9b3f230f2e8a2676451e37,2023-11-28 05:27:47.000000 UTC,455212,34971630476,7635411,274179,0.0,431,2,15,10,10,1.0,8,435,449,0.9688195991091314,111,1,0x2200df2c3d265b80eb4d58c613adab8da055e9e8c9ae1643ec2107c589188758,2,2,45,4,385,2743352,99,753,5109039,11,10,7,1,3,3.451097678705997,-0.4515843934696606,-0.4379837705896666,-2.4165393368475714,-0.20334766455476164,-0.2078655853332604,-0.15030559949467068,-1.222061242581833,-0.24022547535752814,-0.32864694893805035,0.30885624332826145,-0.4230566492071273,-1.708764485940738,-1.6092403503441575,-0.11478056255919203,-0.006630993159667082,0.025068139176937343,-0.05672630923971458,1.1444167787848543,0.8184989634168756,-0.8905635565617213,0.7359800721939873,-0.19292465416671828,0.9921459299032104,-0.5097936866156693,-0.3042615903278208,-0.18935831,-0.2031004506494021,0.2222222222222222,0.02072538860103627,2.5,3.645174354157121e-06,0.14721485411140584,4.5353535353535355,8.514319715641295e-05,0.004454342984409799,0.2,1.0,0.25,0
0x5945cad94dd5bbdb1954738ecd2ae543c0088ec73a1b924345e6c717742ecb34,1,0xdd038292fe179d655f03c83a3438221dc28f6383,0xc4c319e2d4d66cca4464c0c2b32c9bd23ebe784e,2023-07-30 17:08:11.000000 UTC,49383,29764377954,12555357,48696,0.0,235,2,42,5073,5147,0.9856226928307752,627,266,272,0.9779411764705882,66,4,0x5945cad94dd5bbdb1954738ecd2ae543c0088ec73a1b924345e6c717742ecb34,2,2,2,1746,683,4579651,109,259,1844896,3,1,1,1,1,-0.606976978666884,-0.16909964667874935,-0.17491953633529025,0.9596301225234789,-0.4008956720837518,-0.40283092186717756,-0.4426706059930326,-0.755944974017613,-0.24022547535752814,-0.32864694893805035,-0.4619055424775339,-0.036151678770789154,-0.01627394748515003,-0.04699844627403676,-0.053312084154681354,-0.7603343218566997,-0.7541201247235158,-0.6185868959949823,-0.9234868987105581,-0.9549154573196882,-0.8905635565617213,-0.7359800721939873,-0.7127626462027201,0.501345267105412,0.4779819055986399,-0.7059604506003517,-0.18935831,-0.4216392801488432,0.5,0.9166666666666666,2.947880870561283,0.0011077260892312342,0.25384615384615383,2.4954128440366974,0.00014418149089081937,0.007352941176470588,0.0003885758694385079,1.0,0.003189792663476874,0
0x840140cecab94fe481ff1df6fe655273ddd8df91bed737adcbe7e1a2e5893196,4,0x7e847356f13e2c86aeb08522020789a8364d6086,0x48bc302d8295fea1f8c3e7f57d4ddc9981fee410,2023-07-30 19:53:23.000000 UTC,927829,28836239930,7164968,852201,0.0,75,2,39,1053,1057,0.9962157048249763,363,76,76,1.0,20,6,0x840140cecab94fe481ff1df6fe655273ddd8df91bed737adcbe7e1a2e5893196,1,1,30,451,659,4425892,40,806,5369039,17,7,7,2,2,0.7457145737907431,-0.39339130816392875,-0.38436721359836196,-0.4802870620871145,-0.6229910651636816,-0.6187247408538881,-0.7415326126358025,-0.4452007949747997,-0.24323843356268768,-0.3640292291549833,0.03998585293089098,-0.3237762119022805,-0.15258191031378798,-0.1778097972184732,-0.477444585145805,0.0742319145750348,0.08713311262145794,0.3646691308267362,0.4551155529530502,0.8184989634168756,1.1228844843604313,0.0,0.4124640003702396,0.4138652082024728,-0.6042443397179749,0.7254868989704805,-0.18935831,-0.6000383246381829,0.13333333333333333,0.55,2.343680709534368,0.00023791808794293038,0.024783147459727387,1.9,1.4155230730260904e-05,0.013157894736842105,0.000946073793755913,1.0,0.0027548209366391185,0
0xd6275f41036374ea7ebdabfa6ef7a8360fe257ebae5c2be0830750413bab78f4,1,0x047fb958e8c3a563cbd2897072efa59c9df4d6b5,0xc4c319e2d4d66cca4464c0c2b32c9bd23ebe784e,2023-12-07 12:52:23.000000 UTC,600000,40141926285,11337974,64088,0.0,43,2,10,5082,5156,0.9856477889837083,633,46,48,0.9583333333333334,4,13,0xd6275f41036374ea7ebdabfa6ef7a8360fe257ebae5c2be0830750413bab78f4,4,1,2,1747,813,5506955,20,30,216954,3,1,1,1,1,-0.606976978666884,-0.16859750116796163,-0.1744586490259094,0.9923555130828106,-0.6580587588078811,-0.6495667149948466,-0.8454846149463312,0.6424038316750467,-0.23419955894720904,-0.3640292291549833,-0.4619055424775339,-0.035929574884201135,0.7220608511699722,0.7419107491303278,-0.6003815419548263,-1.1097231118802229,-1.142728497797438,-0.6185868959949823,-0.9234868987105581,-0.9549154573196882,-0.8905635565617213,-0.7359800721939873,-0.007461557170425178,1.4794633010498748,0.2335684072032038,-0.6785395414528116,-0.18935831,-0.6357181335360508,0.5,0.7776412776412777,2.951345163136806,0.0009228328681035403,0.12903225806451613,2.4,0.00021202553524924523,0.08333333333333333,0.0007757951900698216,4.0,0.001579778830963665,0
0x928d94c3d24dd6d0a511ab783c1b2017baca9da11a55c343fac69516849a090c,1,0x0d67ba20969fc75824be13ed7bc941c8e00ab03a,0x99a58482bd75cbab83b27ec03ca68ff489b5788f,2023-07-30 15:46:59.000000 UTC,222532,21674131632,6727885,136944,5000000000000000.0,326,2,52,67511,71126,0.9491747040463403,229,383,394,0.9720812182741116,131,2,0x928d94c3d24dd6d0a511ab783c1b2017baca9da11a55c343fac69516849a090c,5,1,6,23835,228,1625506,121,736,4919435,5,3,3,1,2,-0.606976978666884,3.3145627313838455,3.203845328735665,-1.2111541179121885,-0.264131666871374,-0.26844803453871485,-0.02036559660650984,-1.066689153060426,-0.2311866007420495,-0.3640292291549833,-0.39020677170490176,4.869901072072077,-2.600445742778078,-2.5602542448663286,0.020450089930731455,-0.03256815224438278,-0.020192503996042978,-0.47812174930616536,-0.463952748156022,-0.36377731707416694,-0.8905635565617213,0.0,-0.49097113183819296,-0.26118703572786506,-0.6919973189522606,-0.5487462880190028,3.092852,-0.3201748235955313,0.16666666666666666,1.0,2.9840990140549613,0.04153227270014832,0.17774762550881953,3.256198347107438,7.785445323406992e-05,0.012690355329949238,7.029778140201896e-05,5.0,0.004366812227074236,0
0x38eea21bbc3f4e5950b7c3fdc720c2d858e83adb4d828fd0c8932ecc0d9fc9bb,1,0x95db1ec5efb15ed00781b9d5e95903b5ae7e80e3,0xc4c319e2d4d66cca4464c0c2b32c9bd23ebe784e,2023-08-02 10:17:47.000000 UTC,43174,21099325336,9228017,28748,0.0,36,2,30,5075,5149,0.9856282773354049,629,39,40,0.975,5,6,0x38eea21bbc3f4e5950b7c3fdc720c2d858e83adb4d828fd0c8932ecc0d9fc9bb,6,4,2,1746,686,4599085,12,31,220181,3,1,1,1,1,-0.606976978666884,-0.16898805878746317,-0.17481711693320562,0.9705385860432562,-0.6662412206581942,-0.6583787076065492,-0.8389876148019232,-0.4452007949747997,-0.22817364253688996,-0.25788238850418443,-0.4619055424775339,-0.036151678770789154,0.0007645478684297114,-0.03046485933438329,-0.6495563246784348,-1.1081973966399454,-1.1419581759924167,-0.6185868959949823,-0.9234868987105581,-0.9549154573196882,-0.8905635565617213,-0.7359800721939873,-0.7207159321742784,-0.3153644181123846,-0.19004681646423627,-0.7414978918474366,-0.18935831,-0.6435230917324594,0.5,0.9155749636098981,2.9490263459335626,0.0011034801262685672,0.15625,3.3333333333333335,0.0001771261956018203,0.15,0.0011652748106428432,1.5,0.006359300476947536,0
0x906d01b8c6ae8b461ab36e162ed017f80290b61c2412f1da3824c59b6eb0b52a,1,0x047fb958e8c3a563cbd2897072efa59c9df4d6b5,0xc4c319e2d4d66cca4464c0c2b32c9bd23ebe784e,2023-12-07 12:34:11.000000 UTC,83796,46345965084,12732046,55090,0.0,40,2,13,5079,5153,0.9856394333398021,633,42,44,0.9545454545454546,4,10,0x906d01b8c6ae8b461ab36e162ed017f80290b61c2412f1da3824c59b6eb0b52a,1,1,6,1747,813,5506864,20,30,216863,6,4,2,1,4,-0.606976978666884,-0.16876488300489087,-0.17461227812903635,0.9923555130828106,-0.6627344512937743,-0.6539727113006979,-0.8454846149463312,0.1762875631108268,-0.24323843356268768,-0.3640292291549833,-0.39020677170490176,-0.035929574884201135,0.7220608511699722,0.74183333035851,-0.6003815419548263,-1.1097231118802229,-1.1427502205381435,-0.4078891759617569,-0.23418567287875397,-0.6593463871969276,-0.8905635565617213,1.4719601443879746,-0.6686820486605658,2.0642143461946865,0.5134556855167028,-0.6945695141990152,-0.18935831,-0.6390631156202259,0.16666666666666666,0.7776412776412777,2.949627933600458,0.0009223033431907265,0.12903225806451613,2.2,0.0001936697653829128,0.022727272727272728,0.00019406171162429653,1.0,0.001579778830963665,0
0xb1b6e74466b68421500c4dc0b4630f1175dad221e7e0f23ce246d6ded2327b56,1,0xaa673f11cf92e2eefd4cb2f4192bec7013f29b5c,0xc4c319e2d4d66cca4464c0c2b32c9bd23ebe784e,2023-12-29 09:05:47.000000 UTC,47442,25434934136,14794297,26748,0.0,31,2,6,5086,5160,0.9856589147286822,635,43,44,0.9772727272727273,22,17,0xb1b6e74466b68421500c4dc0b4630f1175dad221e7e0f23ce246d6ded2327b56,5,3,2,1747,835,5662655,16,2173,13972510,3,1,1,1,1,-0.606976978666884,-0.16837432538538932,-0.17425381022174014,1.0032639766025877,-0.661565528172301,-0.6539727113006979,-0.7285386123469865,1.2638921897606732,-0.2311866007420495,-0.2932646687211174,-0.4619055424775339,-0.035929574884201135,0.8470098170962237,0.8743734169549673,-0.6249689333166306,2.1598846480342324,2.1408800324126234,-0.6185868959949823,-0.9234868987105581,-0.9549154573196882,-0.8905635565617213,-0.7359800721939873,-0.7152489287072772,0.09328095940325706,0.9274929946293539,-0.7450608997928031,-0.18935831,-0.6490980618727512,0.5,0.7595693779904307,2.953634802518603,0.0008981651013234779,0.010119595216191352,2.75,3.077471186102484e-06,0.11363636363636363,0.0009689922480620155,1.6666666666666667,0.004724409448818898,0
0x019d71ea56aff5f79a0d862dca1d0b3776ae671621d4c695d37a292111f4fcc9,1,0x1b72bac3772050fdcaf468cce7e20deb3cb02d89,0x48bc302d8295fea1f8c3e7f57d4ddc9981fee410,2023-11-16 06:29:47.000000 UTC,160654,22239302058,9184749,155854,0.0,4765,2,17,1079,1083,0.9963065558633426,378,4465,4818,0.9267330842673308,598,19,0x019d71ea56aff5f79a0d862dca1d0b3776ae671621d4c695d37a292111f4fcc9,11,11,11,460,768,5200500,913,1703,11183089,7,5,3,2,2,-0.606976978666884,-0.3919406655772087,-0.3830357613712617,-0.3984735856887854,4.507412514982697,4.604583879732751,3.013733470832046,1.5746363688034863,-0.21310885151109224,-0.010206426985653733,-0.3005833082391116,-0.32177727692298824,0.46648342086627603,0.4811924005869757,4.888753579567977,1.442798485103857,1.4750133389872848,-0.3376566026173484,-0.004418597601485909,-0.36377731707416694,1.1228844843604313,0.0,-0.5702324346805323,-0.20791786575721505,-0.1987337155326262,-0.5150580478955631,-0.18935831,4.629283666955587,0.09090909090909091,0.49154746423927176,2.3543478260869564,0.000207480010099027,0.35093896713615025,5.27710843373494,0.0003992635309203449,0.00228310502283105,0.010156971375807941,1.0,0.0291005291005291,0
0xad21b17bcbd71566a31f71b28a7ba8ce92bcc74c9bb52760ef10c9515d406ba0,1,0x138dd537d56f2f2761a6fc0a2a0ace67d55480fe,0xc4c319e2d4d66cca4464c0c2b32c9bd23ebe784e,2024-01-04 14:33:11.000000 UTC,31628,23074113737,5747466,26748,0.0,3455,2,5,5087,5161,0.9856616934702577,636,3383,3535,0.957001414427157,755,18,0xad21b17bcbd71566a31f71b28a7ba8ce92bcc74c9bb52760ef10c9515d406ba0,7,5,2,1747,841,5707010,686,2426,15226822,3,1,1,1,1,-0.606976978666884,-0.16831853143974623,-0.17420260052069783,1.0087182083624764,3.2426376975485702,3.191360564630967,4.033762493504109,1.4192642792820798,-0.22516068433173042,-0.2225001082872515,-0.4619055424775339,-0.035929574884201135,0.8810868078033832,0.9121086875481715,3.4934191197855844,2.545890603824413,2.440298651532406,-0.6185868959949823,-0.9234868987105581,-0.9549154573196882,-0.8905635565617213,-0.7359800721939873,-0.735505534336883,-0.12923412156898903,-0.888835649767916,-0.7450608997928031,-0.18935831,3.1686414901991173,0.5,0.7553444180522565,2.954207212364053,0.0008913597678364384,0.3110836423568191,5.153061224489796,0.00022217372593087868,0.0019801980198019802,0.0013563262933540012,1.4,0.007861635220125786,0
0xb6d596a5d6aed8afc7f6fbb52ecdd81ad1a3e6b3acca77df870e28ce90c0dd8f,1,0x5a85de2d663d78286d1f509f1e71954a6e74dc24,0xc4c319e2d4d66cca4464c0c2b32c9bd23ebe784e,2023-07-31 01:06:35.000000 UTC,31628,14076699608,23177940,26748,0.0,41,2,37,5074,5148,0.9856254856254856,628,46,46,1.0,8,5,0xb6d596a5d6aed8afc7f6fbb52ecdd81ad1a3e6b3acca77df870e28ce90c0dd8f,4,3,2,1746,684,4582023,13,411,2842957,3,1,1,1,1,-0.606976978666884,-0.16904385273310626,-0.17486832663424792,0.9650843542833675,-0.6580587588078811,-0.6517697131477723,-0.819496614368699,-0.6005728844962063,-0.23419955894720904,-0.2932646687211174,-0.4619055424775339,-0.036151678770789154,-0.010594449033956784,-0.04498045367236659,-0.6434094768379838,-0.5284256053345359,-0.5158715498734708,-0.6185868959949823,-0.9234868987105581,-0.9549154573196882,-0.8905635565617213,-0.7359800721939873,-0.735505534336883,-0.9772699714385098,2.61067364930287,-0.7450608997928031,-0.18935831,-0.6379481215921675,0.5,0.9167883211678832,2.948453608247423,0.0011073708911171134,0.019417475728155338,3.5384615384615383,1.6180330486767656e-05,0.08695652173913043,0.000777000777000777,1.3333333333333333,0.004777070063694267,0
0xc95e40ca9611df0be845ab4cb4e98afa2e98dd7465157a01ca8a63d9acdd5119,2,0x268893bf0047c3376dda9d94cd1d9c7c10ec2ee8,0x3cf54f3a1969be9916dad548f3c084331c4450b5,2023-10-02 00:51:47.000000 UTC,307310,8382773500,1935751,227808,0.0,455,2,20,7345,7498,0.9795945585489464,435,482,483,0.9979296066252588,183,2,0xc95e40ca9611df0be845ab4cb4e98afa2e98dd7465157a01ca8a63d9acdd5119,3,3,15,1073,450,3152175,142,968,6458997,9,5,5,1,3,-0.15607979451434165,-0.04233580217767283,-0.054525529184805764,-0.08758237537513451,-0.14840827784551583,-0.1704146167335249,0.31747841090270834,-1.066689153060426,-0.2372125171523686,-0.2932646687211174,-0.2288845374664795,-0.18562759444452945,-1.3395970866131768,-1.2614318387958425,0.14953389458020386,0.3213977834999726,0.3473185523354686,-0.1971914559285315,-0.004418597601485909,0.2273608231713543,-0.8905635565617213,0.7359800721939873,-0.38237656297094064,-1.5139412190727124,-1.6541121470053175,-0.3868717110451145,-0.18935831,-0.17634059397600116,0.13333333333333333,0.9645232815964523,6.987884436160298,0.0023301363883234945,0.18885448916408668,3.4014084507042255,7.462457799181855e-05,0.006211180124223602,0.00040010669511869834,1.0,0.006896551724137931,0
0xf80e5175fd7ad083f54dd2d375c1cda8ea07e15f7f530214e6305404b915e519,1,0xb97f255b37eef7d47dbe1debbecd1f2ecfc37abe,0x48bc302d8295fea1f8c3e7f57d4ddc9981fee410,2023-08-10 21:59:59.000000 UTC,160654,23805659245,20102602,155854,0.0,975,2,25,1073,1077,0.9962859795728877,372,950,977,0.9723643807574207,177,15,0xf80e5175fd7ad083f54dd2d375c1cda8ea07e15f7f530214e6305404b915e519,1,1,11,456,670,4505164,272,708,4749439,7,5,3,2,2,-0.606976978666884,-0.3922754292510672,-0.3833430195775156,-0.43119897624811704,0.39864774300399547,0.37372592703910257,0.2784964100362601,0.9531480107178599,-0.24323843356268768,-0.3640292291549833,-0.3005833082391116,-0.32266569246934035,-0.09010742735066225,-0.11036868865203243,0.9486241138388427,-0.07528817897214982,-0.060772493325561144,-0.3376566026173484,-0.004418597601485909,-0.36377731707416694,1.1228844843604313,0.0,-0.5702324346805323,-0.06028355336123656,1.9932392680699929,-0.5150580478955631,-0.18935831,0.4034563006143527,0.09090909090909091,0.5543964232488823,2.361842105263158,0.00023817107697498316,0.24964739069111425,3.5919117647058822,0.00020002358172753,0.0010235414534288639,0.0009285051067780873,1.0,0.002688172043010753,0
0x25e2c2155a9f348ef83ac603bae78fba494c952938d7f983122ece234539bfd0,1,0xb234615391112ed2d7d59ed10f9b755d756a1306,0x48bc302d8295fea1f8c3e7f57d4ddc9981fee410,2023-08-26 18:56:35.000000 UTC,183354,12465739435,7186329,178554,0.0,9,2,24,1075,1079,0.9962928637627433,374,18,18,1.0,8,16,0x25e2c2155a9f348ef83ac603bae78fba494c952938d7f983122ece234539bfd0,1,1,11,457,686,4618611,5,42,302029,7,5,3,2,2,-0.606976978666884,-0.392163841359781,-0.383240600175431,-0.4202905127283398,-0.6907886062091338,-0.6826116872887309,-0.819496614368699,1.1085201002392666,-0.24323843356268768,-0.3640292291549833,-0.3005833082391116,-0.32244358858275235,0.0007645478684297114,-0.013853002867177689,-0.6925842595615923,-1.0914145289968942,-1.1224201223520818,-0.3376566026173484,-0.004418597601485909,-0.36377731707416694,1.1228844843604313,0.0,-0.5411553543850944,-1.1291082618438268,-0.5999557002846783,-0.47461790771565393,-0.18935831,-0.6736279304900354,0.09090909090909091,0.5443959243085881,2.361050328227571,0.00023275390961613576,0.18604651162790697,3.6,5.959672880177466e-05,0.05555555555555555,0.0009267840593141798,1.0,0.00267379679144385,0
0x818fcabb1fb498603c506513dafcf12cb43fd26a738717f18f47e00fa64bcf17,1,0xb2e583b8315dd01a02996e76f879c7e98d60b368,0x48bc302d8295fea1f8c3e7f57d4ddc9981fee410,2023-08-08 21:47:11.000000 UTC,160642,25986113362,12637741,155842,0.0,449,2,26,1072,1076,0.9962825278810409,371,509,515,0.9883495145631068,188,14,0x818fcabb1fb498603c506513dafcf12cb43fd26a738717f18f47e00fa64bcf17,4,4,11,455,668,4490811,88,2032,12964866,7,5,3,2,2,-0.606976978666884,-0.3923312231967102,-0.38339422927855793,-0.4366532080080056,-0.11684735356573633,-0.13516664628671504,0.3499634116247486,0.7977759211964534,-0.23419955894720904,-0.25788238850418443,-0.3005833082391116,-0.3228877963559284,-0.10146642425304876,-0.12257958570589918,-0.18239588880415375,1.9447587991551198,1.9003438858682753,-0.3376566026173484,-0.004418597601485909,-0.36377731707416694,1.1228844843604313,0.0,-0.5702478058243008,0.14523141279461219,0.4945221083547237,-0.5150794259432352,-0.18935831,-0.1830305581443514,0.09090909090909091,0.554559043348281,2.364835164835165,0.00023870961420785372,0.09247417609444171,5.8522727272727275,3.925994767242888e-05,0.007766990291262136,0.0037174721189591076,1.0,0.01078167115902965,0
0xacbfe2336d509eb8d1cd549f2723b12e4c6e5d1201987fdd0b37828a86792cc6,11,0x59ed948390f079f2534c052acc3419d34975e026,0x3caca7b48d0573d793d3b0279b5f0029180e83b6,2023-07-30 15:59:23.000000 UTC,2281943,23376688551,1479666,1479666,0.0,1819,2,51,91812,103382,0.8880849664351628,845,1821,1821,1.0,45,1,0xacbfe2336d509eb8d1cd549f2723b12e4c6e5d1201987fdd0b37828a86792cc6,1814,44,96,27,857,5699274,3,60,427784,35,21,15,1,2,3.9019948628585395,4.670411404456319,4.855665445556604,2.148652646179196,1.4167797818072525,1.303391147573713,-0.5791076090256014,-1.222061242581833,5.219254792391562,1.1574088201731338,1.223015570679321,-0.41794825981560274,0.9719587830224752,0.9055272411879184,-0.7048779552424945,-1.063951654671901,-1.0924009656770213,1.6288554510260886,3.6718546068348026,3.183051524398961,-0.8905635565617213,0.0,2.1469874147833017,-0.10071545099756776,-1.7456801501856498,1.8433182891901585,-0.18935831,1.3445112602956195,0.11458333333333333,0.9848484848484849,3828.962962962963,0.016109417425900663,0.7377049180327869,607.0,0.004256811248641257,0.9961559582646897,0.017546574838946817,41.22727272727273,0.05207100591715976,0
0x133ac926f7fa61485e98b3c828d3d92823534cedaa6fb7da7c2377943f82f89f,6,0xc6387e937bcef8de3334f80edc623275d42457ff,0x40a2accbd92bca938b02010e17a5b8929b49130d,2023-09-23 20:56:11.000000 UTC,2449754,7475437361,18606778,2000767,0.0,894,2,21,26148,26467,0.9879472550723543,516,746,898,0.8307349665924276,229,1,0x133ac926f7fa61485e98b3c828d3d92823534cedaa6fb7da7c2377943f82f89f,51,47,258,6338,670,4537737,139,498,3432647,59,12,12,2,1,1.6475089420958278,1.0067577577491502,0.9168712898868829,0.354210397175843,0.16018742622343926,0.28670749999854067,0.6163404175454783,-1.222061242581833,-0.09259052330471054,1.263555660823933,4.126815786970922,0.983749368441418,-0.09010742735066225,-0.08265702211990665,0.13109335105885067,-0.3956883794304025,-0.37510580298693486,3.314437211291892,1.6039509293393905,2.2963443140306787,1.1228844843604313,-0.7359800721939873,2.361941332028135,-1.5994606319531457,1.6929232813806314,2.771661790859358,-0.18935831,0.31314178434162454,0.023255813953488372,0.7690014903129657,4.17592300410224,0.005762342382922945,0.4589178356713427,6.460431654676259,0.000217324933986823,0.05679287305122494,0.0019269278724449313,1.0851063829787233,0.09108527131782945,0
0xe980e90d3968b4fc621cb15ce8ee9cc5e8cde0de895e5433ee280c3669d406b1,4,0x6ceaa647f9e67faea9edb996cf1e971bfc35da05,0x48bc302d8295fea1f8c3e7f57d4ddc9981fee410,2023-07-31 04:10:11.000000 UTC,927841,13704598189,10497527,852213,0.0,708,2,36,1057,1061,0.9962299717247879,364,691,709,0.9746121297602257,170,8,0xe980e90d3968b4fc621cb15ce8ee9cc5e8cde0de895e5433ee280c3669d406b1,2,2,30,452,660,4428351,172,1062,7026964,17,7,7,2,2,0.7457145737907431,-0.39316813238135645,-0.3841623747941927,-0.4748328303272259,0.09589665454240695,0.07852417454706985,0.2330174090254038,-0.13445661593198643,-0.24022547535752814,-0.32864694893805035,0.03998585293089098,-0.32355410801569245,-0.14690241186259473,-0.17571778886792222,0.33393932979373586,0.46481501608604764,0.4828987706907149,0.3646691308267362,0.4551155529530502,0.8184989634168756,1.1228844843604313,0.0,0.4124793715140081,-1.0123417530165342,0.06483219888918175,0.7255082770181527,-0.18935831,0.10575289512276717,0.13333333333333333,0.5506807866868382,2.3473451327433628,0.00023868924602199644,0.1599247412982126,4.122093023255814,9.833548338436295e-05,0.0028208744710860366,0.001885014137606032,1.0,0.005494505494505495,0
0x0e466f92cc3519ff7e8b25334a005dc33edb8370acbfba8df5bdb34f2cd72979,6,0x7904ad7c992cdab500daa0f3366301b1f5365b62,0xa3c5a1e09150b75ff251c1a7815a07182c3de2fb,2023-08-03 12:11:23.000000 UTC,2066274,18470869091,6736598,1774469,0.0,57,2,29,671,672,0.9985119047619048,373,60,60,1.0,43,1,0x0e466f92cc3519ff7e8b25334a005dc33edb8370acbfba8df5bdb34f2cd72979,46,37,121,11,807,5377114,6,321,2288942,28,8,12,1,3,1.6475089420958278,-0.4147045953995851,-0.40408294849965354,-0.4257447444882284,-0.6416938351072546,-0.636348726077293,-0.5921016093144176,-1.222061242581833,-0.10765531433050826,0.9097328586546032,1.6711328880082719,-0.4215019220010111,0.6879838604628128,0.6314477738379769,-0.6864374117211413,-0.6657399769595013,-0.6481212662691096,1.1372274376152294,0.6848826282303182,2.2963443140306787,-0.8905635565617213,0.7359800721939873,1.870730814332342,-0.5631050571020856,-0.6902480134243212,2.3685110048490903,-0.18935831,-0.6201082171432336,0.049586776859504134,0.46163366336633666,61.09090909090909,0.00012478810663338983,0.13354037267080746,10.0,2.621297253797932e-05,0.7666666666666667,0.06845238095238096,1.2432432432432432,0.09919571045576407,0
0x3db14ddc41d92df686be9ea8318d54cc006e98858c12b8a9d3261fd3079e92ca,4,0xa05527778c5d874ff4926af98d162e3fbf4d96db,0x48bc302d8295fea1f8c3e7f57d4ddc9981fee410,2023-07-31 09:52:11.000000 UTC,927841,15670851992,12635642,852213,0.0,2549,2,34,1059,1063,0.9962370649106302,364,2425,2605,0.9309021113243762,258,10,0x3db14ddc41d92df686be9ea8318d54cc006e98858c12b8a9d3261fd3079e92ca,1,1,30,453,660,4430052,306,756,5044146,17,7,7,2,2,0.7457145737907431,-0.39305654449007027,-0.384059955392108,-0.4748328303272259,2.1228093471771348,2.166966423520555,0.8047534217333115,0.1762875631108268,-0.24323843356268768,-0.3640292291549833,0.03998585293089098,-0.32333200412910446,-0.14690241186259473,-0.17427065336394204,1.157616940414179,-0.0020538474388349,0.009577437939493977,0.3646691308267362,0.4551155529530502,0.8184989634168756,1.1228844843604313,0.0,0.4124793715140081,-0.8270158703818968,0.4941006929635674,0.7255082770181527,-0.18935831,2.1584569007782317,0.13333333333333333,0.5506807866868382,2.3465783664459163,0.00023904905878101233,0.34081902245706736,8.513071895424837,0.00048075521986175264,0.00038387715930902113,0.0009407337723424271,1.0,0.0027472527472527475,0
0x09139a3bc9de7c23a1225471f52b70ff1c1e99155d8456aaa9145beb43be4d08,1,0xd0214b7e8a7821a5cb07024bc00d64ece8cc1067,0xc4c319e2d4d66cca4464c0c2b32c9bd23ebe784e,2023-11-03 22:48:47.000000 UTC,31628,16610402253,8027151,26748,0.0,935,2,18,5077,5151,0.9856338575033974,631,990,1034,0.9574468085106383,374,8,0x09139a3bc9de7c23a1225471f52b70ff1c1e99155d8456aaa9145beb43be4d08,4,3,2,1746,779,5267030,287,2360,14767028,3,1,1,1,1,-0.606976978666884,-0.16887647089617702,-0.17471469753112098,0.9814470495630333,0.44540466786292804,0.43651137439748267,1.5584054384846444,-0.13445661593198643,-0.23419955894720904,-0.2932646687211174,-0.4619055424775339,-0.036151678770789154,0.5289579038294018,0.5377931795874463,1.0408268314456086,2.445193397966105,2.3305405653787528,-0.6185868959949823,-0.9234868987105581,-0.9549154573196882,-0.8905635565617213,-0.7359800721939873,-0.735505534336883,-0.7384601706376615,-0.4311442033705211,-0.7450608997928031,-0.18935831,0.3588565394920178,0.5,0.808974358974359,2.950171821305842,0.0009639206604251997,0.15840745446844556,3.602787456445993,6.704124438301029e-05,0.0038684719535783366,0.0007765482430596001,1.3333333333333333,0.004754358161648178,0
0x07b05f2a62ef1e8cb14ffc290f1792b1008b7322a9959b32054150a4e7037b0d,1,0xda436db56e7d5d7ceeb20003fc63acd4d8b465ba,0xc4c319e2d4d66cca4464c0c2b32c9bd23ebe784e,2023-07-30 17:07:35.000000 UTC,154832,31029619177,8554495,92372,0.0,638,2,43,5072,5146,0.9856198989506413,627,704,762,0.9238845144356955,272,3,0x07b05f2a62ef1e8cb14ffc290f1792b1008b7322a9959b32054150a4e7037b0d,3,3,4,1746,683,4579648,287,1549,10119329,4,2,2,1,3,-0.606976978666884,-0.16915544062439242,-0.17497074603633256,0.9596301225234789,0.11109265512156004,0.1369036255995987,0.8957114237550241,-0.9113170635390195,-0.2372125171523686,-0.2932646687211174,-0.42605615709121786,-0.036151678770789154,-0.01627394748515003,-0.04700099854123954,1.0408268314456086,1.2078383381011386,1.2210816614821185,-0.5483543226505738,-0.6937198234332901,-0.6593463871969276,-0.8905635565617213,0.7359800721939873,-0.577690001265556,0.6205984103366895,-0.32526955923811346,-0.6281514830894394,-0.18935831,0.027703313158681072,0.25,0.9166666666666666,2.9473081328751434,0.0011075084575258934,0.17548387096774193,2.6550522648083623,6.956982329857807e-05,0.003937007874015748,0.000582977069568597,1.0,0.004784688995215311,0
0x9d8c17fe7970ce1fc2cfa1faaa0a19b466d1bc41868c6bafaf854ac9f9212d42,4,0xb76bf854ef3a9105a2ffe204608d06c7a5259604,0x48bc302d8295fea1f8c3e7f57d4ddc9981fee410,2023-07-31 04:11:59.000000 UTC,927841,13396951116,11125030,852213,0.0,64,2,35,1058,1062,0.9962335216572504,364,65,66,0.9848484848484849,26,9,0x9d8c17fe7970ce1fc2cfa1faaa0a19b466d1bc41868c6bafaf854ac9f9212d42,6,5,30,452,660,4428360,29,837,5564835,17,7,7,2,2,0.7457145737907431,-0.39311233843571336,-0.38411116509315035,-0.4748328303272259,-0.635849219499888,-0.6297397316185162,-0.7025506117693543,0.020915473589420187,-0.22817364253688996,-0.2225001082872515,0.03998585293089098,-0.32355410801569245,-0.14690241186259473,-0.17571013206631386,-0.5450599113907667,0.121529087023634,0.13387185700816315,0.3646691308267362,0.4551155529530502,0.8184989634168756,1.1228844843604313,0.0,0.4124793715140081,-1.0413385006676754,0.1908157254240778,0.7255082770181527,-0.18935831,-0.6123032589468249,0.13333333333333333,0.5506807866868382,2.349557522123894,0.0002389145781023724,0.031026252983293555,2.2758620689655173,1.1680487978441773e-05,0.09090909090909091,0.005649717514124294,1.2,0.013736263736263736,0
0x23d0a3a3cd952286b1b94e7f8fec074c9f96fd8308d1ad09b551c35a1ecacbdd,4,0xf08214cbe3527cf4fd65bfce128e32c6eedd2174,0x48bc302d8295fea1f8c3e7f57d4ddc9981fee410,2023-07-30 17:12:47.000000 UTC,927841,24853623558,6104186,852213,0.0,1088,2,41,1051,1055,0.9962085308056872,363,1001,1104,0.9067028985507246,217,4,0x23d0a3a3cd952286b1b94e7f8fec074c9f96fd8308d1ad09b551c35a1ecacbdd,1,1,30,450,659,4425092,175,933,6196607,17,7,7,2,2,0.7457145737907431,-0.3935028960552149,-0.38446963300044656,-0.4802870620871145,0.4582628221991345,0.5136163097498793,0.5383764158125818,-0.755944974017613,-0.24323843356268768,-0.3640292291549833,0.03998585293089098,-0.3239983157888685,-0.15258191031378798,-0.17849040180588305,0.3523798733150891,0.26799775009026383,0.2846830585581311,0.3646691308267362,0.4551155529530502,0.8184989634168756,1.1228844843604313,0.0,0.4124793715140081,0.03849052706520898,-0.8172171179273859,0.7255082770181527,-0.18935831,0.5294506257849488,0.13333333333333333,0.55,2.3444444444444446,0.0002375091325764227,0.23233404710920771,6.308571428571429,0.00016153999091115655,0.0009057971014492754,0.0009478672985781991,1.0,0.0027548209366391185,0
0x8c753cef29e19f128deebf3a0977809dad5df79f9b374080138ea428c17a498e,1,0x047fb958e8c3a563cbd2897072efa59c9df4d6b5,0xc4c319e2d4d66cca4464c0c2b32c9bd23ebe784e,2023-12-07 12:34:47.000000 UTC,73624,45307020436,9359264,48732,0.0,41,2,12,5080,5154,0.9856422196352348,633,43,45,0.9555555555555556,4,11,0x8c753cef29e19f128deebf3a0977809dad5df79f9b374080138ea428c17a498e,2,1,2,1747,813,5506867,20,30,216866,3,1,1,1,1,-0.606976978666884,-0.16870908905924778,-0.17456106842799404,0.9923555130828106,-0.661565528172301,-0.652871212224235,-0.8454846149463312,0.33165965263223346,-0.24022547535752814,-0.3640292291549833,-0.4619055424775339,-0.035929574884201135,0.7220608511699722,0.7418358826257127,-0.6003815419548263,-1.1097231118802229,-1.1427495044038345,-0.6185868959949823,-0.9234868987105581,-0.9549154573196882,-0.8905635565617213,-0.7359800721939873,-0.6817116548616757,1.9662903988358253,-0.16369640872574656,-0.7058963164573352,-0.18935831,-0.6379481215921675,0.5,0.7776412776412777,2.9502003434459074,0.00092248443216725,0.12903225806451613,2.25,0.00019827820738056043,0.044444444444444446,0.00038804811796662784,2.0,0.001579778830963665,0
0x28f8294bdfa4409ea339db4473f2dac85ab98d8e959eab701d66783fb37fea2f,1,0x0c19a07242755b3f107cfb4c74d236a18548541f,0x48bc302d8295fea1f8c3e7f57d4ddc9981fee410,2024-04-08 03:55:59.000000 UTC,206432,9444861512,8966214,201230,0.0,303,2,1,1087,1091,0.9963336388634281,386,466,493,0.9452332657200812,286,20,0x28f8294bdfa4409ea339db4473f2dac85ab98d8e959eab701d66783fb37fea2f,1,1,11,463,912,6226249,103,2290,14776315,7,5,3,2,2,-0.606976978666884,-0.391494314012064,-0.3826260837629232,-0.35483973160967647,-0.16711104778908886,-0.1593996259688968,0.9866694257767367,1.7300084583248931,-0.24323843356268768,-0.3640292291549833,-0.3005833082391116,-0.3211109652632242,1.2843311978381038,1.3538542442507921,-0.09019317119738775,2.3383933311466873,2.332757478487904,-0.3376566026173484,-0.004418597601485909,-0.36377731707416694,1.1228844843604313,0.0,-0.5115940830609484,-1.4138359336007904,-0.2426089001473667,-0.43422052363108915,-0.18935831,-0.34581968624087384,0.09090909090909091,0.42278203723986857,2.3563714902807775,0.00017458341698454126,0.12483631601920558,4.786407766990291,3.1536954136606174e-05,0.002028397565922921,0.0009165902841429881,1.0,0.0025906735751295338,0
0xf2b7ee311201e828f0fa91f8586442f0dfe9d16125ad6cde20f0693bf641825e,1,0x0e61dae710688c22d8f6d0c3fdd1735d27ddff8f,0xc4c319e2d4d66cca4464c0c2b32c9bd23ebe784e,2023-11-24 00:59:23.000000 UTC,47442,18208963519,4681320,26748,0.0,1093,2,16,5078,5152,0.9856366459627329,632,1051,1097,0.9580674567000912,222,9,0xf2b7ee311201e828f0fa91f8586442f0dfe9d16125ad6cde20f0693bf641825e,4,3,2,1746,800,5410574,197,985,6598364,3,1,1,1,1,-0.606976978666884,-0.16882067695053396,-0.17466348783007868,0.986901281322922,0.5167089782728003,0.5059058162146396,0.570861416534622,0.020915473589420187,-0.23419955894720904,-0.2932646687211174,-0.4619055424775339,-0.036151678770789154,0.64822737130446,0.6599140607063934,0.4876105258050126,0.34733494258468833,0.3805870490817859,-0.6185868959949823,-0.9234868987105581,-0.9549154573196882,-0.8905635565617213,-0.7359800721939873,-0.7152489287072772,-0.5877905179636352,-1.1028853561136598,-0.7450608997928031,-0.18935831,0.5350255959252407,0.5,0.7890137328339576,2.950744558991982,0.0009385324110653674,0.22515212981744423,5.568527918781726,0.00015928188270882256,0.0036463081130355514,0.0007763975155279503,1.3333333333333333,0.004746835443037975,0
0x1c314b92a2cc75c52e2ad984b710de281eb745dff2c936bca899d85dc4c5a3ad,4,0xa99b8ae7696aac49f5208ccf79fd1983db2d7fbc,0x48bc302d8295fea1f8c3e7f57d4ddc9981fee410,2023-07-30 16:46:59.000000 UTC,927841,26407491982,5239453,852213,0.0,853,2,46,1049,1053,0.9962013295346629,363,857,894,0.9586129753914989,165,3,0x1c314b92a2cc75c52e2ad984b710de281eb745dff2c936bca899d85dc4c5a3ad,3,3,30,449,659,4424965,156,957,6346678,17,7,7,2,2,0.7457145737907431,-0.39361448394650106,-0.3845720524025312,-0.4802870620871145,0.2899378927069772,0.28230150369268947,0.20053240830336358,-0.9113170635390195,-0.2372125171523686,-0.2932646687211174,0.03998585293089098,-0.3242204196754565,-0.15258191031378798,-0.17859844778413433,0.23558976434651882,0.3046149158569213,0.3205067225188721,0.3646691308267362,0.4551155529530502,0.8184989634168756,1.1228844843604313,0.0,0.4124793715140081,0.18494773250660285,-0.9908292167557585,0.7255082770181527,-0.18935831,0.26742702919123124,0.13333333333333333,0.55,2.3452115812917596,0.00023706396840111313,0.1722338204592902,5.730769230769231,0.00013503125020187723,0.003355704697986577,0.002849002849002849,1.0,0.008264462809917356,0
0xbf058b50f1e1d55cbb42e35e2351ef5d673e7b5ebb93fb672be083d8840f4be4,1,0x77fb352a851faa6a1a3aebaf70e10de6af50962b,0x48bc302d8295fea1f8c3e7f57d4ddc9981fee410,2023-09-05 00:11:35.000000 UTC,183342,11191773732,6288362,178542,0.0,91,2,23,1076,1080,0.9962962962962963,375,101,104,0.9711538461538461,41,17,0xbf058b50f1e1d55cbb42e35e2351ef5d673e7b5ebb93fb672be083d8840f4be4,1,1,11,458,696,4684455,74,541,3691423,7,5,3,2,2,-0.606976978666884,-0.3921080474141379,-0.38318939047438866,-0.4148362809684512,-0.5937679871268488,-0.5878827667129294,-0.6050956096032336,1.2638921897606732,-0.24323843356268768,-0.3640292291549833,-0.3005833082391116,-0.3222214846961643,0.05755953238036219,0.04216415769958896,-0.2684517585704687,-0.3300826240984746,-0.31333301234047617,-0.3376566026173484,-0.004418597601485909,-0.36377731707416694,1.1228844843604313,0.0,-0.541170725528863,-1.249183715986372,-0.7802401760114254,-0.4746392857633261,-0.18935831,-0.5821984201892489,0.09090909090909091,0.5380200860832137,2.3580786026200875,0.0002296958280748074,0.07564575645756458,1.4054054054054055,2.7360714997789473e-05,0.009615384615384616,0.000925925925925926,1.0,0.0026666666666666666,0
0xa0f49121e5ace7ae4ee1a889e22b8174653795d48d7d3af11d655c084e1271f9,1,0xca9227f33b4f395ccc77abaf9eb7bcce411cd07d,0x48bc302d8295fea1f8c3e7f57d4ddc9981fee410,2023-08-04 22:08:59.000000 UTC,378010,21000000000,9343431,184205,0.0,7,2,27,1066,1070,0.9962616822429906,367,12,12,1.0,6,13,0xa0f49121e5ace7ae4ee1a889e22b8174653795d48d7d3af11d655c084e1271f9,2,2,11,454,664,4462338,5,84,602917,7,5,3,2,2,-0.606976978666884,-0.3926659868705687,-0.3837014874848118,-0.45847013504756007,-0.6978021449379738,-0.6892206817475078,-0.8324906146575151,0.6424038316750467,-0.24022547535752814,-0.32864694893805035,-0.3005833082391116,-0.3231099002425164,-0.12418441805782175,-0.14680315372754954,-0.6925842595615923,-1.0273344889052436,-1.0505947156991013,-0.3376566026173484,-0.004418597601485909,-0.36377731707416694,1.1228844843604313,0.0,-0.2918149076014492,-0.32472615744333805,-0.16687519380825136,-0.46455062876602105,-0.18935831,-0.6758579185461522,0.09090909090909091,0.5518796992481203,2.356828193832599,0.0002388881705311945,0.07058823529411765,2.4,1.9903204084137477e-05,0.16666666666666666,0.001869158878504673,1.0,0.005449591280653951,0
0x3db9c79faae7eef1df50e84f7b39454aa80b5f0fa07b2b9ffb316662733902f4,4,0xc4e24ff2dee71ff59a3bbb84989a1d2d2426b201,0x48bc302d8295fea1f8c3e7f57d4ddc9981fee410,2023-07-30 20:13:47.000000 UTC,910469,48827800143,15296907,835113,0.0,455,2,38,1054,1058,0.996219281663516,363,463,477,0.9706498951781971,133,7,0x3db9c79faae7eef1df50e84f7b39454aa80b5f0fa07b2b9ffb316662733902f4,4,3,30,451,659,4425994,95,898,5968056,17,7,7,2,2,0.7457145737907431,-0.39333551421828566,-0.3843160038973196,-0.4802870620871145,-0.17061781715350882,-0.17702361119230176,-0.007371596317693754,-0.28982870545339307,-0.23419955894720904,-0.2932646687211174,0.03998585293089098,-0.3237762119022805,-0.15258191031378798,-0.17772302013357844,-0.1393679539209963,0.21459771668055505,0.2301253210745979,0.3646691308267362,0.4551155529530502,0.8184989634168756,1.1228844843604313,0.0,0.3902270790517902,2.298135456562534,1.0284018034664497,0.6950445590852696,-0.18935831,-0.17634059397600116,0.13333333333333333,0.55,2.3458980044345896,0.00023813854285872443,0.14794215795328142,5.021052631578947,7.757968799560729e-05,0.008385744234800839,0.003780718336483932,1.3333333333333333,0.008264462809917356,0
