index,transaction_hash,trace_involved_amt,from_address,to_address,block_timestamp,gas,gas_price,receipt_cumulative_gas_used,receipt_gas_used,value,nonce,transaction_type,rn,lb_block_timestamp,contract_block_involved,contract_tx_count,contract_block_per_tx,contract_main_active_days,sender_block_involved,sender_tx_count,sender_block_per_tx,sender_main_active_days,contract_interact,add_feat_hash,sender_tx_count_call_contract,sender_days_call_contract,trace_amt,distinct_sender_in_contract,contract_lifetime_days,contract_lifetime_block,distinct_contract_sender_called,sender_lifetime_days,sender_lifetime_block,contract_involved_amt,max_breadth,depth,distinct_was_called_in_sample,distinct_sender_call_in_sample,z_trace_involved_amt,z_contract_block_involved,z_contract_tx_count,z_contract_main_active_days,z_sender_block_involved,z_sender_tx_count,z_sender_main_active_days,z_contract_interact,z_sender_tx_count_call_contract,z_sender_days_call_contract,z_trace_amt,z_distinct_sender_in_contract,z_contract_lifetime_days,z_contract_lifetime_block,z_distinct_contract_sender_called,z_sender_lifetime_days,z_sender_lifetime_block,z_contract_involved_amt,z_max_breadth,z_depth,z_distinct_was_called_in_sample,z_distinct_sender_call_in_sample,z_gas,z_gas_price,z_receipt_cumulative_gas_used,z_receipt_gas_used,z_value,z_nonce,involved_trace_ratio,contract_active_day_ratio,tx_count_per_distinct_caller,contract_block_ratio,sender_active_day_ratio,sender_tx_count_per_contract,sender_block_ratio,tx_sender_call_contract,sender_call_contract_tx_ratio,sender_tx_count_call_contract_per_days,sender_call_contract_day_ratio,is_sus
218,0x8a932d39cdea8e5aaf2a0ce487722836f81c9c1ffdd494abd3019df6fc1022dd,2,0xfbb1b73c4f0bda4f67dca266ce6ef42f520fbb98,0x3aa4a52a2ae7a7cacdb00f1f4e3cf93f9f0ad328,2022-03-03 23:59:27+00:00,150000,67630970936,6212738,74263,0.0,10910346,,18,2021-03-03T00:00:00,1,1,1.0,1,421839,892230,0.4727917689385024,366,1,0x8a932d39cdea8e5aaf2a0ce487722836f81c9c1ffdd494abd3019df6fc1022dd,1,1,10,1,0,0,231068,365,2355057,5,8.0,2.0,1,3,0.9305415914315353,-2.7520261566832724,-2.5289655981395933,-3.786321793397536,-0.048660188106853075,-0.39770497641626446,1.0839859231692057,-1.287778342926411,-0.8265971680215032,-1.3021939686085044,1.7631321837834608,-2.4722161743585715,-3.7922829830780547,-3.7928053660362053,-0.41157432671983823,1.0060731777397693,1.0101773559374618,1.524001524002286,3.0453629185038698,1.2622950819672132,-0.21821789023599258,1.923076923076923,-0.5929064784900857,-0.15818721624824508,-0.41720012304600645,0.14687050225840956,-0.15003704,3.209123099882292,0.2,1.0,1.0,1.0,1.0,3.8613308636418715,0.17912042930577507,1.120787240958049e-06,1.0,1.0,1.0,0
101,0x6fef0b607fbeec751c9d8be8bfa2fad34d1c53324821a7207b8cb4276b7f3e3a,4,0xa1e21e077dc456dda6c1cca90704c020f605477c,0x68b3465833fb72a70ecdf485e0e4c7bd8665fc45,2022-03-03 23:58:38+00:00,270274,59309539944,24847262,185779,1.07e+17,74,2.0,30,2021-03-03T00:00:00,436113,3000799,0.14533229316592014,79,88,90,0.9777777777777777,31,1,0x6fef0b607fbeec751c9d8be8bfa2fad34d1c53324821a7207b8cb4276b7f3e3a,5,4,22,623504,78,504858,23,97,629173,9,11.0,5.0,2,6,3.4455188655708198,-2.1393103312394097,-2.304695965566502,-2.9046251732488386,-0.893109510582181,-0.7669550336705104,-1.2242729394145975,-1.287778342926411,-0.8265879124180227,-1.281965189063012,4.606893770530979,-2.224024249389307,-2.909672513781378,-2.9072525887002283,-0.6294700690379128,-1.0319284219144873,-1.029158157712064,4.064004064006096,4.514187477267795,3.721311475409836,1.9639610121239313,4.230769230769231,0.6285720175212348,-0.8117058283427491,2.077277764787586,3.1787417314606414,0.21070723,-0.8124274635771325,0.18181818181818182,1.0,4.812798314044497,0.8638312875476123,0.3163265306122449,3.9130434782608696,0.00013986591944358795,0.05555555555555555,1.666222895968707e-06,1.25,0.05063291139240506,0
82,0x6914fca743efbfa783f4afa695edcf97b89692b67eb5810b1cb8bc010759ef4a,3,0x45c332e91de138032a89e93780049d69d3086a5d,0x68b3465833fb72a70ecdf485e0e4c7bd8665fc45,2022-03-03 23:59:27+00:00,185158,66532175314,28707162,132971,0.0,221,2.0,20,2021-03-03T00:00:00,436114,3000819,0.14533165779075646,79,227,244,0.930327868852459,73,2,0x6914fca743efbfa783f4afa695edcf97b89692b67eb5810b1cb8bc010759ef4a,16,10,13,623504,78,504859,60,357,2298660,5,5.0,4.0,4,5,2.1880302285011775,-2.139308926288788,-2.3046944708332173,-2.9046251732488386,-0.8928311983651998,-0.7668912942251127,-0.934879290971255,-1.2130812232671064,-0.826562459508451,-1.241507629972027,2.4740725804703403,-2.224024249389307,-2.909672513781378,-2.9072508346371504,-0.6294351747858591,0.9452373090933736,0.9435376484233459,1.524001524002286,1.5765383597399454,2.901639344262295,6.328318816843779,3.4615384615384612,-0.2358489185622043,-0.24448047404913334,2.593976511653827,1.7430100349174418,-0.15003704,-0.812373279049668,0.23076923076923078,1.0,4.812830390823475,0.8638315572633998,0.20391061452513967,4.066666666666666,9.875314367799341e-05,0.06557377049180328,5.3318777307128486e-06,1.6,0.12658227848101267,0
7,0x6be6cfa288d2ee0f57f4ba0e02ef4344b9129224b352016ca38ac6e30e1a5510,1,0x24a7471e40087126ee330dd4bd1c6a68af3bc02e,0x6b7a87899490ece95443e979ca9485cbe7e71522,2022-03-03 23:58:38+00:00,99753,59309539944,24593903,79803,0.0,66,2.0,37,2021-03-03T00:00:00,96717,111294,0.8690225888188042,251,58,63,0.9206349206349206,22,1,0x6be6cfa288d2ee0f57f4ba0e02ef4344b9129224b352016ca38ac6e30e1a5510,1,1,5,28237,255,1641103,17,359,2315237,4,5.0,1.0,1,2,-0.326947045638107,-2.616144952374222,-2.5206479305665153,-0.9603710877927354,-0.893169577967141,-0.7669662087680802,-1.286285864081028,-1.287778342926411,-0.8265971680215032,-1.3021939686085044,0.5782315226386618,-2.4609765376712867,-0.9068256796081496,-0.9142071868563095,-0.6294757275652729,0.9604462762549725,0.9631253291769587,0.8890008890013334,1.5765383597399454,0.4426229508196722,-0.21821789023599258,1.1538461538461537,-1.1032048803814405,-0.8117058283427491,2.0433623064059483,0.2974907415942929,-0.15003704,-0.8124304123949536,0.2,0.98046875,3.9414243722775084,0.05893410777135392,0.06111111111111111,3.7058823529411766,2.5051420199564798e-05,0.015873015873015872,8.985210343774148e-06,1.0,0.00398406374501992,0
29,0xf86bbbace5099b696c8c87315b4a402cdc93c2f054bd93fe5f515f2ca8e90627,2,0x5f1f5d71f2041153368b0c9b850995e556978a77,0x7a250d5630b4cf539739df2c5dacb4c659f2488d,2022-03-03 23:58:38+00:00,254434,61000000000,4918584,222361,0.0,689,,36,2021-03-03T00:00:00,2090092,26832770,0.07789326260389814,366,740,743,0.9959623149394348,78,1,0xf86bbbace5099b696c8c87315b4a402cdc93c2f054bd93fe5f515f2ca8e90627,598,74,12,2484022,365,2355121,19,129,831816,7,6.0,2.0,1,3,0.9305415914315353,0.18444849275950523,-0.5235739508015751,0.3395662367854731,-0.891804046082384,-0.7666847618663238,-0.9004276661565713,-1.287778342926411,-0.8252157692020254,-0.8099603330015201,2.2370924482413805,-1.4834254970818352,0.33788139247690746,0.33822542383398274,-0.6294738413894863,-0.7885849473289044,-0.7897115515134545,2.794002794004191,2.066146545994587,1.2622950819672132,-0.21821789023599258,1.923076923076923,0.46770417096404604,-0.6789465576523604,-0.590439779527245,4.17332469091647,-0.15003704,-0.8122007732071281,0.16666666666666666,1.0,10.802146679860323,0.8874665516266249,0.6,39.10526315789474,0.0008896187502780059,0.8048452220726783,2.2286182157116095e-05,8.08108108108108,0.20218579234972678,0
55,0xd94ebd3026383e3e1bd9d73196fedec65ca9f994f915ba771bcbee9cddc2373c,3,0xdb988d8651217155e4b18096a5a7f28c287917ef,0x8aff5ca996f77487a4f04f1ce905bf3d27455580,2022-03-03 23:58:23+00:00,287604,62827920832,2225682,124049,0.0,1381,2.0,42,2021-03-03T00:00:00,43317,120724,0.35881017858917863,29,1393,1394,0.9992826398852224,29,1,0xd94ebd3026383e3e1bd9d73196fedec65ca9f994f915ba771bcbee9cddc2373c,1273,29,9,102,28,182942,2,28,181899,5,5.0,3.0,2,2,2.1880302285011775,-2.691169315562353,-2.519943163822748,-3.4698153143697987,-0.8904965793364216,-0.7664153178471425,-1.238053589340471,-1.287778342926411,-0.8236538861146763,-1.1133920261839076,1.5261520515545008,-2.4721759702466075,-3.475448455638222,-3.471913558455859,-0.6294898738836731,-1.5566377889896503,-1.5576651445849232,1.524001524002286,1.5765383597399454,2.081967213114754,1.9639610121239313,1.1538461538461537,0.8045720036851287,-0.5353918870319216,-0.9509203849402331,1.5004407613877033,-0.15003704,-0.8119457004655949,0.3333333333333333,1.0,1183.5686274509803,0.23677866876568113,1.0,697.0,0.00765805387575591,0.9131994261119082,0.010544713561512209,43.89655172413793,1.0,0
874,0x22b09fc88808798119c4fafc58f938748c6a77b9c4fd72e2a03ee8b19e4de26d,1,0xffec0067f5a79cff07527f63d83dd5462ccf8ba4,0xdac17f958d2ee523a2206206994597c13d831ec7,2022-03-03 23:58:23+00:00,200000,71976093750,9562889,46109,0.0,983886,,45,2021-03-03T00:00:00,2248009,39480193,0.056940172506248894,366,333244,447689,0.7443649497754021,366,1,0x22b09fc88808798119c4fafc58f938748c6a77b9c4fd72e2a03ee8b19e4de26d,218378,366,1,7298334,365,2355120,14,365,2355093,2,1.0,0.0,1,0,-0.326947045638107,0.406314080055013,0.4216522554297213,0.3395662367854731,-0.22604918712452388,-0.5816971634069383,1.0839859231692057,-1.287778342926411,-0.3212944377014101,1.1589742094264175,-0.36968900627717727,0.4329620145782994,0.33788139247690746,0.3382236697709049,-0.6294785568289529,1.0060731777397693,1.010219894183654,-0.38100038100057154,-0.38189438527862035,-0.3770491803278689,-0.21821789023599258,-0.3846153846153846,-0.08511655880198997,0.18305440836119752,0.0312619675554813,-0.6185739414712762,-0.15003704,-0.4497921687890517,1.0,1.0,5.409480163555135,0.9545195342404913,1.0,31977.785714285714,0.14149923527468541,0.48778951459607006,0.005531330609250061,596.6612021857924,1.0,0
881,0xbbea05b65d97900c56eee349b0c592c7f1bde9b292136ae88e8a3dbd6aa78e3a,1,0x3cd751e6b0078be393132286c442345e5dc49699,0xdac17f958d2ee523a2206206994597c13d831ec7,2022-03-03 23:58:23+00:00,250000,62461829710,2639730,63185,0.0,6581725,2.0,50,2021-03-03T00:00:00,2248009,39480193,0.056940172506248894,366,1389754,7079123,0.19631725568266012,311,2,0xbbea05b65d97900c56eee349b0c592c7f1bde9b292136ae88e8a3dbd6aa78e3a,1242327,310,1,7298334,365,2355120,3080689,309,1988194,2,1.0,0.0,1,0,-0.326947045638107,0.406314080055013,0.4216522554297213,0.3395662367854731,1.8893439090113684,2.163003650565929,0.7050180502076857,-1.2130812232671064,2.0480220443847483,0.781370324577224,-0.36968900627717727,0.4329620145782994,0.33788139247690746,0.3382236697709049,2.2758687390040424,0.5802220972149993,0.576685450024894,-0.38100038100057154,-0.38189438527862035,-0.3770491803278689,-0.21821789023599258,-0.3846153846153846,0.42267336088610574,-0.564142634611222,-0.8954945752709481,-0.15431560087569074,-0.15003704,1.6135837566328939,1.0,1.0,5.409480163555135,0.9545195342404913,1.0032258064516129,2.297902514664739,0.6990028644071633,0.17549165341526063,0.031467095411615645,4007.506451612903,0.8469945355191257,0
879,0x0801311b816f1fac8fd0a5846ba61a7bc1aeee155810982ac7193190f3ba7fcf,1,0x21a31ee1afc51d94c2efccaa2092ad1028285549,0xdac17f958d2ee523a2206206994597c13d831ec7,2022-03-03 23:58:23+00:00,207128,62461829710,3262892,63209,0.0,3227011,2.0,46,2021-03-03T00:00:00,2248009,39480193,0.056940172506248894,366,806203,3227662,0.24977925197867681,308,3,0x0801311b816f1fac8fd0a5846ba61a7bc1aeee155810982ac7193190f3ba7fcf,532867,275,1,7298334,365,2355120,1120407,315,2026546,2,1.0,0.0,1,0,-0.326947045638107,0.406314080055013,0.4216522554297213,0.3395662367854731,0.7209311569851727,0.5689128186757596,0.6843470753188755,-1.1383841036078017,0.4064019330502523,0.545367896546478,-0.36968900627717727,0.4329620145782994,0.33788139247690746,0.3382236697709049,0.42715051726039993,0.625848998699796,0.6220028616351104,-0.38100038100057154,-0.38189438527862035,-0.3770491803278689,-0.21821789023599258,-0.3846153846153846,-0.01272602785125505,-0.564142634611222,-0.8120760865809147,-0.15366309442369414,-0.15003704,0.3770287031067105,1.0,1.0,5.409480163555135,0.9545195342404913,0.9746835443037974,2.880794211389254,0.3978210226557785,0.1650938047416365,0.013497071810160605,1937.6981818181819,0.7513661202185792,0
873,0xb8bc8641f62d0442391033451f1cb2b4ecdac8b5bbdd79d499c930d0abc1bc62,1,0x3018018c44338b9728d02be12d632c6691e020d1,0xdac17f958d2ee523a2206206994597c13d831ec7,2022-03-03 23:58:23+00:00,100000,62461829710,2886778,43706,0.0,1193,2.0,51,2021-03-03T00:00:00,2248009,39480193,0.056940172506248894,366,1196,1196,1.0,27,4,0xb8bc8641f62d0442391033451f1cb2b4ecdac8b5bbdd79d499c930d0abc1bc62,976,25,1,7298334,365,2355120,218,70,456204,2,1.0,0.0,1,0,-0.326947045638107,0.406314080055013,0.4216522554297213,0.3395662367854731,-0.8908910218309922,-0.7664972685626539,-1.2518342392663444,-1.0636869839484973,-0.8243411146731099,-1.1403637322445643,-0.36968900627717727,0.4329620145782994,0.33788139247690746,0.3382236697709049,-0.6292861668987104,-1.2372494785960728,-1.2335414328687053,-0.38100038100057154,-0.38189438527862035,-0.3770491803278689,-0.21821789023599258,-0.3846153846153846,-1.1006963981781814,-0.564142634611222,-0.8624239278407527,-0.6839061499774365,-0.15003704,-0.8120149976843929,1.0,1.0,5.409480163555135,0.9545195342404913,0.38028169014084506,5.486238532110092,0.002621628434585329,0.8160535117056856,2.4721257061737262e-05,39.04,0.06830601092896176,0
878,0x221eb39cc79dd0ecd4d1ddcd780ad1de6677950640ab515a98ecd972f07c752b,1,0xffec0067f5a79cff07527f63d83dd5462ccf8ba4,0xdac17f958d2ee523a2206206994597c13d831ec7,2022-03-03 23:58:23+00:00,200000,73369999998,9754944,63209,0.0,983889,,43,2021-03-03T00:00:00,2248009,39480193,0.056940172506248894,366,333244,447689,0.7443649497754021,366,5,0x221eb39cc79dd0ecd4d1ddcd780ad1de6677950640ab515a98ecd972f07c752b,218378,366,1,7298334,365,2355120,14,365,2355093,2,1.0,0.0,1,0,-0.326947045638107,0.406314080055013,0.4216522554297213,0.3395662367854731,-0.22604918712452388,-0.5816971634069383,1.0839859231692057,-0.9889898642891927,-0.3212944377014101,1.1589742094264175,-0.36968900627717727,0.4329620145782994,0.33788139247690746,0.3382236697709049,-0.6294785568289529,1.0060731777397693,1.010219894183654,-0.38100038100057154,-0.38189438527862035,-0.3770491803278689,-0.21821789023599258,-0.3846153846153846,-0.08511655880198997,0.2925240028886982,0.05697107344666911,-0.15366309442369414,-0.15003704,-0.44979106298236876,1.0,1.0,5.409480163555135,0.9545195342404913,1.0,31977.785714285714,0.14149923527468541,0.48778951459607006,0.005531330609250061,596.6612021857924,1.0,0
877,0x022202634e3c0355f0134c1d76182c74c528d74f5122099e314e37e354c325bf,1,0xffec0067f5a79cff07527f63d83dd5462ccf8ba4,0xdac17f958d2ee523a2206206994597c13d831ec7,2022-03-03 23:58:23+00:00,200000,60838593750,9453595,46109,0.0,983884,,49,2021-03-03T00:00:00,2248009,39480193,0.056940172506248894,366,333244,447689,0.7443649497754021,366,6,0x022202634e3c0355f0134c1d76182c74c528d74f5122099e314e37e354c325bf,218378,366,1,7298334,365,2355120,14,365,2355093,2,1.0,0.0,1,0,-0.326947045638107,0.406314080055013,0.4216522554297213,0.3395662367854731,-0.22604918712452388,-0.5816971634069383,1.0839859231692057,-0.9142927446298881,-0.3212944377014101,1.1589742094264175,-0.36968900627717727,0.4329620145782994,0.33788139247690746,0.3382236697709049,-0.6294785568289529,1.0060731777397693,1.010219894183654,-0.38100038100057154,-0.38189438527862035,-0.3770491803278689,-0.21821789023599258,-0.3846153846153846,-0.08511655880198997,-0.6916225010790121,0.016631517844349176,-0.6185739414712762,-0.15003704,-0.449792905993507,1.0,1.0,5.409480163555135,0.9545195342404913,1.0,31977.785714285714,0.14149923527468541,0.48778951459607006,0.005531330609250061,596.6612021857924,1.0,0
880,0x25b8ca8458d959c694347d2ec1efeec15589335badbe7bb899b242bde72db4ef,1,0xffec0067f5a79cff07527f63d83dd5462ccf8ba4,0xdac17f958d2ee523a2206206994597c13d831ec7,2022-03-03 23:58:23+00:00,200000,66685781250,9626110,63221,0.0,983887,,48,2021-03-03T00:00:00,2248009,39480193,0.056940172506248894,366,333244,447689,0.7443649497754021,366,7,0x25b8ca8458d959c694347d2ec1efeec15589335badbe7bb899b242bde72db4ef,218378,366,1,7298334,365,2355120,14,365,2355093,2,1.0,0.0,1,0,-0.326947045638107,0.406314080055013,0.4216522554297213,0.3395662367854731,-0.22604918712452388,-0.5816971634069383,1.0839859231692057,-0.8395956249705835,-0.3212944377014101,1.1589742094264175,-0.36968900627717727,0.4329620145782994,0.33788139247690746,0.3382236697709049,-0.6294785568289529,1.0060731777397693,1.010219894183654,-0.38100038100057154,-0.38189438527862035,-0.3770491803278689,-0.21821789023599258,-0.3846153846153846,-0.08511655880198997,-0.23241712362290207,0.03972493589031655,-0.15333684119769583,-0.15003704,-0.4497918001868241,1.0,1.0,5.409480163555135,0.9545195342404913,1.0,31977.785714285714,0.14149923527468541,0.48778951459607006,0.005531330609250061,596.6612021857924,1.0,0
875,0x041b4c1f220984bd6f401b1a7927d401b1a6f29d6bd62fcdf71c4c59d4c9758a,1,0x56eddb7aa87536c09ccc2793473599fd21a8b17f,0xdac17f958d2ee523a2206206994597c13d831ec7,2022-03-03 23:58:23+00:00,207128,62461829710,3031728,46109,0.0,2532177,2.0,44,2021-03-03T00:00:00,2248009,39480193,0.056940172506248894,366,756899,2532945,0.29882172727793144,284,8,0x041b4c1f220984bd6f401b1a7927d401b1a6f29d6bd62fcdf71c4c59d4c9758a,606916,272,1,7298334,365,2355120,1304261,283,1820716,2,1.0,0.0,1,0,-0.326947045638107,0.406314080055013,0.4216522554297213,0.3395662367854731,0.622212412049598,0.28137466095892366,0.5189792762083941,-0.7648985053112789,0.577743978583768,0.5251391170009855,-0.36968900627717727,0.4329620145782994,0.33788139247690746,0.3382236697709049,0.600540998803594,0.3825055241142132,0.378790439030531,-0.38100038100057154,-0.38189438527862035,-0.3770491803278689,-0.21821789023599258,-0.3846153846153846,-0.01272602785125505,-0.564142634611222,-0.8430204501967046,-0.6185739414712762,-0.15003704,0.12091134286025966,1.0,1.0,5.409480163555135,0.9545195342404913,1.0,1.9420537760463588,0.4157147980713093,0.23960883477533068,0.01537267054393579,2231.3088235294117,0.7431693989071039,0
893,0x3b5bca251e4ea1552b987f1c2d3dfed65e574a1b031a816d17d2506e566489b5,1,0x2faf487a4414fe77e2327f0bf4ae2a264a776ad2,0xdac17f958d2ee523a2206206994597c13d831ec7,2022-03-03 23:58:38+00:00,73330,65034539944,2783159,46109,0.0,3349347,2.0,39,2021-03-03T00:00:00,2248010,39480205,0.05694018052844457,366,993041,2714846,0.3657817054816369,366,9,0x3b5bca251e4ea1552b987f1c2d3dfed65e574a1b031a816d17d2506e566489b5,681183,366,1,7298334,365,2355121,190427,365,2355121,2,1.0,0.0,1,0,-0.326947045638107,0.4063154850056345,0.4216531522696922,0.3395662367854731,1.0950268260236464,0.356662121071243,1.0839859231692057,-0.6902013856519743,0.7495904545069759,1.1589742094264175,-0.36968900627717727,0.4329620145782994,0.33788139247690746,0.33822542383398274,-0.4499023617933039,1.0060731777397693,1.010252979486248,-0.38100038100057154,-0.38189438527862035,-0.3770491803278689,-0.21821789023599258,-0.3846153846153846,-1.3715515413398116,-0.36209637320962224,-0.8762947036254967,-0.6185739414712762,-0.15003704,0.42212202522841125,1.0,1.0,5.409481807765991,0.9545195535517905,1.0,14.256623272960242,0.4216516171985995,0.2509103647131366,0.017253785789612796,1861.155737704918,1.0,0
892,0x888f7d755efa3529c4f051a232410bbcdf54e8fb2226df345225f9a64823caa8,1,0xeed85ddd6828b8c714141d34a12d0c07f7553182,0xdac17f958d2ee523a2206206994597c13d831ec7,2022-03-03 23:58:38+00:00,75000,71000000000,2352178,63209,0.0,7253,,32,2021-03-03T00:00:00,2248010,39480205,0.05694018052844457,366,7098,8168,0.8690009794319294,45,10,0x888f7d755efa3529c4f051a232410bbcdf54e8fb2226df345225f9a64823caa8,4513,42,1,7298334,365,2355121,909,43,282588,2,1.0,0.0,1,0,-0.326947045638107,0.4063154850056345,0.4216531522696922,0.3395662367854731,-0.8790737649631972,-0.7636116100346464,-1.1278083899334832,-0.6155042659926697,-0.8161568472954,-1.0257339814867736,-0.36968900627717727,0.4329620145782994,0.33788139247690746,0.33822542383398274,-0.6286344931644084,-1.4425705352776583,-1.4386892148388586,-0.38100038100057154,-0.38189438527862035,-0.3770491803278689,-0.21821789023599258,-0.3846153846153846,-1.3545913580222293,0.10639746878104896,-0.9339872196552278,-0.15366309442369414,-0.15003704,-0.8097812681848383,1.0,1.0,5.409481807765991,0.9545195535517905,1.0227272727272727,8.985698569856986,0.02511775051399736,0.5525220372184133,0.0001143104500090615,107.45238095238095,0.11475409836065574,0
886,0x44ab7afba3330c21f77166f2265ae49c2c0a2b52b16a58bd8f86514e16d2c0a6,1,0xf58616676104e409edc40f6d11af6a9962c39b88,0xdac17f958d2ee523a2206206994597c13d831ec7,2022-03-03 23:58:38+00:00,94813,59309539944,21483478,58409,0.0,7,2.0,41,2021-03-03T00:00:00,2248010,39480205,0.05694018052844457,366,12,12,1.0,5,11,0x44ab7afba3330c21f77166f2265ae49c2c0a2b52b16a58bd8f86514e16d2c0a6,3,3,1,7298334,365,2355121,4,137,884142,2,1.0,0.0,1,0,-0.326947045638107,0.4063154850056345,0.4216531522696922,0.3395662367854731,-0.8932616812907463,-0.7669873172857119,-1.4034213884509523,-0.5408071463333651,-0.8265925402197629,-1.288708115578176,-0.36968900627717727,0.4329620145782994,0.33788139247690746,0.33822542383398274,-0.6294879877078864,-0.7277490786825087,-0.72788221067292,-0.38100038100057154,-0.38189438527862035,-0.3770491803278689,-0.21821789023599258,-0.3846153846153846,-1.1533745244466245,-0.8117058283427491,1.6269907165405564,-0.2841643848230154,-0.15003704,-0.812452159926385,1.0,1.0,5.409481807765991,0.9545195535517905,0.036231884057971016,3.0,1.357246508766116e-05,0.25,7.598744738027576e-08,1.0,0.00819672131147541,0
891,0x1561ae6ab14fef2d2248f4b9c46dd0b90f5b5a69be07b30292ca8a42ab5573e6,1,0xdc51aa4ea15a6a10c0281a8bf96334409c7f252c,0xdac17f958d2ee523a2206206994597c13d831ec7,2022-03-03 23:58:38+00:00,100000,73754195652,2118549,46900,0.0,52,,40,2021-03-03T00:00:00,2248010,39480205,0.05694018052844457,366,56,56,1.0,37,12,0x1561ae6ab14fef2d2248f4b9c46dd0b90f5b5a69be07b30292ca8a42ab5573e6,53,36,1,7298334,365,2355121,1,195,1256466,2,1.0,0.0,1,0,-0.326947045638107,0.4063154850056345,0.4216531522696922,0.3395662367854731,-0.8931735824594718,-0.7669691060155983,-1.182930989636977,-0.4661100266740605,-0.8264768451762555,-1.0661915405777584,-0.36968900627717727,0.4329620145782994,0.33788139247690746,0.33822542383398274,-0.6294908169715664,-0.28668903099613974,-0.28793748913656764,-0.38100038100057154,-0.38189438527862035,-0.3770491803278689,-0.21821789023599258,-0.3846153846153846,-1.1006963981781814,0.3226965790737559,-0.9652615561747264,-0.5970684163242215,-0.15003704,-0.8124355728261408,1.0,1.0,5.409481807765991,0.9545195535517905,0.18877551020408162,56.0,4.456941567108408e-05,0.9464285714285714,1.3424449037182052e-06,1.4722222222222223,0.09836065573770492,0
885,0x2582316856c9f9ad0c02862d782b73a4d50f811080da47aa1fddf9579067c223,1,0x3cd751e6b0078be393132286c442345e5dc49699,0xdac17f958d2ee523a2206206994597c13d831ec7,2022-03-03 23:58:38+00:00,250000,59809539944,13143079,46109,0.0,6581732,2.0,31,2021-03-03T00:00:00,2248010,39480205,0.05694018052844457,366,1389755,7079130,0.19631720282012055,311,13,0x2582316856c9f9ad0c02862d782b73a4d50f811080da47aa1fddf9579067c223,1242329,310,1,7298334,365,2355121,3080690,309,1988195,2,1.0,0.0,1,0,-0.326947045638107,0.4063154850056345,0.4216531522696922,0.3395662367854731,1.8893459112575337,2.1630065478134473,0.7050180502076857,-0.3914129070147559,2.048026672186489,0.781370324577224,-0.36968900627717727,0.4329620145782994,0.33788139247690746,0.33822542383398274,2.275869682091936,0.5802220972149993,0.5766866316428438,-0.38100038100057154,-0.38189438527862035,-0.3770491803278689,-0.21821789023599258,-0.3846153846153846,0.42267336088610574,-0.7724386270210786,0.5105178256199507,-0.6185739414712762,-0.15003704,1.6135863368484875,1.0,1.0,5.409481807765991,0.9545195535517905,1.0032258064516129,2.297904040977833,0.6990030157992472,0.17549176240583236,0.031467136505496866,4007.5129032258064,0.8469945355191257,0
887,0x6d66a0172e035605d46350fac8fd21ce8f67d8cd100dac2141d9f7fb99aaf391,1,0x21a31ee1afc51d94c2efccaa2092ad1028285549,0xdac17f958d2ee523a2206206994597c13d831ec7,2022-03-03 23:58:38+00:00,207128,59809539944,10263841,46109,0.0,3227013,2.0,33,2021-03-03T00:00:00,2248010,39480205,0.05694018052844457,366,806204,3227664,0.249779407026258,308,14,0x6d66a0172e035605d46350fac8fd21ce8f67d8cd100dac2141d9f7fb99aaf391,532868,275,1,7298334,365,2355121,1120407,315,2026547,2,1.0,0.0,1,0,-0.326947045638107,0.4063154850056345,0.4216531522696922,0.3395662367854731,0.720933159231338,0.5689136464607648,0.6843470753188755,-0.3167157873554513,0.4064042469511224,0.545367896546478,-0.36968900627717727,0.4329620145782994,0.33788139247690746,0.33822542383398274,0.42715051726039993,0.625848998699796,0.6220040432530602,-0.38100038100057154,-0.38189438527862035,-0.3770491803278689,-0.21821789023599258,-0.3846153846153846,-0.01272602785125505,-0.7724386270210786,0.12509367822502845,-0.6185739414712762,-0.15003704,0.3770294403111658,1.0,1.0,5.409481807765991,0.9545195535517905,0.9746835443037974,2.8807959964548595,0.397821319800962,0.1650940122639779,0.013497093036877595,1937.7018181818182,0.7513661202185792,0
888,0xda914e26164207396d02d1d0b2654d3b61193e13eab05ef9eb4171076ea504c5,1,0xb5d85cbf7cb3ee0d56b3bb207d5fc4b82f43f511,0xdac17f958d2ee523a2206206994597c13d831ec7,2022-03-03 23:58:38+00:00,250000,59809539944,9487607,63209,0.0,6150343,2.0,35,2021-03-03T00:00:00,2248010,39480205,0.05694018052844457,366,1367011,6633242,0.2060848978523624,311,15,0xda914e26164207396d02d1d0b2654d3b61193e13eab05ef9eb4171076ea504c5,1132664,297,1,7298334,365,2355121,3085308,309,1986233,2,1.0,0.0,1,0,-0.326947045638107,0.4063154850056345,0.4216531522696922,0.3395662367854731,1.8438068244732015,1.978456847621794,0.7050180502076857,-0.24201866769614674,1.7942727332618171,0.6937122798800898,-0.36968900627717727,0.4329620145782994,0.33788139247690746,0.33822542383398274,2.2802248619834065,0.5802220972149993,0.5743682972253625,-0.38100038100057154,-0.38189438527862035,-0.3770491803278689,-0.21821789023599258,-0.3846153846153846,0.42267336088610574,-0.7724386270210786,0.02118447459929479,-0.15366309442369414,-0.15003704,1.4545753904650978,1.0,1.0,5.409481807765991,0.9545195535517905,1.0032258064516129,2.149944835329244,0.6882426743273955,0.17075571794305108,0.028689415366510887,3813.6835016835016,0.8114754098360656,0
884,0x0389114fedd3e38a087467f58376d6241f07ba45327af0a9d3942dfe5654bc3b,1,0xfac3248525e5c3936ba073aab842e7f84cc5cafe,0xdac17f958d2ee523a2206206994597c13d831ec7,2022-03-03 23:58:38+00:00,69163,59309539944,27221318,41309,0.0,19,2.0,26,2021-03-03T00:00:00,2248010,39480205,0.05694018052844457,366,20,21,0.9523809523809523,3,16,0x0389114fedd3e38a087467f58376d6241f07ba45327af0a9d3942dfe5654bc3b,7,3,1,7298334,365,2355121,6,6,40652,2,1.0,0.0,1,0,-0.326947045638107,0.4063154850056345,0.4216531522696922,0.3395662367854731,-0.8932456633214237,-0.7669835922531887,-1.4172020383768258,-0.16732154803684215,-0.8265832846162824,-1.288708115578176,-0.36968900627717727,0.4329620145782994,0.33788139247690746,0.33822542383398274,-0.6294861015320997,-1.7239364277672387,-1.7245651351384337,-0.38100038100057154,-0.38189438527862035,-0.3770491803278689,-0.21821789023599258,-0.3846153846153846,-1.4138707532466175,-0.8117058283427491,2.3950766093665337,-0.7490752318705975,-0.15003704,-0.8124477366996532,1.0,1.0,5.409481807765991,0.9545195535517905,0.42857142857142855,3.5,0.0004919686124025287,0.3333333333333333,1.773040438873101e-07,2.3333333333333335,0.00819672131147541,0
882,0x3f4b4df163c17d021dfc08b9b503fb40c5b17cb349f0573772b6b64ffaa861a7,1,0xd952beecffc6bc1228e83d0457d25d5a39555abf,0xdac17f958d2ee523a2206206994597c13d831ec7,2022-03-03 23:58:38+00:00,70000,60309539944,6911294,46121,0.0,5434,2.0,34,2021-03-03T00:00:00,2248010,39480205,0.05694018052844457,366,6464,6498,0.994767620806402,46,17,0x3f4b4df163c17d021dfc08b9b503fb40c5b17cb349f0573772b6b64ffaa861a7,923,46,1,7298334,365,2355121,2356,45,293671,2,1.0,0.0,1,0,-0.326947045638107,0.4063154850056345,0.4216531522696922,0.3395662367854731,-0.8803431890320184,-0.7643028105139597,-1.1209180649705466,-0.09262442837753757,-0.8244637514192277,-0.9987622754261168,-0.36968900627717727,0.4329620145782994,0.33788139247690746,0.33822542383398274,-0.6272698449827371,-1.4273615681160594,-1.4255933431013736,-0.38100038100057154,-0.38189438527862035,-0.3770491803278689,-0.21821789023599258,-0.3846153846153846,-1.4053703499910388,-0.7331714256994082,-0.32368914871612914,-0.618247688245278,-0.15003704,-0.8104517556369324,1.0,1.0,5.409481807765991,0.9545195535517905,1.0,2.7580645161290325,0.02201095099294451,0.14204370575561712,2.3378804643998175e-05,20.065217391304348,0.12568306010928962,0
890,0x7bb5be4f9e6f0f97f08ec7eed427176d5b9a43ffbfec2208edb3b8fab7444225,1,0x2faf487a4414fe77e2327f0bf4ae2a264a776ad2,0xdac17f958d2ee523a2206206994597c13d831ec7,2022-03-03 23:58:38+00:00,76221,65532562797,2671449,43718,0.0,3349345,2.0,27,2021-03-03T00:00:00,2248010,39480205,0.05694018052844457,366,993041,2714846,0.3657817054816369,366,18,0x7bb5be4f9e6f0f97f08ec7eed427176d5b9a43ffbfec2208edb3b8fab7444225,681183,366,1,7298334,365,2355121,190427,365,2355121,2,1.0,0.0,1,0,-0.326947045638107,0.4063154850056345,0.4216531522696922,0.3395662367854731,1.0950268260236464,0.356662121071243,1.0839859231692057,-0.017927308718232983,0.7495904545069759,1.1589742094264175,-0.36968900627717727,0.4329620145782994,0.33788139247690746,0.33822542383398274,-0.4499023617933039,1.0060731777397693,1.010252979486248,-0.38100038100057154,-0.38189438527862035,-0.3770491803278689,-0.21821789023599258,-0.3846153846153846,-1.342191128183446,-0.3229844459465348,-0.8912485669412374,-0.6835798967514382,-0.15003704,0.42212128802395593,1.0,1.0,5.409481807765991,0.9545195535517905,1.0,14.256623272960242,0.4216516171985995,0.2509103647131366,0.017253785789612796,1861.155737704918,1.0,0
889,0xf3bd887e396e932ff19ce14fd4619f6cbd3200a563ed8bb8abb9abba8fe3885c,1,0x3cd751e6b0078be393132286c442345e5dc49699,0xdac17f958d2ee523a2206206994597c13d831ec7,2022-03-03 23:58:38+00:00,250000,59809539944,13449066,63209,0.0,6581733,2.0,38,2021-03-03T00:00:00,2248010,39480205,0.05694018052844457,366,1389755,7079130,0.19631720282012055,311,19,0xf3bd887e396e932ff19ce14fd4619f6cbd3200a563ed8bb8abb9abba8fe3885c,1242329,310,1,7298334,365,2355121,3080690,309,1988195,2,1.0,0.0,1,0,-0.326947045638107,0.4063154850056345,0.4216531522696922,0.3395662367854731,1.8893459112575337,2.1630065478134473,0.7050180502076857,0.056769810941071606,2.048026672186489,0.781370324577224,-0.36968900627717727,0.4329620145782994,0.33788139247690746,0.33822542383398274,2.275869682091936,0.5802220972149993,0.5766866316428438,-0.38100038100057154,-0.38189438527862035,-0.3770491803278689,-0.21821789023599258,-0.3846153846153846,0.42267336088610574,-0.7724386270210786,0.5514782389615814,-0.15366309442369414,-0.15003704,1.6135867054507151,1.0,1.0,5.409481807765991,0.9545195535517905,1.0032258064516129,2.297904040977833,0.6990030157992472,0.17549176240583236,0.031467136505496866,4007.5129032258064,0.8469945355191257,0
883,0xf6d62c190f10128e70a2e26b40e25e513d0bbb83ec1522dd86be93350c275469,1,0x44cd89ae74cff535e4cb23128ee1e5530502358e,0xdac17f958d2ee523a2206206994597c13d831ec7,2022-03-03 23:58:38+00:00,90000,61461829710,4442726,51700,0.0,29,,28,2021-03-03T00:00:00,2248010,39480205,0.05694018052844457,366,27,31,0.8709677419354839,13,20,0xf6d62c190f10128e70a2e26b40e25e513d0bbb83ec1522dd86be93350c275469,29,13,1,7298334,365,2355121,2,14,95957,2,1.0,0.0,1,0,-0.326947045638107,0.4063154850056345,0.4216531522696922,0.3395662367854731,-0.8932316475982663,-0.7669794533281629,-1.3482987887474585,0.1314669306003762,-0.8265323787971391,-1.2212788504265344,-0.36968900627717727,0.4329620145782994,0.33788139247690746,0.33822542383398274,-0.6294898738836731,-1.6631005591208428,-1.6592157544254849,-0.38100038100057154,-0.38189438527862035,-0.3770491803278689,-0.21821789023599258,-0.3846153846153846,-1.2022543821158005,-0.642677037254563,-0.654139676489932,-0.46656712592490013,-0.15003704,-0.8124440506773767,1.0,1.0,5.409481807765991,0.9545195535517905,0.8666666666666667,15.5,0.0002813731007315701,0.9354838709677419,7.34545324675999e-07,2.230769230769231,0.03551912568306011,0
904,0x2dfae0639d9ff1952fb224dd02554943f96147ac1889a91ac5f512d0201eea6d,1,0x46340b20830761efd32832a74d7169b29feb9758,0xdac17f958d2ee523a2206206994597c13d831ec7,2022-03-03 23:59:27+00:00,350000,70578258420,4007969,46109,0.0,5511354,,11,2021-03-03T00:00:00,2248011,39480227,0.05694017412817814,366,675906,4009283,0.16858525576767716,366,21,0x2dfae0639d9ff1952fb224dd02554943f96147ac1889a91ac5f512d0201eea6d,793571,366,1,7298334,365,2355122,892571,365,2355120,2,1.0,0.0,1,0,-0.326947045638107,0.40631688995625603,0.42165479647630544,0.3395662367854731,0.4600444883807881,0.8924198904370538,1.0839859231692057,0.20616405025968076,1.0096451455010578,1.1589742094264175,-0.36968900627717727,0.4329620145782994,0.33788139247690746,0.3382271778970605,0.21228114399207193,1.0060731777397693,1.0102517978682983,-0.38100038100057154,-0.38189438527862035,-0.3770491803278689,-0.21821789023599258,-0.3846153846153846,1.4382532002622972,0.07327624572589017,-0.712337660140111,-0.6185739414712762,-0.15003704,1.2190426216217203,1.0,1.0,5.409484822152563,0.9545195728630734,1.0,4.491836503762726,0.2869941714247378,0.19793339607106808,0.02010046700086096,2168.226775956284,1.0,0
899,0xac005ea7f5bc0b1ae31be4ede78c0ec97b098d010f2a2bb2eb2e28e7cacf1b78,1,0xa803fcd9bc2c16d7a7ffac7d19910f225cbf51d7,0xdac17f958d2ee523a2206206994597c13d831ec7,2022-03-03 23:59:27+00:00,69516,66602175314,20135397,63197,0.0,8,2.0,16,2021-03-03T00:00:00,2248011,39480227,0.05694017412817814,366,10,10,1.0,4,22,0xac005ea7f5bc0b1ae31be4ede78c0ec97b098d010f2a2bb2eb2e28e7cacf1b78,9,4,1,7298334,365,2355122,1,61,399161,2,1.0,0.0,1,0,-0.326947045638107,0.40631688995625603,0.42165479647630544,0.3395662367854731,-0.8932656857830771,-0.7669881450707171,-1.4103117134138892,0.28086116991898535,-0.826578656814542,-1.281965189063012,-0.36968900627717727,0.4329620145782994,0.33788139247690746,0.3382271778970605,-0.6294908169715664,-1.305689830823268,-1.3009444655783833,-0.38100038100057154,-0.38189438527862035,-0.3770491803278689,-0.21821789023599258,-0.3846153846153846,-1.4102857564136195,-0.23898306586409948,1.446532216741549,-0.15398934764969244,-0.15003704,-0.8124517913241573,1.0,1.0,5.409484822152563,0.9545195728630734,0.06451612903225806,10.0,2.5052484955982784e-05,0.9,2.2796221511087055e-07,2.25,0.01092896174863388,0
901,0xeaa34933981963d05c5789a78260429db07dd8387425572a19106a836e212892,1,0x46340b20830761efd32832a74d7169b29feb9758,0xdac17f958d2ee523a2206206994597c13d831ec7,2022-03-03 23:59:27+00:00,350000,70578258420,4307476,46109,0.0,5511360,,6,2021-03-03T00:00:00,2248011,39480227,0.05694017412817814,366,675906,4009283,0.16858525576767716,366,23,0xeaa34933981963d05c5789a78260429db07dd8387425572a19106a836e212892,793571,366,1,7298334,365,2355122,892571,365,2355120,2,1.0,0.0,1,0,-0.326947045638107,0.40631688995625603,0.42165479647630544,0.3395662367854731,0.4600444883807881,0.8924198904370538,1.0839859231692057,0.35555828957828994,1.0096451455010578,1.1589742094264175,-0.36968900627717727,0.4329620145782994,0.33788139247690746,0.3382271778970605,0.21228114399207193,1.0060731777397693,1.0102517978682983,-0.38100038100057154,-0.38189438527862035,-0.3770491803278689,-0.21821789023599258,-0.3846153846153846,1.4382532002622972,0.07327624572589017,-0.6722446806386557,-0.6185739414712762,-0.15003704,1.219044833235086,1.0,1.0,5.409484822152563,0.9545195728630734,1.0,4.491836503762726,0.2869941714247378,0.19793339607106808,0.02010046700086096,2168.226775956284,1.0,0
898,0x570ee9ed40564da17ae429d229a404cfd03072d181cea37c7a9b5f010304ec38,1,0xeb55a78c79b91719f6817855c5ad43a7aa0bf08c,0xdac17f958d2ee523a2206206994597c13d831ec7,2022-03-03 23:59:27+00:00,300000,109000000000,1345932,63185,0.0,51442,,12,2021-03-03T00:00:00,2248011,39480227,0.05694017412817814,366,47825,61329,0.7798105300918,186,24,0x570ee9ed40564da17ae429d229a404cfd03072d181cea37c7a9b5f010304ec38,22161,185,1,7298334,365,2355122,25013,185,1187714,2,1.0,0.0,1,0,-0.326947045638107,0.40631688995625603,0.42165479647630544,0.3395662367854731,-0.7975282853876831,-0.7416086707048405,-0.156272570159405,0.43025540923759453,-0.7753211247390456,-0.06149548981829726,-0.36968900627717727,0.4329620145782994,0.33788139247690746,0.3382271778970605,-0.6059023025832019,-0.3627338668041344,-0.36917608642029714,-0.38100038100057154,-0.38189438527862035,-0.3770491803278689,-0.21821789023599258,-0.3846153846153846,0.9304632805742015,3.0907047692280045,-1.0686865764362758,-0.15431560087569074,-0.15003704,-0.7934931043472448,1.0,1.0,5.409484822152563,0.9545195728630734,1.0,2.4518850197897093,0.04026639387395124,0.36134618206721125,0.0005613189610080003,119.78918918918919,0.505464480874317,0
902,0xac95af4336c8c1c64d297f631735b29f3c191113237bbc863137599852b3a0b1,1,0x2faf487a4414fe77e2327f0bf4ae2a264a776ad2,0xdac17f958d2ee523a2206206994597c13d831ec7,2022-03-03 23:59:27+00:00,73330,72387175314,3441237,46109,0.0,3349348,2.0,13,2021-03-03T00:00:00,2248011,39480227,0.05694017412817814,366,993042,2714849,0.3657816696250878,366,25,0xac95af4336c8c1c64d297f631735b29f3c191113237bbc863137599852b3a0b1,681184,366,1,7298334,365,2355122,190427,365,2355122,2,1.0,0.0,1,0,-0.326947045638107,0.40631688995625603,0.42165479647630544,0.3395662367854731,1.0950288282698117,0.35666336274875077,1.0839859231692057,0.5049525288968991,0.749592768407846,1.1589742094264175,-0.36968900627717727,0.4329620145782994,0.33788139247690746,0.3382271778970605,-0.4499023617933039,1.0060731777397693,1.010254161104198,-0.38100038100057154,-0.38189438527862035,-0.3770491803278689,-0.21821789023599258,-0.3846153846153846,-1.3715515413398116,0.21533845342762784,-0.7882022458052832,-0.6185739414712762,-0.15003704,0.4221223938306389,1.0,1.0,5.409484822152563,0.9545195728630734,1.0,14.25663902702873,0.42165186276895095,0.2509104557933056,0.01725380150423147,1861.1584699453551,1.0,0
903,0x7d6fdb406929d691e68a3166e7023e1c40bcb6ba3085209e7e3a1eab32c7bddf,1,0x9696f59e4d72e237be84ffd425dcad154bf96976,0xdac17f958d2ee523a2206206994597c13d831ec7,2022-03-03 23:59:27+00:00,207128,67032175314,14132957,63221,0.0,2369082,2.0,2,2021-03-03T00:00:00,2248011,39480227,0.05694017412817814,366,742821,2369836,0.3134482723699024,284,26,0x7d6fdb406929d691e68a3166e7023e1c40bcb6ba3085209e7e3a1eab32c7bddf,529103,273,1,7298334,365,2355122,1257379,283,1820716,2,1.0,0.0,1,0,-0.326947045638107,0.40631688995625603,0.42165479647630544,0.3395662367854731,0.594024790534041,0.2138650687551408,0.5189792762083941,0.5796496485562037,0.39769241017501894,0.5318820435161496,-0.36968900627717727,0.4329620145782994,0.33788139247690746,0.3382271778970605,0.5563271521877574,0.3825055241142132,0.378790439030531,-0.38100038100057154,-0.38189438527862035,-0.3770491803278689,-0.21821789023599258,-0.3846153846153846,-0.01272602785125505,-0.20521327272746287,0.643026108775074,-0.15333684119769583,-0.15003704,0.06079416254180245,1.0,1.0,5.409484822152563,0.9545195728630734,1.0,1.8847427863834214,0.4079826793510469,0.22326566057735642,0.013401721322422995,1938.1062271062272,0.7459016393442623,0
905,0x932f65cf56d33e90857d8f02c88fb5c900355de49e71ea17b4f2586f3e3d06f3,1,0xb5d85cbf7cb3ee0d56b3bb207d5fc4b82f43f511,0xdac17f958d2ee523a2206206994597c13d831ec7,2022-03-03 23:59:27+00:00,250000,67032175314,15107592,63209,0.0,6150352,2.0,21,2021-03-03T00:00:00,2248011,39480227,0.05694017412817814,366,1367012,6633249,0.20608483112875756,311,27,0x932f65cf56d33e90857d8f02c88fb5c900355de49e71ea17b4f2586f3e3d06f3,1132667,297,1,7298334,365,2355122,3085308,309,1986234,2,1.0,0.0,1,0,-0.326947045638107,0.40631688995625603,0.42165479647630544,0.3395662367854731,1.843808826719367,1.9784597448693122,0.7050180502076857,0.6543467682155083,1.7942796749644276,0.6937122798800898,-0.36968900627717727,0.4329620145782994,0.33788139247690746,0.3382271778970605,2.2802248619834065,0.5802220972149993,0.5743694788433124,-0.38100038100057154,-0.38189438527862035,-0.3770491803278689,-0.21821789023599258,-0.3846153846153846,0.42267336088610574,-0.20521327272746287,0.7734939144570809,-0.15366309442369414,-0.15003704,1.4545787078851466,1.0,1.0,5.409484822152563,0.9545195728630734,1.0032258064516129,2.1499471041464906,0.6882428312863281,0.17075599001334038,0.02868947536699827,3813.6936026936028,0.8114754098360656,0
906,0x583427802f2ba3b43b244cc16834390845b89a9743c424659888d29e3472c440,1,0xb5d85cbf7cb3ee0d56b3bb207d5fc4b82f43f511,0xdac17f958d2ee523a2206206994597c13d831ec7,2022-03-03 23:59:27+00:00,250000,67032175314,16961154,63209,0.0,6150353,2.0,23,2021-03-03T00:00:00,2248011,39480227,0.05694017412817814,366,1367012,6633249,0.20608483112875756,311,28,0x583427802f2ba3b43b244cc16834390845b89a9743c424659888d29e3472c440,1132667,297,1,7298334,365,2355122,3085308,309,1986234,2,1.0,0.0,1,0,-0.326947045638107,0.40631688995625603,0.42165479647630544,0.3395662367854731,1.843808826719367,1.9784597448693122,0.7050180502076857,0.7290438878748129,1.7942796749644276,0.6937122798800898,-0.36968900627717727,0.4329620145782994,0.33788139247690746,0.3382271778970605,2.2802248619834065,0.5802220972149993,0.5743694788433124,-0.38100038100057154,-0.38189438527862035,-0.3770491803278689,-0.21821789023599258,-0.3846153846153846,0.42267336088610574,-0.20521327272746287,1.0216177421828982,-0.15366309442369414,-0.15003704,1.4545790764873743,1.0,1.0,5.409484822152563,0.9545195728630734,1.0032258064516129,2.1499471041464906,0.6882428312863281,0.17075599001334038,0.02868947536699827,3813.6936026936028,0.8114754098360656,0
907,0x1d1aa2be469bdeff335f19c8cccefd5eb1d3a56b99cf6b75e052d7c654265f30,1,0x46340b20830761efd32832a74d7169b29feb9758,0xdac17f958d2ee523a2206206994597c13d831ec7,2022-03-03 23:59:27+00:00,350000,70578258420,4203900,63209,0.0,5511358,,1,2021-03-03T00:00:00,2248011,39480227,0.05694017412817814,366,675906,4009283,0.16858525576767716,366,29,0x1d1aa2be469bdeff335f19c8cccefd5eb1d3a56b99cf6b75e052d7c654265f30,793571,366,1,7298334,365,2355122,892571,365,2355120,2,1.0,0.0,1,0,-0.326947045638107,0.40631688995625603,0.42165479647630544,0.3395662367854731,0.4600444883807881,0.8924198904370538,1.0839859231692057,0.8037410075341175,1.0096451455010578,1.1589742094264175,-0.36968900627717727,0.4329620145782994,0.33788139247690746,0.3382271778970605,0.21228114399207193,1.0060731777397693,1.0102517978682983,-0.38100038100057154,-0.38189438527862035,-0.3770491803278689,-0.21821789023599258,-0.3846153846153846,1.4382532002622972,0.07327624572589017,-0.6861097003037813,-0.15366309442369414,-0.15003704,1.2190440960306308,1.0,1.0,5.409484822152563,0.9545195728630734,1.0,4.491836503762726,0.2869941714247378,0.19793339607106808,0.02010046700086096,2168.226775956284,1.0,0
908,0x22cca597ebb9d4d9d05c2f3fda440c904b262f03256b8dcf33ed2178b4d0c9d0,1,0x1440ec793ae50fa046b95bfeca5af475b6003f9e,0xdac17f958d2ee523a2206206994597c13d831ec7,2022-03-03 23:59:27+00:00,120000,67532175314,6447266,63197,0.0,29,2.0,22,2021-03-03T00:00:00,2248011,39480227,0.05694017412817814,366,32,32,1.0,1,30,0x22cca597ebb9d4d9d05c2f3fda440c904b262f03256b8dcf33ed2178b4d0c9d0,30,1,1,7298334,365,2355122,1,0,1975,2,1.0,0.0,1,0,-0.326947045638107,0.40631688995625603,0.42165479647630544,0.3395662367854731,-0.8932216363674397,-0.7669790394356603,-1.4309826883026993,0.8784381271934221,-0.826530064896269,-1.3021939686085044,-0.36968900627717727,0.4329620145782994,0.33788139247690746,0.3382271778970605,-0.6294908169715664,-1.7695633292520354,-1.7702665725823306,-0.38100038100057154,-0.38189438527862035,-0.3770491803278689,-0.21821789023599258,-0.3846153846153846,-0.8975804303029431,-0.1659460714057924,-0.3858054434675081,-0.15398934764969244,-0.15003704,-0.8124440506773767,1.0,1.0,5.409484822152563,0.9545195728630734,1.0,32.0,0.016194331983805668,0.9375,7.598740503695685e-07,30.0,0.00273224043715847,0
909,0xdadfd87daf839a007cd7b65938cb7c13f614eb2eec494130e504903ae3e07459,1,0x75e89d5979e4f6fba9f97c104c2f0afb3f1dcb88,0xdac17f958d2ee523a2206206994597c13d831ec7,2022-03-03 23:59:27+00:00,94831,73000000000,3337613,46097,0.0,1738071,,17,2021-03-03T00:00:00,2248011,39480227,0.05694017412817814,366,367668,792821,0.4637465455632482,366,31,0xdadfd87daf839a007cd7b65938cb7c13f614eb2eec494130e504903ae3e07459,82005,366,1,7298334,365,2355122,168205,365,2355120,2,1.0,0.0,1,0,-0.326947045638107,0.40631688995625603,0.42165479647630544,0.3395662367854731,-0.15712386512910315,-0.438849616205521,1.0839859231692057,0.9531352468527267,-0.636848041065968,1.1589742094264175,-0.36968900627717727,0.4329620145782994,0.33788139247690746,0.3382271778970605,-0.4708596609592337,1.0060731777397693,1.0102517978682983,-0.38100038100057154,-0.38189438527862035,-0.3770491803278689,-0.21821789023599258,-0.3846153846153846,-1.1531917200755368,0.2634662740677308,-0.8020736909062618,-0.6189001946972745,-0.15003704,-0.17179789772938922,1.0,1.0,5.409484822152563,0.9545195728630734,1.0,4.713421123034393,0.1561142718357146,0.10343444484946791,0.0020771157166852156,224.05737704918033,1.0,0
897,0x0005c93aeb5d36b70492f37bf6b52068a0d94b8a736c0712a8cd134b3bd0e094,1,0x50be13b54f3eebbe415d20250598d81280e56772,0xdac17f958d2ee523a2206206994597c13d831ec7,2022-03-03 23:59:27+00:00,400000,67032175314,15696845,63209,0.0,5892,2.0,10,2021-03-03T00:00:00,2248011,39480227,0.05694017412817814,366,1320,5904,0.22357723577235772,50,32,0x0005c93aeb5d36b70492f37bf6b52068a0d94b8a736c0712a8cd134b3bd0e094,2403,50,1,7298334,365,2355122,1444,49,320344,2,1.0,0.0,1,0,-0.326947045638107,0.40631688995625603,0.42165479647630544,0.3395662367854731,-0.8906427433064908,-0.7645486626604939,-1.0933567651187996,1.0278323665120312,-0.8210391781314101,-0.9717905693654602,-0.36968900627717727,0.4329620145782994,0.33788139247690746,0.3382271778970605,-0.6281299411414685,-1.3969436337928616,-1.394076047526715,-0.38100038100057154,-0.38189438527862035,-0.3770491803278689,-0.21821789023599258,-0.3846153846153846,1.946043119950393,-0.20521327272746287,0.8523732343066037,-0.15366309442369414,-0.15003704,-0.810282935816669,1.0,1.0,5.409484822152563,0.9545195728630734,1.0,4.088642659279778,0.0041205575239195245,0.4070121951219512,6.086591143460244e-05,48.06,0.1366120218579235,0
896,0x906dbbcc42152d2f867a291147aeecc51f86aa229926a9e73d005f962c2f75d2,1,0x6f3e570fa0da11ca8038b3877acb49f3fd2aa816,0xdac17f958d2ee523a2206206994597c13d831ec7,2022-03-03 23:59:27+00:00,70000,67032175314,17129363,63209,0.0,201,2.0,9,2021-03-03T00:00:00,2248011,39480227,0.05694017412817814,366,287,288,0.9965277777777778,68,33,0x906dbbcc42152d2f867a291147aeecc51f86aa229926a9e73d005f962c2f75d2,9,2,1,7298334,365,2355122,70,150,963820,2,1.0,0.0,1,0,-0.326947045638107,0.40631688995625603,0.42165479647630544,0.3395662367854731,-0.8927110635952799,-0.766873082954999,-0.9693309157859387,1.1025294861713357,-0.826578656814542,-1.2954510420933403,-0.36968900627717727,0.4329620145782994,0.33788139247690746,0.3382271778970605,-0.6294257439069256,-0.6288907921321156,-0.633733255669822,-0.38100038100057154,-0.38189438527862035,-0.3770491803278689,-0.21821789023599258,-0.3846153846153846,-1.4053703499910388,-0.20521327272746287,1.0441347450875391,-0.15366309442369414,-0.15003704,-0.812380651094221,1.0,1.0,5.409484822152563,0.9545195728630734,0.4503311258278146,4.114285714285714,0.00029777313422305594,0.03125,2.2796221511087055e-07,4.5,0.00546448087431694,0
910,0x66d636da5821d45a67569ae10ad85c7e5fd015b6fe8aebffc0dcbce981fec077,1,0x50be13b54f3eebbe415d20250598d81280e56772,0xdac17f958d2ee523a2206206994597c13d831ec7,2022-03-03 23:59:27+00:00,400000,67032175314,15491459,63209,0.0,5890,2.0,8,2021-03-03T00:00:00,2248011,39480227,0.05694017412817814,366,1320,5904,0.22357723577235772,50,34,0x66d636da5821d45a67569ae10ad85c7e5fd015b6fe8aebffc0dcbce981fec077,2403,50,1,7298334,365,2355122,1444,49,320344,2,1.0,0.0,1,0,-0.326947045638107,0.40631688995625603,0.42165479647630544,0.3395662367854731,-0.8906427433064908,-0.7645486626604939,-1.0933567651187996,1.1772266058306404,-0.8210391781314101,-0.9717905693654602,-0.36968900627717727,0.4329620145782994,0.33788139247690746,0.3382271778970605,-0.6281299411414685,-1.3969436337928616,-1.394076047526715,-0.38100038100057154,-0.38189438527862035,-0.3770491803278689,-0.21821789023599258,-0.3846153846153846,1.946043119950393,-0.20521327272746287,0.8248795974704499,-0.15366309442369414,-0.15003704,-0.8102836730211244,1.0,1.0,5.409484822152563,0.9545195728630734,1.0,4.088642659279778,0.0041205575239195245,0.4070121951219512,6.086591143460244e-05,48.06,0.1366120218579235,0
895,0x93f52eb16067f038eee6da022cd113493827c864f50dfb719805983f737e3da4,1,0xeb55a78c79b91719f6817855c5ad43a7aa0bf08c,0xdac17f958d2ee523a2206206994597c13d831ec7,2022-03-03 23:59:27+00:00,300000,109000000000,1215638,63221,0.0,51439,,7,2021-03-03T00:00:00,2248011,39480227,0.05694017412817814,366,47825,61329,0.7798105300918,186,35,0x93f52eb16067f038eee6da022cd113493827c864f50dfb719805983f737e3da4,22161,185,1,7298334,365,2355122,25013,185,1187714,2,1.0,0.0,1,0,-0.326947045638107,0.40631688995625603,0.42165479647630544,0.3395662367854731,-0.7975282853876831,-0.7416086707048405,-0.156272570159405,1.251923725489945,-0.7753211247390456,-0.06149548981829726,-0.36968900627717727,0.4329620145782994,0.33788139247690746,0.3382271778970605,-0.6059023025832019,-0.3627338668041344,-0.36917608642029714,-0.38100038100057154,-0.38189438527862035,-0.3770491803278689,-0.21821789023599258,-0.3846153846153846,0.9304632805742015,3.0907047692280045,-1.0861281543331618,-0.15333684119769583,-0.15003704,-0.7934942101539278,1.0,1.0,5.409484822152563,0.9545195728630734,1.0,2.4518850197897093,0.04026639387395124,0.36134618206721125,0.0005613189610080003,119.78918918918919,0.505464480874317,0
911,0x398df2f916c9c69497ad117ff5e34da9ff7727c06212530729950452e7508ae5,1,0xb5d85cbf7cb3ee0d56b3bb207d5fc4b82f43f511,0xdac17f958d2ee523a2206206994597c13d831ec7,2022-03-03 23:59:27+00:00,250000,67032175314,11033155,63209,0.0,6150347,2.0,15,2021-03-03T00:00:00,2248011,39480227,0.05694017412817814,366,1367012,6633249,0.20608483112875756,311,36,0x398df2f916c9c69497ad117ff5e34da9ff7727c06212530729950452e7508ae5,1132667,297,1,7298334,365,2355122,3085308,309,1986234,2,1.0,0.0,1,0,-0.326947045638107,0.40631688995625603,0.42165479647630544,0.3395662367854731,1.843808826719367,1.9784597448693122,0.7050180502076857,1.3266208451492496,1.7942796749644276,0.6937122798800898,-0.36968900627717727,0.4329620145782994,0.33788139247690746,0.3382271778970605,2.2802248619834065,0.5802220972149993,0.5743694788433124,-0.38100038100057154,-0.38189438527862035,-0.3770491803278689,-0.21821789023599258,-0.3846153846153846,0.42267336088610574,-0.20521327272746287,0.22807654818193276,-0.15366309442369414,-0.15003704,1.4545768648740083,1.0,1.0,5.409484822152563,0.9545195728630734,1.0032258064516129,2.1499471041464906,0.6882428312863281,0.17075599001334038,0.02868947536699827,3813.6936026936028,0.8114754098360656,0
894,0xbd355301a888bee8cf2cba52b759aef7214903824c901216e585d0b4356dc661,1,0x56eddb7aa87536c09ccc2793473599fd21a8b17f,0xdac17f958d2ee523a2206206994597c13d831ec7,2022-03-03 23:59:27+00:00,207128,67032175314,14217166,63209,0.0,2532180,2.0,25,2021-03-03T00:00:00,2248011,39480227,0.05694017412817814,366,756901,2532947,0.29882228092415675,284,37,0xbd355301a888bee8cf2cba52b759aef7214903824c901216e585d0b4356dc661,606917,272,1,7298334,365,2355122,1304262,283,1820718,2,1.0,0.0,1,0,-0.326947045638107,0.40631688995625603,0.42165479647630544,0.3395662367854731,0.6222164165419287,0.2813754887439288,0.5189792762083941,1.401317964808554,0.5777462924846383,0.5251391170009855,-0.36968900627717727,0.4329620145782994,0.33788139247690746,0.3382271778970605,0.6005419418914874,0.3825055241142132,0.3787928022664306,-0.38100038100057154,-0.38189438527862035,-0.3770491803278689,-0.21821789023599258,-0.3846153846153846,-0.01272602785125505,-0.20521327272746287,0.6542985989366998,-0.15366309442369414,-0.15003704,0.12091244866694262,1.0,1.0,5.409484822152563,0.9545195728630734,1.0,1.9420538204747206,0.41571543988940635,0.23960904037865774,0.015372682634271582,2231.3125,0.7431693989071039,0
912,0x69c301e344a7ca18b324dd064e7b66fae9e8bfbed55b421b03c8ecebdcaaa27d,1,0x50be13b54f3eebbe415d20250598d81280e56772,0xdac17f958d2ee523a2206206994597c13d831ec7,2022-03-03 23:59:27+00:00,400000,67032175314,15878545,63197,0.0,5895,2.0,14,2021-03-03T00:00:00,2248011,39480227,0.05694017412817814,366,1320,5904,0.22357723577235772,50,38,0x69c301e344a7ca18b324dd064e7b66fae9e8bfbed55b421b03c8ecebdcaaa27d,2403,50,1,7298334,365,2355122,1444,49,320344,2,1.0,0.0,1,0,-0.326947045638107,0.40631688995625603,0.42165479647630544,0.3395662367854731,-0.8906427433064908,-0.7645486626604939,-1.0933567651187996,1.4760150844678588,-0.8210391781314101,-0.9717905693654602,-0.36968900627717727,0.4329620145782994,0.33788139247690746,0.3382271778970605,-0.6281299411414685,-1.3969436337928616,-1.394076047526715,-0.38100038100057154,-0.38189438527862035,-0.3770491803278689,-0.21821789023599258,-0.3846153846153846,1.946043119950393,-0.20521327272746287,0.876696186275721,-0.15398934764969244,-0.15003704,-0.8102818300099861,1.0,1.0,5.409484822152563,0.9545195728630734,1.0,4.088642659279778,0.0041205575239195245,0.4070121951219512,6.086591143460244e-05,48.06,0.1366120218579235,0
913,0xc96b8a2c34530bb5ae17ca2a22c90d80a432dce2a315b0b6f82456ee506c36ff,1,0x46340b20830761efd32832a74d7169b29feb9758,0xdac17f958d2ee523a2206206994597c13d831ec7,2022-03-03 23:59:27+00:00,350000,70578258420,4092166,63197,0.0,5511356,,5,2021-03-03T00:00:00,2248011,39480227,0.05694017412817814,366,675906,4009283,0.16858525576767716,366,39,0xc96b8a2c34530bb5ae17ca2a22c90d80a432dce2a315b0b6f82456ee506c36ff,793571,366,1,7298334,365,2355122,892571,365,2355120,2,1.0,0.0,1,0,-0.326947045638107,0.40631688995625603,0.42165479647630544,0.3395662367854731,0.4600444883807881,0.8924198904370538,1.0839859231692057,1.5507122041271633,1.0096451455010578,1.1589742094264175,-0.36968900627717727,0.4329620145782994,0.33788139247690746,0.3382271778970605,0.21228114399207193,1.0060731777397693,1.0102517978682983,-0.38100038100057154,-0.38189438527862035,-0.3770491803278689,-0.21821789023599258,-0.3846153846153846,1.4382532002622972,0.07327624572589017,-0.7010667763374485,-0.15398934764969244,-0.15003704,1.2190433588261755,1.0,1.0,5.409484822152563,0.9545195728630734,1.0,4.491836503762726,0.2869941714247378,0.19793339607106808,0.02010046700086096,2168.226775956284,1.0,0
914,0xea697a161a49958893e30e6687d3965dc44e6153d87bc225fe9077d2ec4b7cb7,1,0xeb55a78c79b91719f6817855c5ad43a7aa0bf08c,0xdac17f958d2ee523a2206206994597c13d831ec7,2022-03-03 23:59:27+00:00,300000,109000000000,1261747,46109,0.0,51440,,19,2021-03-03T00:00:00,2248011,39480227,0.05694017412817814,366,47825,61329,0.7798105300918,186,40,0xea697a161a49958893e30e6687d3965dc44e6153d87bc225fe9077d2ec4b7cb7,22161,185,1,7298334,365,2355122,25013,185,1187714,2,1.0,0.0,1,0,-0.326947045638107,0.40631688995625603,0.42165479647630544,0.3395662367854731,-0.7975282853876831,-0.7416086707048405,-0.156272570159405,1.625409323786468,-0.7753211247390456,-0.06149548981829726,-0.36968900627717727,0.4329620145782994,0.33788139247690746,0.3382271778970605,-0.6059023025832019,-0.3627338668041344,-0.36917608642029714,-0.38100038100057154,-0.38189438527862035,-0.3770491803278689,-0.21821789023599258,-0.3846153846153846,0.9304632805742015,3.0907047692280045,-1.079955853879975,-0.6185739414712762,-0.15003704,-0.7934938415517002,1.0,1.0,5.409484822152563,0.9545195728630734,1.0,2.4518850197897093,0.04026639387395124,0.36134618206721125,0.0005613189610080003,119.78918918918919,0.505464480874317,0
915,0x78ddddd47a68d86698e189c755b2059d0855550e72ab5ca2c55bf2f78fd057de,1,0xeb55a78c79b91719f6817855c5ad43a7aa0bf08c,0xdac17f958d2ee523a2206206994597c13d831ec7,2022-03-03 23:59:27+00:00,300000,109000000000,1409117,63185,0.0,51443,,24,2021-03-03T00:00:00,2248011,39480227,0.05694017412817814,366,47825,61329,0.7798105300918,186,41,0x78ddddd47a68d86698e189c755b2059d0855550e72ab5ca2c55bf2f78fd057de,22161,185,1,7298334,365,2355122,25013,185,1187714,2,1.0,0.0,1,0,-0.326947045638107,0.40631688995625603,0.42165479647630544,0.3395662367854731,-0.7975282853876831,-0.7416086707048405,-0.156272570159405,1.7001064434457724,-0.7753211247390456,-0.06149548981829726,-0.36968900627717727,0.4329620145782994,0.33788139247690746,0.3382271778970605,-0.6059023025832019,-0.3627338668041344,-0.36917608642029714,-0.38100038100057154,-0.38189438527862035,-0.3770491803278689,-0.21821789023599258,-0.3846153846153846,0.9304632805742015,3.0907047692280045,-1.0602284271783304,-0.15431560087569074,-0.15003704,-0.7934927357450172,1.0,1.0,5.409484822152563,0.9545195728630734,1.0,2.4518850197897093,0.04026639387395124,0.36134618206721125,0.0005613189610080003,119.78918918918919,0.505464480874317,0
900,0xf44e78c7397b6960a6b9a16241afa87047a34a1c3aa13a6b00ea5d8ec52247d3,1,0xdfd5293d8e347dfe59e90efd55b2956a1343963d,0xdac17f958d2ee523a2206206994597c13d831ec7,2022-03-03 23:59:27+00:00,207128,67032175314,12067250,63209,0.0,3049080,2.0,3,2021-03-03T00:00:00,2248011,39480227,0.05694017412817814,366,777853,3049695,0.2550592764194452,284,42,0xf44e78c7397b6960a6b9a16241afa87047a34a1c3aa13a6b00ea5d8ec52247d3,512181,275,1,7298334,365,2355122,1034983,283,1820718,2,1.0,0.0,1,0,-0.326947045638107,0.40631688995625603,0.42165479647630544,0.3395662367854731,0.6641674781979842,0.4952536116686011,0.5189792762083941,1.7748035631050771,0.35853657965039126,0.545367896546478,-0.36968900627717727,0.4329620145782994,0.33788139247690746,0.3382271778970605,0.34658817705923045,0.3825055241142132,0.3787928022664306,-0.38100038100057154,-0.38189438527862035,-0.3770491803278689,-0.21821789023599258,-0.3846153846153846,-0.01272602785125505,-0.20521327272746287,0.3665038625270311,-0.15366309442369414,-0.15003704,0.31144294013884877,1.0,1.0,5.409484822152563,0.9545195728630734,1.0,2.9466136158758163,0.4272229816902004,0.16794499122043352,0.012973101699744532,1862.4763636363637,0.7513661202185792,0
33,0xb45b07f1ea8c1da33d6adf723fc40fba784f73e856b74474f10296425408095e,5,0x1820d55b7c6d063c6234e50919424525ca05d819,0xe66b31678d6c16e9ebf358268a790b763c133750,2022-03-03 23:59:27+00:00,217682,72032175314,3814860,182661,2.1181168e+18,22,2.0,4,2021-03-03T00:00:00,409482,668284,0.6127365012479724,258,47,47,1.0,12,1,0xb45b07f1ea8c1da33d6adf723fc40fba784f73e856b74474f10296425408095e,19,11,13,239295,258,1656326,3,22,147607,8,5.0,5.0,1,3,4.703007502640462,-2.176725571240592,-2.4790203559524007,-0.8812444680358009,-0.8931916026749597,-0.7669728310481215,-1.3551891137103953,-1.287778342926411,-0.8265555178058406,-1.2347647034568627,2.4740725804703403,-2.376962681602971,-0.872879123096739,-0.8875050846228388,-0.6294889307957797,-1.602264690474447,-1.598185187319006,3.4290034290051437,1.5765383597399454,3.721311475409836,-0.21821789023599258,1.923076923076923,0.0944582683965082,0.18745874048924183,-0.7381878578935743,3.093970268238749,6.9910707,-0.8124466308929702,0.38461538461538464,0.9961389961389961,2.7927202824965,0.24722292156077877,0.5217391304347826,15.666666666666666,0.00031841092623706034,0.40425531914893614,2.8431026330123123e-05,1.7272727272727273,0.04263565891472868,0
123,0x6083176fd67c3d500db3370bfe32f0c87b5e96a65a6cb47ef5b43acecf96f460,1,0x1bc749588997829c284c61bda0d137f86de7ca04,0xf8f12fe1b51d1398019c4facd4d00adab5fef746,2022-03-03 23:58:38+00:00,185177,87794268068,1680075,85177,0.0,6841,,29,2021-03-03T00:00:00,12096,13992,0.8644939965694682,363,4652,5455,0.8527956003666362,359,1,0x6083176fd67c3d500db3370bfe32f0c87b5e96a65a6cb47ef5b43acecf96f460,5430,359,2,4063,365,2354546,1,365,2354546,3,2.0,1.0,1,1,-0.326947045638107,-2.735033278916223,-2.5279199574702345,0.3056548283182155,-0.8839712590836016,-0.7647345003941536,1.0357536484286485,-1.287778342926411,-0.8140350001974751,1.1117737238202683,-0.1327088740482175,-2.470599252548692,0.33788139247690746,0.33721683756424314,-0.6294908169715664,1.0060731777397693,1.0095735491651208,0.25400025400038095,0.10771380097602111,0.4426229508196722,-0.21821789023599258,0.3846153846153846,-0.23565595839272283,1.4253252793335645,-1.0239571095137838,0.44359781130386633,-0.15003704,-0.8099331323026299,0.5,0.9918032786885246,3.4437607679054887,0.005137293925328312,0.9808743169398907,5455.0,0.001975751598927522,0.995417048579285,0.38807890222984565,15.125348189415043,0.9889807162534435,0
