transaction_hash,trace_involved_amt,from_address,to_address,block_timestamp,gas,gas_price,receipt_cumulative_gas_used,receipt_gas_used,value,nonce,transaction_type,rn,lb_block_timestamp,contract_block_involved,contract_tx_count,contract_block_per_tx,contract_main_active_days,sender_block_involved,sender_tx_count,sender_block_per_tx,sender_main_active_days,contract_interact,add_feat_hash,sender_tx_count_call_contract,sender_days_call_contract,trace_amt,distinct_sender_in_contract,contract_lifetime_days,contract_lifetime_block,distinct_contract_sender_called,sender_lifetime_days,sender_lifetime_block,contract_involved_amt,max_breadth,depth,distinct_was_called_in_sample,distinct_sender_call_in_sample,z_trace_involved_amt,z_contract_block_involved,z_contract_tx_count,z_contract_main_active_days,z_sender_block_involved,z_sender_tx_count,z_sender_main_active_days,z_contract_interact,z_sender_tx_count_call_contract,z_sender_days_call_contract,z_trace_amt,z_distinct_sender_in_contract,z_contract_lifetime_days,z_contract_lifetime_block,z_distinct_contract_sender_called,z_sender_lifetime_days,z_sender_lifetime_block,z_contract_involved_amt,z_max_breadth,z_depth,z_distinct_was_called_in_sample,z_distinct_sender_call_in_sample,z_gas,z_gas_price,z_receipt_cumulative_gas_used,z_receipt_gas_used,z_value,z_nonce,involved_trace_ratio,contract_active_day_ratio,tx_count_per_distinct_caller,contract_block_ratio,sender_active_day_ratio,sender_tx_count_per_contract,sender_block_ratio,tx_sender_call_contract,sender_call_contract_tx_ratio,sender_tx_count_call_contract_per_days,sender_call_contract_day_ratio,is_sus
0x86b43f0ec7f8893b7cedfdc98ecfa64e47d20d6d4ceac26c22263aa4c23a19a0,5,0x14c19962e4a899f29b3dd9ff52ebfb5e4cb9a067,0x6cfa86a352339e766ff1ca119c8c40824f41f22d,2022-11-10 19:32:47.000000 UTC,420744,23167610784,3799380,383622,0.0,12,2,1,2021-11-10T00:00:00,9,9,1.0,1,14,14,1.0,1,6,0x86b43f0ec7f8893b7cedfdc98ecfa64e47d20d6d4ceac26c22263aa4c23a19a0,9,1,94,1,0,77,3,0,81,14,11,7,2,1,0.09202202099475953,-0.5151867073880754,-0.5151867073880754,-0.7987443689227,-1.1112810679637346,-1.0786451966712707,-1.1147454231304637,-0.21727913505159455,0.019762176923161758,-0.5188617301169163,0.14386034207885257,-0.7613659825782316,-1.0316749898802478,-1.0254975614872572,-0.9673417396914256,-1.4376831488077246,-1.4554887523263453,0.6544441860863724,0.07313478589594537,1.545162998411589,1.7688683343132057,-1.6218247992999477,0.03586854286714475,-0.22682243402083874,-0.8099492568751595,0.08680899720898376,0.0,-1.1145044029720168,0.05319148936170213,1.0,9.0,0.11538461538461539,1.0,4.666666666666667,0.17073170731707318,0.6428571428571429,1.0,9.0,1.0,1
0x52c53c5a2ae3082b8765dd5924d6ad0dc704223f6d0c98325a1b9ccd9d134ef7,5,0x14c19962e4a899f29b3dd9ff52ebfb5e4cb9a067,0x6cfa86a352339e766ff1ca119c8c40824f41f22d,2022-11-10 19:32:11.000000 UTC,412332,23834038926,5304540,375210,0.0,11,2,2,2021-11-10T00:00:00,8,8,1.0,1,13,13,1.0,1,5,0x52c53c5a2ae3082b8765dd5924d6ad0dc704223f6d0c98325a1b9ccd9d134ef7,8,1,94,1,0,74,3,0,78,14,11,7,2,1,0.09202202099475953,-0.5284522827187608,-0.5284522827187608,-0.7987443689227,-1.1139589709929145,-1.0811217354238034,-1.1147454231304637,-0.45159977089154935,-0.052699138461764515,-0.5188617301169163,0.14386034207885257,-0.7613659825782316,-1.0316749898802478,-1.0255543808122858,-0.9673417396914256,-1.4376831488077246,-1.455492418211267,0.6544441860863724,0.07313478589594537,1.545162998411589,1.7688683343132057,-1.6218247992999477,0.015375219376594682,-0.2005781679799823,-0.5531390452141992,0.06555324009434557,0.0,-1.1170637007952167,0.05319148936170213,1.0,8.0,0.10666666666666667,1.0,4.333333333333333,0.16455696202531644,0.6153846153846154,1.0,8.0,1.0,1
0x0249d39723c2a69308ce43b11f37a2687b79d4077a7defcc34dc56f71fb4abb9,5,0x14c19962e4a899f29b3dd9ff52ebfb5e4cb9a067,0x6cfa86a352339e766ff1ca119c8c40824f41f22d,2022-11-10 19:31:47.000000 UTC,412332,24460135579,6148290,375210,0.0,10,2,3,2021-11-10T00:00:00,7,7,1.0,1,12,12,1.0,1,4,0x0249d39723c2a69308ce43b11f37a2687b79d4077a7defcc34dc56f71fb4abb9,7,1,94,1,0,72,3,0,76,14,11,7,2,1,0.09202202099475953,-0.5417178580494463,-0.5417178580494463,-0.7987443689227,-1.1166368740220947,-1.083598274176336,-1.1147454231304637,-0.6859204067315041,-0.12516045384669078,-0.5188617301169163,0.14386034207885257,-0.7613659825782316,-1.0316749898802478,-1.0255922603623049,-0.9673417396914256,-1.4376831488077246,-1.4554948621345483,0.6544441860863724,0.07313478589594537,1.545162998411589,1.7688683343132057,-1.6218247992999477,0.015375219376594682,-0.17592217569353744,-0.40917852534326504,0.06555324009434557,0.0,-1.1196229986184167,0.05319148936170213,1.0,7.0,0.0958904109589041,1.0,4.0,0.15584415584415584,0.5833333333333334,1.0,7.0,1.0,1
0xc5a8f6d30b22d46f3e5f13e67b5044547f1c11e04a029bbd6baba4ced6bcc9ec,5,0x14c19962e4a899f29b3dd9ff52ebfb5e4cb9a067,0x6cfa86a352339e766ff1ca119c8c40824f41f22d,2022-11-10 19:29:23.000000 UTC,412332,22738301103,8999252,375210,0.0,9,2,4,2021-11-10T00:00:00,6,6,1.0,1,11,11,1.0,1,3,0xc5a8f6d30b22d46f3e5f13e67b5044547f1c11e04a029bbd6baba4ced6bcc9ec,6,1,94,1,0,60,3,0,64,14,11,7,2,1,0.09202202099475953,-0.5549834333801317,-0.5549834333801317,-0.7987443689227,-1.1193147770512746,-1.0860748129288686,-1.1147454231304637,-0.9202410425714589,-0.19762176923161706,-0.5188617301169163,0.14386034207885257,-0.7613659825782316,-1.0316749898802478,-1.0258195376624195,-0.9673417396914256,-1.4376831488077246,-1.4555095256742347,0.6544441860863724,0.07313478589594537,1.545162998411589,1.7688683343132057,-1.6218247992999477,0.015375219376594682,-0.24372885914308276,0.07725225587424979,0.06555324009434557,0.0,-1.1221822964416166,0.05319148936170213,1.0,6.0,0.09836065573770492,1.0,3.6666666666666665,0.16923076923076924,0.5454545454545454,1.0,6.0,1.0,1
0x6bfd9e286e37061ed279e4f139fbc03c8bd707a2cdd15f7260549052cbba79b7,5,0x14c19962e4a899f29b3dd9ff52ebfb5e4cb9a067,0x6cfa86a352339e766ff1ca119c8c40824f41f22d,2022-11-10 19:27:59.000000 UTC,412332,24767197621,6529254,375210,0.0,8,2,5,2021-11-10T00:00:00,5,5,1.0,1,10,10,1.0,1,2,0x6bfd9e286e37061ed279e4f139fbc03c8bd707a2cdd15f7260549052cbba79b7,5,1,94,1,0,53,3,0,57,14,11,7,2,1,0.09202202099475953,-0.5682490087108172,-0.5682490087108172,-0.7987443689227,-1.1219926800804547,-1.0885513516814014,-1.1147454231304637,-1.1545616784114137,-0.27008308461654335,-0.5188617301169163,0.14386034207885257,-0.7613659825782316,-1.0316749898802478,-1.0259521160874863,-0.9673417396914256,-1.4376831488077246,-1.4555180794057188,0.6544441860863724,0.07313478589594537,1.545162998411589,1.7688683343132057,-1.6218247992999477,0.015375219376594682,-0.16382992236054925,-0.3441784951303933,0.06555324009434557,0.0,-1.1247415942648165,0.05319148936170213,1.0,5.0,0.09259259259259259,1.0,3.3333333333333335,0.1724137931034483,0.5,1.0,5.0,1.0,1
0x390def749b71f516d8bf4329a4cb07bb3568a3627c25e607556621182a17f1f9,5,0x14c19962e4a899f29b3dd9ff52ebfb5e4cb9a067,0x6cfa86a352339e766ff1ca119c8c40824f41f22d,2022-11-10 19:21:59.000000 UTC,689710,25142654613,9210346,640467,0.0,2,2,6,2021-11-10T00:00:00,2,2,1.0,1,4,4,1.0,1,1,0x390def749b71f516d8bf4329a4cb07bb3568a3627c25e607556621182a17f1f9,2,1,138,1,0,23,1,0,27,17,11,11,4,5,0.09202202099475953,-0.6080457347028736,-0.6080457347028736,-0.7987443689227,-1.138060098255535,-1.1034105841965973,-1.1147454231304637,-1.3888823142513684,-0.48746703077132214,-0.5188617301169163,0.45167822698674226,-0.7613659825782316,-1.0316749898802478,-1.0265203093377726,-0.9992959713328841,-1.4376831488077246,-1.4555547382549354,1.3010507172495547,0.07313478589594537,3.696655781010004,5.908772946535602,0.890861509474619,0.6911238027291619,-0.14904424245907277,0.11326908785248384,0.735814576870092,0.0,-1.1400973812040158,0.036231884057971016,1.0,2.0,0.08333333333333333,1.0,4.0,0.14285714285714285,0.5,1.0,2.0,1.0,1
0x471f37f07beb1e36ede6a2e53984550782836e4867a92abd7f5c5eeefc1e9d8b,1,0x55639dac6e3d86d3d291716c63efcd9b209b9a3c,0xa06943f16e0bcd73025807428c0ab1088575f1b7,2022-11-09 23:26:11.000000 UTC,332600,84174517784,9360833,266080,0.0,164,2,7,2021-11-09T00:00:00,245,245,1.0,24,173,173,1.0,22,15,0x471f37f07beb1e36ede6a2e53984550782836e4867a92abd7f5c5eeefc1e9d8b,51,15,36,56,23,170621,13,36,259397,15,6,5,1,4,-0.36808808397903825,2.6154890706536933,2.6154890706536933,2.3391799375593356,-0.685494486324107,-0.6848755350185776,-0.7941450835598247,1.8916065875079986,3.0631374230900654,2.530936225532133,-0.2618995971179111,2.2851050455952477,2.128298042077412,2.2045674277405443,-0.8075705814841331,-1.158274762997036,-1.1386145475439697,0.8699796964740998,-0.2411162472506948,0.4694166071123816,-0.30108397179799257,0.2626899322809773,-0.17886796518694997,2.175659389199926,0.13894516104219318,-0.2102005371192141,0.0,-0.7254911338456312,0.027777777777777776,1.0,4.375,0.0014359226828896626,0.5945945945945946,13.307692307692308,0.0006669288120956985,0.2947976878612717,0.20816326530612245,3.4,0.625,0
0x67e002d106f90da797cff60eae5ba2bf3a6459873535a990d146748d9f70045b,1,0x55639dac6e3d86d3d291716c63efcd9b209b9a3c,0xa06943f16e0bcd73025807428c0ab1088575f1b7,2022-11-09 23:13:11.000000 UTC,332612,121335933172,12680093,266090,0.0,162,2,8,2021-11-09T00:00:00,244,244,1.0,24,170,170,1.0,22,14,0x67e002d106f90da797cff60eae5ba2bf3a6459873535a990d146748d9f70045b,50,15,36,56,23,170556,13,36,259332,15,6,5,1,4,-0.36808808397903825,2.602223495323008,2.602223495323008,2.3391799375593356,-0.6935281954116471,-0.6923051512761756,-0.7941450835598247,1.6572859516680438,2.990676107705139,2.530936225532133,-0.2618995971179111,2.2851050455952477,2.128298042077412,2.2033363423649237,-0.8075705814841331,-1.158274762997036,-1.138693975050606,0.8699796964740998,-0.2411162472506948,0.4694166071123816,-0.30108397179799257,0.2626899322809773,-0.178838730773982,3.639094094959168,0.7052768886709895,-0.21017526874413725,0.0,-0.7306097294920311,0.027777777777777776,1.0,4.357142857142857,0.0014306067766201329,0.5945945945945946,13.076923076923077,0.0006555278348686824,0.29411764705882354,0.20491803278688525,3.3333333333333335,0.625,0
0xa348118a1f10b102e51aa9f7d2a31e6896ae94ae70ac0e656b87e9c3c17defaf,1,0x55639dac6e3d86d3d291716c63efcd9b209b9a3c,0xa06943f16e0bcd73025807428c0ab1088575f1b7,2022-11-09 16:04:35.000000 UTC,332612,91867667442,14863063,266090,0.0,146,2,9,2021-11-09T00:00:00,232,232,1.0,24,153,153,1.0,22,13,0xa348118a1f10b102e51aa9f7d2a31e6896ae94ae70ac0e656b87e9c3c17defaf,42,15,36,56,23,168431,13,36,257207,15,6,5,1,4,-0.36808808397903825,2.4430365913547822,2.4430365913547822,2.3391799375593356,-0.7390525469077079,-0.7344063100692308,-0.7941450835598247,1.422965315828089,2.410985584625729,2.530936225532133,-0.2618995971179111,2.2851050455952477,2.128298042077412,2.163089320469641,-0.8075705814841331,-1.158274762997036,-1.141290643536787,0.8699796964740998,-0.2411162472506948,0.4694166071123816,-0.30108397179799257,0.2626899322809773,-0.178838730773982,2.4786193838225357,1.0777349580785784,-0.21017526874413725,0.0,-0.7715584946632296,0.027777777777777776,1.0,4.142857142857143,0.0013774104683195593,0.5945945945945946,11.76923076923077,0.0005948493048427731,0.27450980392156865,0.1810344827586207,2.8,0.625,0
0x824f26233be8a81f657a02084843a572cc974145c47a59bd6324c1e64843b3d1,1,0x55639dac6e3d86d3d291716c63efcd9b209b9a3c,0xa06943f16e0bcd73025807428c0ab1088575f1b7,2022-11-09 10:38:59.000000 UTC,332612,104257931296,12339358,266090,0.0,144,2,10,2021-11-09T00:00:00,226,226,1.0,24,151,151,1.0,22,12,0x824f26233be8a81f657a02084843a572cc974145c47a59bd6324c1e64843b3d1,41,15,36,55,23,166820,13,36,255596,15,6,5,1,4,-0.36808808397903825,2.3634431393706694,2.3634431393706694,2.3391799375593356,-0.7444083529660681,-0.7393593875742962,-0.7941450835598247,1.1886446799881343,2.3385242692408026,2.530936225532133,-0.2618995971179111,2.229714663264821,2.128298042077412,2.1325773429292645,-0.8075705814841331,-1.158274762997036,-1.1432592237397226,0.8699796964740998,-0.2411162472506948,0.4694166071123816,-0.30108397179799257,0.2626899322809773,-0.178838730773982,2.9665540318476236,0.6471407254256885,-0.21017526874413725,0.0,-0.7766770903096294,0.027777777777777776,1.0,4.109090909090909,0.0013547455056617571,0.5945945945945946,11.615384615384615,0.0005907737571254749,0.271523178807947,0.18141592920353983,2.7333333333333334,0.625,0
0xe4c5cd89144d0bd469425ae43c8c9effef62436c9d785e4c275941dfa411acfe,1,0x55639dac6e3d86d3d291716c63efcd9b209b9a3c,0xa06943f16e0bcd73025807428c0ab1088575f1b7,2022-11-09 08:02:35.000000 UTC,332600,16248250328,10180145,266080,0.0,139,2,11,2021-11-09T00:00:00,222,222,1.0,24,146,146,1.0,22,11,0xe4c5cd89144d0bd469425ae43c8c9effef62436c9d785e4c275941dfa411acfe,39,15,36,54,23,166046,13,36,254822,15,6,5,1,4,-0.36808808397903825,2.310380838047928,2.310380838047928,2.3391799375593356,-0.7577978681119683,-0.7517420813369594,-0.7941450835598247,0.9543240441481794,2.19360163847095,2.530936225532133,-0.2618995971179111,2.174324280934394,2.128298042077412,2.1179179570718767,-0.8075705814841331,-1.158274762997036,-1.1442050220495128,0.8699796964740998,-0.2411162472506948,0.4694166071123816,-0.30108397179799257,0.2626899322809773,-0.17886796518694997,-0.4993102315722298,0.2787360723980389,-0.2102005371192141,0.0,-0.7894735794256289,0.027777777777777776,1.0,4.111111111111111,0.001336970857648738,0.5945945945945946,11.23076923076923,0.0005729467120314885,0.2671232876712329,0.17567567567567569,2.6,0.625,0
0x50e8eaa3a6d075a0ba3b466a43875ddcb85aac49b86ea09504823caaea5da5e8,1,0x55639dac6e3d86d3d291716c63efcd9b209b9a3c,0xa06943f16e0bcd73025807428c0ab1088575f1b7,2022-11-08 21:32:11.000000 UTC,332612,55338914743,7408988,266090,0.0,137,2,12,2021-11-08T00:00:00,218,218,1.0,23,144,144,1.0,21,10,0x50e8eaa3a6d075a0ba3b466a43875ddcb85aac49b86ea09504823caaea5da5e8,38,14,36,54,22,162910,13,35,251686,15,6,5,1,4,-0.36808808397903825,2.257318536725186,2.257318536725186,2.20274844597316,-0.7631536741703284,-0.7566951588420248,-0.8094117663965219,0.7200034083082246,2.1211403230860237,2.313093514414344,-0.2618995971179111,2.174324280934394,1.9909079102531657,2.0585228226419443,-0.8075705814841331,-1.166036107047333,-1.1480370937542959,0.8699796964740998,-0.2411162472506948,0.4694166071123816,-0.30108397179799257,0.2626899322809773,-0.178838730773982,1.0400992440574768,-0.1940783896629724,-0.21017526874413725,0.0,-0.7945921750720287,0.027777777777777776,1.0,4.037037037037037,0.0013381539613654082,0.5833333333333334,11.076923076923077,0.0005721392046470418,0.2638888888888889,0.1743119266055046,2.7142857142857144,0.6086956521739131,0
0xdcf853bffea5423f69a88fea4caf4a139ac26e442ae9f41787dc1bc29dd55fc8,1,0x55639dac6e3d86d3d291716c63efcd9b209b9a3c,0xa06943f16e0bcd73025807428c0ab1088575f1b7,2022-11-08 19:19:23.000000 UTC,349984,116195284180,1519976,282412,0.0,131,2,13,2021-11-08T00:00:00,214,214,1.0,23,137,137,1.0,21,9,0xdcf853bffea5423f69a88fea4caf4a139ac26e442ae9f41787dc1bc29dd55fc8,36,14,36,54,22,162250,13,35,251026,15,6,5,1,4,-0.36808808397903825,2.2042562354024438,2.2042562354024438,2.20274844597316,-0.7818989953745887,-0.7740309301097534,-0.8094117663965219,0.48568277246826985,1.9762176923161712,2.313093514414344,-0.2618995971179111,2.174324280934394,1.9909079102531657,2.046022571135645,-0.8075705814841331,-1.166036107047333,-1.1488435884370627,0.8699796964740998,-0.2411162472506948,0.4694166071123816,-0.30108397179799257,0.2626899322809773,-0.1365170456006777,3.436652824451254,-1.1988608833473215,-0.16893222694371832,0.0,-0.8099479620112282,0.027777777777777776,1.0,3.962962962962963,0.001318944105121078,0.5833333333333334,10.538461538461538,0.0005457580260290726,0.26277372262773724,0.16822429906542055,2.5714285714285716,0.6086956521739131,0
0xb7edcb3cbe6b1ac41035423e30a4dcd11ac41dbc513cb4ea6b3124d1c0ade677,1,0x55639dac6e3d86d3d291716c63efcd9b209b9a3c,0xa06943f16e0bcd73025807428c0ab1088575f1b7,2022-11-03 11:53:35.000000 UTC,335991,18070553476,7891513,273491,0.0,111,2,14,2021-11-03T00:00:00,166,166,1.0,18,115,115,1.0,17,8,0xb7edcb3cbe6b1ac41035423e30a4dcd11ac41dbc513cb4ea6b3124d1c0ade677,28,10,37,47,17,124215,13,30,212991,15,7,5,1,4,-0.36808808397903825,1.5675086195295418,1.5675086195295418,1.5205909880422828,-0.8408128620165498,-0.828514782665472,-0.8704784977433102,0.251362136628315,1.396527169236761,1.441722669943187,-0.25490373609727723,1.7865916046214056,1.3039572511319355,1.32564822864761,-0.8075705814841331,-1.2048428272988176,-1.1953208994356037,0.8699796964740998,-0.17826604062136675,0.4694166071123816,-0.30108397179799257,0.2626899322809773,-0.17060680732241654,-0.42754704270137,-0.11175003428433831,-0.19147414434976764,0.0,-0.8611339184752262,0.02702702702702703,1.0,3.5319148936170213,0.0013363817865653378,0.5483870967741935,8.846153846153847,0.0005399263822115385,0.24347826086956523,0.1686746987951807,2.8,0.5555555555555556,0
0x783a64d91e39be4905227e27e2df4e5348bc58a1b65172ad9ea8ce6c5ea87d70,1,0x391473f3e818e4b81ab0d1c58b7f5e827b780a86,0xa45f70ad02445c5c23510e93375021edc591c6d2,2022-11-02 03:56:59.000000 UTC,226350,12019895330,5650424,193598,0.0,276,2,15,2021-11-02T00:00:00,26,26,1.0,13,283,286,0.9895104895104895,41,14,0x783a64d91e39be4905227e27e2df4e5348bc58a1b65172ad9ea8ce6c5ea87d70,4,3,7,8,19,131631,48,161,1040103,7,3,3,1,4,-0.36808808397903825,-0.2896719267664225,-0.2896719267664225,0.8384335301114055,-0.3909251531143018,-0.40502665598238696,-0.5040781096625802,1.6572859516680438,-0.34254440000146963,-0.08317630788133772,-0.46477956671629295,-0.3736333062652433,1.5787375147804277,1.4661056001183939,-0.24837152775860927,-0.18810675670992322,-0.18462176299219,-0.8543043866277193,-0.4296668671386789,-0.6063297841868259,-0.30108397179799257,0.2626899322809773,-0.4377143300075568,-0.6658249185865981,-0.49412436023045025,-0.39335077335116897,0.0,-0.4388497776472419,0.14285714285714285,0.65,3.25,0.00019752035979093228,0.25308641975308643,5.958333333333333,0.00027208817579780484,0.013986013986013986,0.15384615384615385,1.3333333333333333,0.23076923076923078,0
0x36e19bb36b6fe1b3d09261b7bd2bf234a295d3f0d20d0f047b7a6710a1f8dd63,1,0x391473f3e818e4b81ab0d1c58b7f5e827b780a86,0xa45f70ad02445c5c23510e93375021edc591c6d2,2022-11-02 03:54:59.000000 UTC,240258,12419499712,4273376,202490,0.0,275,2,16,2021-11-02T00:00:00,25,25,1.0,13,282,285,0.9894736842105263,41,13,0x36e19bb36b6fe1b3d09261b7bd2bf234a295d3f0d20d0f047b7a6710a1f8dd63,3,3,8,8,19,131621,48,161,1040093,8,4,3,1,5,-0.36808808397903825,-0.30293750209710796,-0.30293750209710796,0.8384335301114055,-0.3936030561434819,-0.40750319473491964,-0.5040781096625802,1.422965315828089,-0.41500571538639586,-0.08317630788133772,-0.45778370569565907,-0.3736333062652433,1.5787375147804277,1.4659162023682986,-0.24837152775860927,-0.18810675670992322,-0.18463398260859556,-0.638768876239992,-0.36681666050935086,-0.6063297841868259,-0.30108397179799257,0.890861509474619,-0.4038316453776744,-0.650088302661546,-0.7290761184138341,-0.37088213423284244,0.0,-0.44140907547044184,0.125,0.65,3.125,0.0001899378523347161,0.25308641975308643,5.9375,0.00027112934023270973,0.010526315789473684,0.12,1.0,0.23076923076923078,0
0x87c742bfd098aea93817c9eb9fcfba2ec84369aa5979944a44ee7263f41e4a7e,1,0x55639dac6e3d86d3d291716c63efcd9b209b9a3c,0xa06943f16e0bcd73025807428c0ab1088575f1b7,2022-10-28 06:39:59.000000 UTC,335991,12606155469,1081863,273491,0.0,67,2,17,2021-10-28T00:00:00,113,113,1.0,12,70,70,1.0,11,7,0x87c742bfd098aea93817c9eb9fcfba2ec84369aa5979944a44ee7263f41e4a7e,16,6,37,34,11,79713,12,24,168489,15,7,5,1,4,-0.36808808397903825,0.8644331270032125,0.8644331270032125,0.7020020385252301,-0.9613184983296519,-0.9399590265294416,-0.9620785947634927,0.01704150078836025,0.5269913846176457,0.57035182547203,-0.25490373609727723,1.066516634325856,0.47961646018645904,0.48279036117284924,-0.8235476973048623,-1.251410891600599,-1.2497006363636192,0.8699796964740998,-0.17826604062136675,0.4694166071123816,-0.30108397179799257,0.2626899322809773,-0.17060680732241654,-0.6427377076970774,-1.2736116688195758,-0.19147414434976764,0.0,-0.9737430226960221,0.02702702702702703,1.0,3.323529411764706,0.0014175678049025266,0.44,5.833333333333333,0.0004154549231408392,0.22857142857142856,0.1415929203539823,2.6666666666666665,0.5,0
0x2ae706cc57867093c12c62bfd177efeecb7672324347524906e901c55f3d4e13,1,0x55639dac6e3d86d3d291716c63efcd9b209b9a3c,0xa06943f16e0bcd73025807428c0ab1088575f1b7,2022-10-28 06:37:59.000000 UTC,353384,12279562216,1457510,290591,0.0,64,2,18,2021-10-28T00:00:00,112,112,1.0,12,67,67,1.0,11,6,0x2ae706cc57867093c12c62bfd177efeecb7672324347524906e901c55f3d4e13,15,6,37,34,11,79703,11,24,168479,15,7,5,1,4,-0.36808808397903825,0.851167551672527,0.851167551672527,0.7020020385252301,-0.9693522074171921,-0.9473886427870396,-0.9620785947634927,-0.21727913505159455,0.4545300692327194,0.57035182547203,-0.25490373609727723,1.066516634325856,0.47961646018645904,0.48260096342275377,-0.8395248131255916,-1.251410891600599,-1.2497128559800248,0.8699796964740998,-0.17826604062136675,0.4694166071123816,-0.30108397179799257,0.2626899322809773,-0.12823396192641828,-0.6555991096678254,-1.2095188244842197,-0.1482652229683705,0.0,-0.9814209161656218,0.02702702702702703,1.0,3.2941176470588234,0.0014051992371775569,0.44,6.090909090909091,0.000397673314339981,0.22388059701492538,0.13392857142857142,2.5,0.5,0
0x2207812896997e0e128c9a04805e8e625e13a3303b3d4fa578a78d89205b6dee,1,0x11d67fa925877813b744abc0917900c2b1d6eb81,0xa06943f16e0bcd73025807428c0ab1088575f1b7,2022-10-26 02:15:47.000000 UTC,332600,14370262611,4886307,270100,0.0,996,2,19,2021-10-26T00:00:00,72,72,1.0,10,973,1033,0.9419167473378509,192,5,0x2207812896997e0e128c9a04805e8e625e13a3303b3d4fa578a78d89205b6dee,2,2,36,27,9,64087,191,290,1860524,15,6,5,1,4,-0.36808808397903825,0.32054453844510866,0.32054453844510866,0.42913905535287916,1.4568279370199306,1.4449477921595106,1.8011909986786798,-0.45159977089154935,-0.48746703077132214,-0.301019018999127,-0.2618995971179111,0.6787839580128678,0.2048361965379669,0.1868374368737028,2.0363560346056735,0.8131066257783773,0.8179012281142646,0.8699796964740998,-0.2411162472506948,0.4694166071123816,-0.30108397179799257,0.2626899322809773,-0.17886796518694997,-0.5732663059938418,-0.62449790756345,-0.20004265033832425,0.0,1.4038446550566896,0.027777777777777776,1.0,2.6666666666666665,0.0011234552490325801,0.6597938144329897,5.408376963350785,0.0005229706668816598,0.001936108422071636,0.027777777777777776,1.0,0.2,0
0xa8fa1edf56f9a4a04fe54d6ec8992a7bdb964e2aea44e0fababcd7d0dc3114b8,1,0x1b04d574d4a3d57fb724848937a926aa21c59271,0xa45f70ad02445c5c23510e93375021edc591c6d2,2022-10-25 02:45:23.000000 UTC,755364,14977874438,2295411,218638,0.0,73,0,20,2021-10-25T00:00:00,18,18,1.0,7,96,96,1.0,23,12,0xa8fa1edf56f9a4a04fe54d6ec8992a7bdb964e2aea44e0fababcd7d0dc3114b8,1,1,7,8,11,74032,18,98,649713,7,3,3,1,4,-0.36808808397903825,-0.3957965294119062,-0.3957965294119062,0.0198445805943528,-0.8916930195709707,-0.8755690189635925,-0.7788784007231276,1.1886446799881343,-0.5599283461562484,-0.5188617301169163,-0.46477956671629295,-0.3736333062652433,0.47961646018645904,0.37519349934362545,-0.7276850023804868,-0.6770714318786282,-0.6616633678487804,-0.8543043866277193,-0.4296668671386789,-0.6063297841868259,-0.30108397179799257,0.2626899322809773,0.8510701484791112,-0.5493382551922914,-1.0665562602645153,-0.33007876215876053,0.0,-0.9583872357568226,0.14285714285714285,0.5833333333333334,2.25,0.00024313481825672336,0.23232323232323232,5.333333333333333,0.00014775732091350965,0.010416666666666666,0.05555555555555555,1.0,0.14285714285714285,0
0x3880b1cad6eb4b381f5303e9a7c8af8c00142cf35ea85fdeb643f9c88d6668ec,1,0x9ecf82bf1fe738fe5e41ab46f38e37781cbfb349,0xa45f70ad02445c5c23510e93375021edc591c6d2,2022-10-24 08:47:47.000000 UTC,194848,9867667422,8909812,162588,0.0,435,2,21,2021-10-24T00:00:00,17,17,1.0,6,446,446,1.0,61,11,0x3880b1cad6eb4b381f5303e9a7c8af8c00142cf35ea85fdeb643f9c88d6668ec,3,2,7,7,10,68706,70,157,1003199,7,3,3,1,4,-0.36808808397903825,-0.40906210474259164,-0.40906210474259164,-0.11658691099182265,0.04557304064204585,-0.008780455577161289,-0.1987444529286384,0.9543240441481794,-0.41500571538639586,-0.301019018999127,-0.46477956671629295,-0.4290236885956702,0.34222632836221295,0.27432025764279006,0.10312502029743423,-0.21915213291111083,-0.22971703537526234,-0.8543043866277193,-0.4296668671386789,-0.6063297841868259,-0.30108397179799257,0.2626899322809773,-0.5144595364506509,-0.7505807058026006,0.06199201421824227,-0.47170800446445116,0.0,-0.03192142375845706,0.14285714285714285,0.5454545454545454,2.4285714285714284,0.000247427481915962,0.3860759493670886,6.371428571428571,0.0004445773524720893,0.006726457399103139,0.17647058823529413,1.5,0.3333333333333333,0
0x7d7de4597f9c43d6329062d724a0d8da47602f9e869f2fd56a847067b646e36f,1,0x9ecf82bf1fe738fe5e41ab46f38e37781cbfb349,0x46161158b1947d9149e066d6d31af1283b2d377c,2022-10-24 08:46:23.000000 UTC,187522,11638958622,5039486,182951,0.0,434,2,22,2021-10-24T00:00:00,15,15,1.0,6,445,445,1.0,61,15,0x7d7de4597f9c43d6329062d724a0d8da47602f9e869f2fd56a847067b646e36f,2,2,26,7,7,52233,70,157,1003192,9,4,4,1,5,-0.36808808397903825,-0.43559325540396254,-0.43559325540396254,-0.11658691099182265,0.0428951376128658,-0.01125699432969395,-0.1987444529286384,1.8916065875079986,-0.48746703077132214,-0.301019018999127,-0.33185820732424964,-0.4290236885956702,-0.06994406711052523,-0.03767465608944077,0.10312502029743423,-0.21915213291111083,-0.22972558910674623,-0.42323336585226456,-0.36681666050935086,-0.06845658853722214,-0.30108397179799257,0.890861509474619,-0.5323071455675993,-0.6808263923831234,-0.5983625256691569,-0.420254012295481,0.0,-0.034480721581656965,0.038461538461538464,0.75,2.142857142857143,0.00028716927671631505,0.3860759493670886,6.357142857142857,0.0004435836374456361,0.0044943820224719105,0.13333333333333333,1.0,0.3333333333333333,0
0x020e17003a84fa20957d03ffc568aae7aaffe31ad04a2c464121de66cb0a2a93,1,0x9ecf82bf1fe738fe5e41ab46f38e37781cbfb349,0xa45f70ad02445c5c23510e93375021edc591c6d2,2022-10-23 14:27:47.000000 UTC,261093,14469797567,8985653,227798,0.0,420,2,23,2021-10-23T00:00:00,15,15,1.0,5,431,431,1.0,60,10,0x020e17003a84fa20957d03ffc568aae7aaffe31ad04a2c464121de66cb0a2a93,1,1,7,7,9,63243,70,156,997736,7,3,3,1,4,-0.36808808397903825,-0.43559325540396254,-0.43559325540396254,-0.2530184025779981,0.005404495204345142,-0.0459285368651512,-0.21401113576533548,0.7200034083082246,-0.5599283461562484,-0.5188617301169163,-0.46477956671629295,-0.4290236885956702,0.2048361965379669,0.17085226676564702,0.10312502029743423,-0.22691347696140773,-0.23639261181761884,-0.8543043866277193,-0.4296668671386789,-0.6063297841868259,-0.30108397179799257,0.2626899322809773,-0.35307339586202885,-0.5693465707650901,0.07493199618864999,-0.3069329305883747,0.0,-0.07031089110645564,0.14285714285714285,0.5,2.142857142857143,0.00023717664916830054,0.3821656050955414,6.1571428571428575,0.00043197756523011575,0.002320185614849188,0.06666666666666667,1.0,0.2,0
0xd8df37eabf8de671dd8172ca636a2a5f26d77574ec92e08b9d56e52003ec818c,1,0x9ecf82bf1fe738fe5e41ab46f38e37781cbfb349,0x46161158b1947d9149e066d6d31af1283b2d377c,2022-10-23 14:26:23.000000 UTC,57631,15369637874,5463570,52697,0.0,419,2,24,2021-10-23T00:00:00,14,14,1.0,5,430,430,1.0,60,14,0xd8df37eabf8de671dd8172ca636a2a5f26d77574ec92e08b9d56e52003ec818c,1,1,2,7,6,46770,69,156,997729,3,1,1,1,1,-0.36808808397903825,-0.44885883073464805,-0.44885883073464805,-0.2530184025779981,0.0027265921751650946,-0.04840507561768386,-0.21401113576533548,1.6572859516680438,-0.5599283461562484,-0.5188617301169163,-0.4997588718194622,-0.4290236885956702,-0.20733419893477129,-0.1411426469665838,0.08714790447670498,-0.22691347696140773,-0.23640116554910273,-1.716446428178629,-0.555367280397335,-1.6820761754860334,-0.30108397179799257,-1.6218247992999477,-0.8487477401361964,-0.5339104195540659,-0.5260053664289255,-0.7493847050213583,0.0,-0.07287018892965554,0.5,0.7142857142857143,2.0,0.00029933078189476383,0.3821656050955414,6.231884057971015,0.0004309783207881892,0.002325581395348837,0.07142857142857142,1.0,0.2,0
0x4c0fa70cd8bd86d0fb3f65e0cdc837035630007760099fc0f7305b1367a3545d,32,0x9ecf82bf1fe738fe5e41ab46f38e37781cbfb349,0xeff6a7d39eeaa696d7421fa47b498b31f3bd0e39,2022-10-23 14:24:35.000000 UTC,1652368,18305114142,11711859,1584268,0.0,418,2,25,2021-10-23T00:00:00,45,45,1.0,5,429,429,1.0,60,5,0x4c0fa70cd8bd86d0fb3f65e0cdc837035630007760099fc0f7305b1367a3545d,4,2,525,24,4,32665,68,156,997720,17,60,5,1,3,3.197765229567895,-0.037625995483398754,-0.037625995483398754,-0.2530184025779981,4.8689145985047483e-05,-0.050881614370216516,-0.21401113576533548,-0.45159977089154935,-0.34254440000146963,-0.301019018999127,3.1590764419720445,0.5126128110215871,-0.4821144625832634,-0.4082881734762126,0.07117078865597573,-0.22691347696140773,-0.23641216320386774,1.3010507172495547,3.152794910733019,0.4694166071123816,-0.30108397179799257,-0.3654816449126644,3.036352262639521,-0.41830992900033354,0.5400769242304395,3.1206463434598,0.0,-0.07542948675285545,0.06095238095238095,1.0,1.875,0.0013775791342680462,0.3821656050955414,6.3088235294117645,0.00042997992424735973,0.009324009324009324,0.08888888888888889,2.0,0.4,0
0x610623426d5d50bd52af4448f61435de2d0b7db5c389d93e7efcc5f7306c4de4,1,0xd178f2d93b92ac47cf51a899463eca8acc37a8d5,0xa06943f16e0bcd73025807428c0ab1088575f1b7,2022-10-23 13:45:35.000000 UTC,332588,18131507095,9253923,266071,0.0,1139,2,26,2021-10-23T00:00:00,58,58,1.0,7,1057,1151,0.9183318853171155,140,4,0x610623426d5d50bd52af4448f61435de2d0b7db5c389d93e7efcc5f7306c4de4,1,1,36,24,6,46084,75,325,2083631,15,6,5,1,4,-0.36808808397903825,0.13482648381551224,0.13482648381551224,0.0198445805943528,1.6817717914710546,1.7371793649583644,1.0073234911704314,-0.6859204067315041,-0.5599283461562484,-0.5188617301169163,-0.2618995971179111,0.5126128110215871,-0.20733419893477129,-0.1541353326231315,0.1830105994010805,1.084753667538769,1.0905294238537542,0.8699796964740998,-0.2411162472506948,0.4694166071123816,-0.30108397179799257,0.2626899322809773,-0.17889719959991796,-0.4251466593856411,0.12070419016290244,-0.21022327865678325,0.0,1.769824243774276,0.027777777777777776,1.0,2.4166666666666665,0.0012585439947922317,0.4294478527607362,15.346666666666666,0.0005072872752962135,0.0008688097306689834,0.017241379310344827,1.0,0.14285714285714285,0
0xd8a390c00105092cd74ff4709dc7b0ed03e7c9c056e76654ffda3d93469317eb,1,0xd178f2d93b92ac47cf51a899463eca8acc37a8d5,0x46161158b1947d9149e066d6d31af1283b2d377c,2022-10-23 13:43:47.000000 UTC,183107,19405991784,8915143,173704,0.0,1137,2,27,2021-10-23T00:00:00,13,13,1.0,5,1055,1149,0.918189730200174,140,13,0xd8a390c00105092cd74ff4709dc7b0ed03e7c9c056e76654ffda3d93469317eb,2,1,22,6,6,46557,73,325,2083622,13,4,4,1,7,-0.36808808397903825,-0.4621244060653335,-0.4621244060653335,-0.2530184025779981,1.6764159854126945,1.7322262874532992,1.0073234911704314,1.422965315828089,-0.48746703077132214,-0.5188617301169163,-0.3598416514067851,-0.4844140709260971,-0.20733419893477129,-0.14517681904361682,0.15105636775962197,1.084753667538769,1.090518426198989,0.43890867569864506,-0.36681666050935086,-0.06845658853722214,-0.30108397179799257,2.1472046638619022,-0.5430629733387332,-0.3749568292522159,0.06290158877401347,-0.4436196787290353,0.0,1.7647056481278762,0.045454545454545456,0.7142857142857143,2.1666666666666665,0.00027922161604879934,0.4294478527607362,15.73972602739726,0.0005063295999324254,0.0017406440382941688,0.15384615384615385,2.0,0.2,0
0x626c05594b7b4b6d7d659a936eb836fa992a8c8f3ece03a5709fa79e84bb976b,1,0xd178f2d93b92ac47cf51a899463eca8acc37a8d5,0xa45f70ad02445c5c23510e93375021edc591c6d2,2022-10-23 13:42:47.000000 UTC,257617,18069856365,20964231,219578,0.0,1136,2,28,2021-10-23T00:00:00,14,14,1.0,5,1054,1148,0.9181184668989547,140,9,0x626c05594b7b4b6d7d659a936eb836fa992a8c8f3ece03a5709fa79e84bb976b,2,1,8,6,9,63018,73,325,2083617,8,4,3,1,5,-0.36808808397903825,-0.44885883073464805,-0.44885883073464805,-0.2530184025779981,1.6737380823835146,1.7297497487007665,1.0073234911704314,0.48568277246826985,-0.48746703077132214,-0.5188617301169163,-0.45778370569565907,-0.4844140709260971,0.2048361965379669,0.16659081738849946,0.15105636775962197,1.084753667538769,1.0905123163907864,-0.638768876239992,-0.36681666050935086,-0.6063297841868259,-0.30108397179799257,0.890861509474619,-0.3615416308184188,-0.4275744952733594,2.118715482048839,-0.3277035349015375,0.0,1.7621463503046764,0.125,0.5,2.3333333333333335,0.0002221552230279757,0.4294478527607362,15.726027397260275,0.0005058508805356836,0.0017421602787456446,0.14285714285714285,2.0,0.2,0
0xbb1fa25c5273dd036b6403d9e08ea24a62e0cd216d72258bb323b74d23c3695c,1,0xd178f2d93b92ac47cf51a899463eca8acc37a8d5,0xa45f70ad02445c5c23510e93375021edc591c6d2,2022-10-23 13:39:23.000000 UTC,261081,22600197080,22402318,227786,0.0,1135,2,29,2021-10-23T00:00:00,13,13,1.0,5,1053,1147,0.9180470793374019,140,8,0xbb1fa25c5273dd036b6403d9e08ea24a62e0cd216d72258bb323b74d23c3695c,1,1,7,6,9,63001,73,325,2083600,7,3,3,1,4,-0.36808808397903825,-0.4621244060653335,-0.4621244060653335,-0.2530184025779981,1.6710601793543345,1.727273209948234,1.0073234911704314,0.251362136628315,-0.5599283461562484,-0.5188617301169163,-0.46477956671629295,-0.4844140709260971,0.2048361965379669,0.1662688412133372,0.15105636775962197,1.084753667538769,1.090491543042897,-0.8543043866277193,-0.4296668671386789,-0.6063297841868259,-0.30108397179799257,0.2626899322809773,-0.35310263027499683,-0.24916746308625862,2.3640817068069215,-0.30696325263846685,0.0,1.7595870524814763,0.14285714285714285,0.5,2.1666666666666665,0.00020634265578870512,0.4294478527607362,15.712328767123287,0.0005053750694110821,0.0008718395815170009,0.07692307692307693,1.0,0.2,0
0x688a436916e8eaac4b86549cd630a8731c649091d4f0076fadd13401f7fa3116,1,0xd178f2d93b92ac47cf51a899463eca8acc37a8d5,0x46161158b1947d9149e066d6d31af1283b2d377c,2022-10-23 13:38:59.000000 UTC,57631,25161939467,6761453,52697,0.0,1134,2,30,2021-10-23T00:00:00,12,12,1.0,5,1052,1146,0.9179755671902269,140,12,0x688a436916e8eaac4b86549cd630a8731c649091d4f0076fadd13401f7fa3116,1,1,2,6,6,46533,72,325,2083598,3,1,1,1,1,-0.36808808397903825,-0.47538998139601896,-0.47538998139601896,-0.2530184025779981,1.6683822763251543,1.7247966711957012,1.0073234911704314,1.1886446799881343,-0.5599283461562484,-0.5188617301169163,-0.4997588718194622,-0.4844140709260971,-0.20733419893477129,-0.1456313736438459,0.13507925193889272,1.084753667538769,1.090489099119616,-1.716446428178629,-0.555367280397335,-1.6820761754860334,-0.30108397179799257,-1.6218247992999477,-0.8487477401361964,-0.148284795480414,-0.30456073068178763,-0.7493847050213583,0.0,1.7570277546582764,0.5,0.7142857142857143,2.0,0.00025787596166244035,0.4294478527607362,15.916666666666666,0.0005048956157110845,0.0008726003490401396,0.08333333333333333,1.0,0.2,0
0x081b57fbadbd2f9c8577751e015d3f0dac4b2f03951ed0c110b19df2aa9ba5fa,31,0xd178f2d93b92ac47cf51a899463eca8acc37a8d5,0xeff6a7d39eeaa696d7421fa47b498b31f3bd0e39,2022-10-23 13:38:11.000000 UTC,1608934,23495762586,27209493,1540834,0.0,1133,2,31,2021-10-23T00:00:00,43,43,1.0,5,1051,1145,0.9179039301310044,140,4,0x081b57fbadbd2f9c8577751e015d3f0dac4b2f03951ed0c110b19df2aa9ba5fa,12,3,510,24,4,32433,71,325,2083594,17,59,5,1,3,3.082737703324445,-0.06415714614476968,-0.06415714614476968,-0.2530184025779981,1.6657043732959744,1.7223201324431685,1.0073234911704314,-0.6859204067315041,0.23714612307794058,-0.08317630788133772,3.0541385266625367,0.5126128110215871,-0.4821144625832634,-0.41268220127842703,0.11910213611816349,1.084753667538769,1.0904842112730535,1.3010507172495547,3.089944704103691,0.4694166071123816,-0.30108397179799257,-0.3654816449126644,2.930538304901938,-0.2138996556285144,3.18428130634536,3.0108956831510514,0.0,1.7544684568350766,0.060784313725490195,1.0,1.7916666666666667,0.0013257692544860332,0.4294478527607362,16.12676056338028,0.0005044166452693542,0.010480349344978166,0.27906976744186046,4.0,0.6,0
0x94053512a25ab12b6ce1fc1225996c248fb220534ef23e6e136cbc67831600bb,1,0x11d67fa925877813b744abc0917900c2b1d6eb81,0xa45f70ad02445c5c23510e93375021edc591c6d2,2022-10-21 12:24:11.000000 UTC,194860,22289355234,13539089,162600,0.0,966,2,32,2021-10-21T00:00:00,10,10,1.0,3,949,1003,0.9461615154536391,187,7,0x94053512a25ab12b6ce1fc1225996c248fb220534ef23e6e136cbc67831600bb,5,2,7,5,7,48300,190,285,1827789,7,3,3,1,4,-0.36808808397903825,-0.5019211320573899,-0.5019211320573899,-0.525881385750349,1.3925582643196095,1.3706516295835307,1.7248575844951946,0.01704150078836025,-0.27008308461654335,-0.301019018999127,-0.46477956671629295,-0.539804453256524,-0.06994406711052523,-0.11216479120198031,2.020378918784944,0.7742999055268928,0.7779003138106695,-0.8543043866277193,-0.4296668671386789,-0.6063297841868259,-0.30108397179799257,0.2626899322809773,-0.5144303020376829,-0.2614085669486686,0.8518386791623115,-0.4716776824143589,0.0,1.3270657203606924,0.14285714285714285,0.375,2.0,0.00020703505103414007,0.6538461538461539,5.278947368421052,0.0005192062545478419,0.004985044865403789,0.5,2.5,0.6666666666666666,0
0x1703c53b2cb465f4eec50f603a38f3d2ae1facf55874a9172efd335efc136221,32,0x11d67fa925877813b744abc0917900c2b1d6eb81,0xeff6a7d39eeaa696d7421fa47b498b31f3bd0e39,2022-10-21 12:19:23.000000 UTC,1635417,23867947091,7550892,1567317,0.0,965,2,33,2021-10-21T00:00:00,24,24,1.0,3,948,1002,0.9461077844311377,187,3,0x1703c53b2cb465f4eec50f603a38f3d2ae1facf55874a9172efd335efc136221,3,2,525,19,2,17714,190,285,1827765,17,60,5,1,3,3.197765229567895,-0.3162030774277934,-0.3162030774277934,-0.525881385750349,1.3898803612904296,1.3681750908309982,1.7248575844951946,-0.9202410425714589,-0.41500571538639586,-0.301019018999127,3.1590764419720445,0.2356608993694526,-0.7568947262317556,-0.6914567496439163,2.020378918784944,0.7742999055268928,0.7778709867312962,1.3010507172495547,3.152794910733019,0.4694166071123816,-0.30108397179799257,-0.3654816449126644,2.995056218121177,-0.19924284786497842,-0.16986674686384345,3.077813920867048,0.0,1.3245064225374925,0.06095238095238095,1.0,1.263157894736842,0.001354784081287045,0.6538461538461539,5.273684210526316,0.0005186659561453709,0.0029940119760479044,0.125,1.5,0.6666666666666666,0
0x493578d1169f1a6241e51f0a778b4033baa089b78b2fbb22c92c2849f60d8e35,1,0x1b04d574d4a3d57fb724848937a926aa21c59271,0x46161158b1947d9149e066d6d31af1283b2d377c,2022-10-21 07:44:23.000000 UTC,172893,27608516869,537947,52697,0.0,72,0,34,2021-10-21T00:00:00,11,11,1.0,4,95,95,1.0,22,11,0x493578d1169f1a6241e51f0a778b4033baa089b78b2fbb22c92c2849f60d8e35,2,1,2,5,4,30438,17,94,622585,3,1,1,1,1,-0.36808808397903825,-0.4886555567267044,-0.4886555567267044,-0.3894498941641736,-0.8943709226001507,-0.8780455577161251,-0.7941450835598247,0.9543240441481794,-0.48746703077132214,-0.5188617301169163,-0.4997588718194622,-0.539804453256524,-0.4821144625832634,-0.4504670524224688,-0.7436621182012161,-0.7081168080798157,-0.6948127432337791,-1.716446428178629,-0.555367280397335,-1.6820761754860334,-0.30108397179799257,-1.6218247992999477,-0.5679463311766407,-0.05193738128667882,-1.3664145489690502,-0.7493847050213583,0.0,-0.9609465335800226,0.5,0.8,2.2,0.00036137849469430666,0.23157894736842105,5.588235294117647,0.00015258936114849998,0.021052631578947368,0.18181818181818182,2.0,0.25,0
0xe2d56644a4d766123833d8519e31e0b5e0d197d689f1c0e5ad7cd0532186ea3d,1,0x1b04d574d4a3d57fb724848937a926aa21c59271,0x46161158b1947d9149e066d6d31af1283b2d377c,2022-10-21 07:39:59.000000 UTC,562602,29679472319,680430,182963,0.0,71,0,35,2021-10-21T00:00:00,10,10,1.0,4,94,94,1.0,22,10,0xe2d56644a4d766123833d8519e31e0b5e0d197d689f1c0e5ad7cd0532186ea3d,1,1,26,5,4,30417,17,94,622564,9,4,4,1,5,-0.36808808397903825,-0.5019211320573899,-0.5019211320573899,-0.3894498941641736,-0.8970488256293307,-0.8805220964686578,-0.7941450835598247,0.7200034083082246,-0.5599283461562484,-0.5188617301169163,-0.33185820732424964,-0.539804453256524,-0.4821144625832634,-0.45086478769766924,-0.7436621182012161,-0.7081168080798157,-0.6948384044282306,-0.42323336585226456,-0.36681666050935086,-0.06845658853722214,-0.30108397179799257,0.890861509474619,0.3814631557680543,0.02961785680013289,-1.3421041172620631,-0.42022369024538875,0.0,-0.9635058314032224,0.038461538461538464,0.8,2.0,0.00032875271220987574,0.23157894736842105,5.529411764705882,0.0001509882502228683,0.010638297872340425,0.1,1.0,0.25,0
0x6e7b4239267eee2731d46ad16523ba9037e612711cba12f951d9ceb3962cfdbd,1,0x11d67fa925877813b744abc0917900c2b1d6eb81,0xa45f70ad02445c5c23510e93375021edc591c6d2,2022-10-20 15:22:23.000000 UTC,194860,40051528608,18020514,162600,0.0,958,2,36,2021-10-20T00:00:00,8,8,1.0,2,943,995,0.9477386934673366,186,6,0x6e7b4239267eee2731d46ad16523ba9037e612711cba12f951d9ceb3962cfdbd,3,1,7,5,6,42012,189,284,1821501,7,3,3,1,4,-0.36808808397903825,-0.5284522827187608,-0.5284522827187608,-0.6623128773365244,1.3764908461445293,1.3508393195632695,1.7095909016584974,-0.21727913505159455,-0.41500571538639586,-0.5188617301169163,-0.46477956671629295,-0.539804453256524,-0.20733419893477129,-0.23125809646199777,2.004401802964215,0.7665385614765958,0.7702166190148544,-0.8543043866277193,-0.4296668671386789,-0.6063297841868259,-0.30108397179799257,0.2626899322809773,-0.5144303020376829,0.4380745042375308,1.6164588542883571,-0.4716776824143589,0.0,1.3065913377750933,0.14285714285714285,0.2857142857142857,1.6,0.00019041725180301335,0.6526315789473685,5.264550264550264,0.0005177046195941591,0.003015075376884422,0.375,3.0,0.5,0
0xce76002b475f3cb6484a2224d9102dc0e2700f45257ce9e6ea1168598ee8998f,32,0x11d67fa925877813b744abc0917900c2b1d6eb81,0xeff6a7d39eeaa696d7421fa47b498b31f3bd0e39,2022-10-20 15:21:35.000000 UTC,1652700,36013362705,14611313,1584381,0.0,957,2,37,2021-10-20T00:00:00,22,22,1.0,2,942,994,0.9476861167002012,186,2,0xce76002b475f3cb6484a2224d9102dc0e2700f45257ce9e6ea1168598ee8998f,2,1,525,18,1,11446,189,284,1821497,17,60,5,1,3,3.197765229567895,-0.3427342280891643,-0.3427342280891643,-0.6623128773365244,1.3738129431153492,1.3483627808107368,1.7095909016584974,-1.1545616784114137,-0.48746703077132214,-0.5188617301169163,3.1590764419720445,0.1802705170390257,-0.8942848580560016,-0.8101712594037429,2.004401802964215,0.7665385614765958,0.7702117311682922,1.3010507172495547,3.152794910733019,0.4694166071123816,-0.30108397179799257,-0.3654816449126644,3.037161081398302,0.2790495567654787,1.0347814044459767,3.1209318760981684,0.0,1.3040320399518932,0.06095238095238095,1.0,1.2222222222222223,0.0019219009347427273,0.6526315789473685,5.2592592592592595,0.0005171567577894677,0.002012072434607646,0.09090909090909091,2.0,0.5,0
0x4b47db1276d9ad07094bd4f0a6e6e9e986cced7a28184a951130d2eec12daee9,1,0x05b0e0b39309bd0ffe8700cd91dee76ebb1394ee,0xa06943f16e0bcd73025807428c0ab1088575f1b7,2022-10-20 03:38:59.000000 UTC,332588,19570834101,2210592,266071,0.0,376,2,38,2021-10-20T00:00:00,19,19,1.0,4,335,339,0.9882005899705014,75,3,0x4b47db1276d9ad07094bd4f0a6e6e9e986cced7a28184a951130d2eec12daee9,2,2,36,11,3,21564,47,334,2134618,15,6,5,1,4,-0.36808808397903825,-0.38253095408122073,-0.38253095408122073,-0.3894498941641736,-0.2516741955969394,-0.27377010209815594,0.01498910678512081,-0.9202410425714589,-0.48746703077132214,-0.301019018999127,-0.2618995971179111,-0.2074621592739626,-0.6195045944075095,-0.618538615857169,-0.2643486435793385,1.154605763991441,1.1528335820207742,0.8699796964740998,-0.2411162472506948,0.4694166071123816,-0.30108397179799257,0.2626899322809773,-0.17889719959991796,-0.36846525821928194,-1.0810280674762873,-0.21022327865678325,0.0,-0.18291999532725145,0.027777777777777776,1.0,1.7272727272727273,0.000881057268722467,0.22388059701492538,7.212765957446808,0.00015693667113428672,0.0058997050147492625,0.10526315789473684,1.0,0.5,0
0x1a848c5ec11515d78abfe39d79ada2fa63af1c48073b3ad9d67a9934d14dc471,1,0x05b0e0b39309bd0ffe8700cd91dee76ebb1394ee,0x46161158b1947d9149e066d6d31af1283b2d377c,2022-10-20 03:33:35.000000 UTC,183119,17122825655,13130726,173716,0.0,374,2,39,2021-10-20T00:00:00,9,9,1.0,3,333,337,0.9881305637982196,75,9,0x1a848c5ec11515d78abfe39d79ada2fa63af1c48073b3ad9d67a9934d14dc471,3,2,22,4,3,22019,47,334,2134591,13,4,4,1,7,-0.36808808397903825,-0.5151867073880754,-0.5151867073880754,-0.525881385750349,-0.2570300016552995,-0.2787231796032213,0.01498910678512081,0.48568277246826985,-0.41500571538639586,-0.301019018999127,-0.3598416514067851,-0.5951948355869509,-0.6195045944075095,-0.6099210182278262,-0.2643486435793385,1.154605763991441,1.1528005890564792,0.43890867569864506,-0.36681666050935086,-0.06845658853722214,-0.30108397179799257,2.1472046638619022,-0.5430337389257652,-0.46486902762535776,0.7821638349832842,-0.4435893566789431,0.0,-0.18803859097365125,0.045454545454545456,0.75,2.25,0.00040871934604904634,0.22388059701492538,7.170212765957447,0.0001560017089916949,0.008902077151335312,0.3333333333333333,1.5,0.6666666666666666,0
0xe351713b5a32b569464a125c6dd184c22c6ee88bf095a6371f5003edbf87f430,1,0x05b0e0b39309bd0ffe8700cd91dee76ebb1394ee,0xa45f70ad02445c5c23510e93375021edc591c6d2,2022-10-20 03:31:47.000000 UTC,230952,18137158577,1319712,193330,0.0,373,2,40,2021-10-20T00:00:00,7,7,1.0,2,332,336,0.9880952380952381,75,5,0xe351713b5a32b569464a125c6dd184c22c6ee88bf095a6371f5003edbf87f430,2,1,8,5,6,38476,47,334,2134582,8,4,3,1,5,-0.36808808397903825,-0.5417178580494463,-0.5417178580494463,-0.6623128773365244,-0.2597079046844795,-0.28119971835575397,0.01498910678512081,-0.45159977089154935,-0.48746703077132214,-0.5188617301169163,-0.45778370569565907,-0.539804453256524,-0.20733419893477129,-0.29822914089574803,-0.2643486435793385,1.154605763991441,1.1527895914017143,-0.638768876239992,-0.36681666050935086,-0.6063297841868259,-0.30108397179799257,0.890861509474619,-0.4265029326343386,-0.4249241012615379,-1.2330299020749456,-0.3940279658032283,0.0,-0.19059788879685116,0.125,0.2857142857142857,1.4,0.00018192686540010916,0.22388059701492538,7.148936170212766,0.00015553389116281728,0.005952380952380952,0.2857142857142857,2.0,0.5,0
0xb2d662cb9dbc2800276450f9a312f1fc6be0e070634f987c5e28100ee69ba415,1,0x11d67fa925877813b744abc0917900c2b1d6eb81,0xa45f70ad02445c5c23510e93375021edc591c6d2,2022-10-20 02:13:23.000000 UTC,212232,17668829856,5086249,179700,0.0,945,2,41,2021-10-20T00:00:00,6,6,1.0,2,930,982,0.9470468431771895,186,4,0xb2d662cb9dbc2800276450f9a312f1fc6be0e070634f987c5e28100ee69ba415,2,1,7,5,6,38089,186,284,1817578,7,3,3,1,4,-0.36808808397903825,-0.5549834333801317,-0.5549834333801317,-0.6623128773365244,1.3416781067651886,1.318644315780345,1.7095909016584974,-0.6859204067315041,-0.48746703077132214,-0.5188617301169163,-0.46477956671629295,-0.539804453256524,-0.20733419893477129,-0.3055588338244418,1.9564704555020274,0.7665385614765958,0.7654228634989539,-0.8543043866277193,-0.4296668671386789,-0.6063297841868259,-0.30108397179799257,0.2626899322809773,-0.47210861686437866,-0.4433671152549326,-0.5903838284357057,-0.4284687610329618,0.0,1.2733204660734945,0.14285714285714285,0.2857142857142857,1.2,0.00015752165922814387,0.6526315789473685,5.279569892473118,0.0005116696440704916,0.002036659877800407,0.3333333333333333,2.0,0.5,0
0x8a4162bd211db6672f39e21228acd35528bef067d5a964d93fa1bc1a3ef53438,30,0x11d67fa925877813b744abc0917900c2b1d6eb81,0xeff6a7d39eeaa696d7421fa47b498b31f3bd0e39,2022-10-20 02:10:23.000000 UTC,1602708,21314579429,5107501,1514708,0.0,944,2,42,2021-10-20T00:00:00,9,9,1.0,2,929,981,0.9469928644240571,186,1,0x8a4162bd211db6672f39e21228acd35528bef067d5a964d93fa1bc1a3ef53438,1,1,495,6,1,7512,186,284,1817563,17,58,5,1,3,2.967710177080996,-0.5151867073880754,-0.5151867073880754,-0.6623128773365244,1.3390002037360087,1.3161677770278122,1.7095909016584974,-1.3888823142513684,-0.5599283461562484,-0.5188617301169163,2.949200611353029,-0.4844140709260971,-0.8942848580560016,-0.884680334291292,1.9564704555020274,0.7665385614765958,0.7654045340743456,1.3010507172495547,3.027094497474363,0.4694166071123816,-0.30108397179799257,-0.3654816449126644,2.9153705169737205,-0.2997957147060183,-0.5867578148436499,2.9448795264252983,0.0,1.2707611682502946,0.06060606060606061,1.0,1.5,0.0011979235990949022,0.6526315789473685,5.274193548387097,0.000511123679826405,0.0010193679918450561,0.1111111111111111,1.0,0.5,0
0x7f3114cde95a715de18e615493f35f3110783b17f305ab9afff794420728dfa5,1,0x11d67fa925877813b744abc0917900c2b1d6eb81,0xa45f70ad02445c5c23510e93375021edc591c6d2,2022-10-20 02:03:35.000000 UTC,261093,19083666559,8068383,227798,0.0,942,2,43,2021-10-20T00:00:00,5,5,1.0,2,927,979,0.9468845760980592,186,3,0x7f3114cde95a715de18e615493f35f3110783b17f305ab9afff794420728dfa5,1,1,7,5,6,38041,185,284,1817530,7,3,3,1,4,-0.36808808397903825,-0.5682490087108172,-0.5682490087108172,-0.6623128773365244,1.3336443976776486,1.311214699522747,1.7095909016584974,-0.9202410425714589,-0.5599283461562484,-0.5188617301169163,-0.46477956671629295,-0.539804453256524,-0.20733419893477129,-0.3064679430249,1.940493339681298,0.7665385614765958,0.7653642093402072,-0.8543043866277193,-0.4296668671386789,-0.6063297841868259,-0.30108397179799257,0.2626899322809773,-0.35307339586202885,-0.3876501541937351,-0.08157249692188247,-0.3069329305883747,0.0,1.2656425726038947,0.14285714285714285,0.2857142857142857,1.0,0.0001314336785657957,0.6526315789473685,5.291891891891892,0.0005100325661570559,0.0010214504596527069,0.2,1.0,0.5,0
0x0d7ec42a41ca718b81a9830382495c1b738e95b562b24ca97ef691d3175832c5,1,0x11d67fa925877813b744abc0917900c2b1d6eb81,0x46161158b1947d9149e066d6d31af1283b2d377c,2022-10-20 02:02:59.000000 UTC,57631,19229564986,5102108,52697,0.0,941,2,44,2021-10-20T00:00:00,8,8,1.0,3,926,978,0.9468302658486708,186,8,0x0d7ec42a41ca718b81a9830382495c1b738e95b562b24ca97ef691d3175832c5,2,1,2,4,3,21572,184,284,1817527,3,1,1,1,1,-0.36808808397903825,-0.5284522827187608,-0.5284522827187608,-0.525881385750349,1.3309664946484685,1.3087381607702142,1.7095909016584974,0.251362136628315,-0.48746703077132214,-0.5188617301169163,-0.4997588718194622,-0.5951948355869509,-0.6195045944075095,-0.6183870976570927,1.9245162238605689,0.7665385614765958,0.7653605434552856,-1.716446428178629,-0.555367280397335,-1.6820761754860334,-0.30108397179799257,-1.6218247992999477,-0.8487477401361964,-0.38190460281044664,-0.587677967831696,-0.7493847050213583,0.0,1.2630832747806948,0.5,0.75,2.0,0.00037083391276132203,0.6526315789473685,5.315217391304348,0.0005094832101623744,0.002044989775051125,0.25,2.0,0.3333333333333333,0
0x8707831b6c18a1b1ec638fba33fb7d78d4efa04c7dc7ea72b5287dee97c03883,1,0x11d67fa925877813b744abc0917900c2b1d6eb81,0x46161158b1947d9149e066d6d31af1283b2d377c,2022-10-20 02:00:23.000000 UTC,187534,19388784326,14713377,182963,0.0,940,2,45,2021-10-20T00:00:00,7,7,1.0,3,925,977,0.946775844421699,186,7,0x8707831b6c18a1b1ec638fba33fb7d78d4efa04c7dc7ea72b5287dee97c03883,1,1,26,4,3,21560,184,284,1817515,9,4,4,1,5,-0.36808808397903825,-0.5417178580494463,-0.5417178580494463,-0.525881385750349,1.3282885916192884,1.3062616220176817,1.7095909016584974,0.01704150078836025,-0.5599283461562484,-0.5188617301169163,-0.33185820732424964,-0.5951948355869509,-0.6195045944075095,-0.6186143749572072,1.9245162238605689,0.7665385614765958,0.7653458799155989,-0.42323336585226456,-0.36681666050935086,-0.06845658853722214,-0.30108397179799257,0.890861509474619,-0.5322779111546313,-0.37563446736078016,1.0521955514090664,-0.42022369024538875,0.0,1.260523976957495,0.038461538461538464,0.75,1.75,0.0003246602662214183,0.6526315789473685,5.309782608695652,0.0005089363724996094,0.0010235414534288639,0.14285714285714285,1.0,0.3333333333333333,0
0xc07f22fd45e9dec2c44cb87c69b332f0a50d9978fbda9d5b91902d4c407cc3e6,1,0x05b0e0b39309bd0ffe8700cd91dee76ebb1394ee,0xa45f70ad02445c5c23510e93375021edc591c6d2,2022-10-20 01:19:35.000000 UTC,269159,21118528005,881367,235738,0.0,370,2,46,2021-10-20T00:00:00,4,4,1.0,2,329,333,0.987987987987988,75,2,0xc07f22fd45e9dec2c44cb87c69b332f0a50d9978fbda9d5b91902d4c407cc3e6,1,1,7,4,6,37823,46,334,2133929,7,3,3,1,4,-0.36808808397903825,-0.5815145840415026,-0.5815145840415026,-0.6623128773365244,-0.26774161377201966,-0.28862933461335194,0.01498910678512081,-1.1545616784114137,-0.5599283461562484,-0.5188617301169163,-0.46477956671629295,-0.5951948355869509,-0.20733419893477129,-0.31059681397698075,-0.28032575940006776,1.154605763991441,1.1519916504504313,-0.8543043866277193,-0.4296668671386789,-0.6063297841868259,-0.30108397179799257,0.2626899322809773,-0.3334229979453887,-0.3075163156303783,-1.3078202713582934,-0.2868698407773634,0.0,-0.19827578226645087,0.14285714285714285,0.2857142857142857,1.0,0.00010575296108291032,0.22388059701492538,7.239130434782608,0.00015417562900376302,0.003003003003003003,0.25,1.0,0.5,0
0xa7a6c4df1314087db7b11091c8925eb4f3ab947b247d0bb32a1a92d4bd47c9cd,1,0x05b0e0b39309bd0ffe8700cd91dee76ebb1394ee,0x46161158b1947d9149e066d6d31af1283b2d377c,2022-10-20 01:18:35.000000 UTC,57631,20201676724,9746652,52697,0.0,369,2,47,2021-10-20T00:00:00,6,6,1.0,3,328,332,0.9879518072289156,75,6,0xa7a6c4df1314087db7b11091c8925eb4f3ab947b247d0bb32a1a92d4bd47c9cd,2,2,2,3,3,21352,45,334,2133924,3,1,1,1,1,-0.36808808397903825,-0.5549834333801317,-0.5549834333801317,-0.525881385750349,-0.2704195168011997,-0.2911058733658846,0.01498910678512081,-0.21727913505159455,-0.48746703077132214,-0.301019018999127,-0.4997588718194622,-0.6505852179173778,-0.6195045944075095,-0.6225538481591925,-0.296302875220797,1.154605763991441,1.1519855406422286,-1.716446428178629,-0.555367280397335,-1.6820761754860334,-0.30108397179799257,-1.6218247992999477,-0.8487477401361964,-0.3436223673139881,0.20477355075014453,-0.7493847050213583,0.0,-0.20083508008965079,0.5,0.75,2.0,0.0002809909614574065,0.22388059701492538,7.377777777777778,0.0001537073702215401,0.006024096385542169,0.3333333333333333,1.0,0.6666666666666666,0
0xd622188781c4c9eb21b777c7aab7013c3ba25253d74bbfb90c9c7df66f7c282e,1,0x391473f3e818e4b81ab0d1c58b7f5e827b780a86,0xa45f70ad02445c5c23510e93375021edc591c6d2,2022-10-20 01:05:11.000000 UTC,280573,29238024747,16178379,246973,0.0,240,2,48,2021-10-20T00:00:00,3,3,1.0,2,249,250,0.996,35,1,0xd622188781c4c9eb21b777c7aab7013c3ba25253d74bbfb90c9c7df66f7c282e,1,1,7,3,6,37751,40,148,946223,7,3,3,1,4,-0.36808808397903825,-0.5947801593721881,-0.5947801593721881,-0.6623128773365244,-0.48197385610642346,-0.4941820510735628,-0.5956782066827626,-1.3888823142513684,-0.5599283461562484,-0.5188617301169163,-0.46477956671629295,-0.6505852179173778,-0.20733419893477129,-0.311960477777668,-0.3761884543244433,-0.28900422936378295,-0.29933952180757134,-0.8543043866277193,-0.4296668671386789,-0.6063297841868259,-0.30108397179799257,0.2626899322809773,-0.3056161988106837,0.01223343559623642,1.3021540101136095,-0.2584808213785331,0.0,-0.5309844992824385,0.14285714285714285,0.2857142857142857,1.0,7.946598855689765e-05,0.2348993288590604,6.25,0.00026315122000710193,0.004,0.3333333333333333,1.0,0.5,0
0xa96d4a93d16040ef3d86eae6ba40b24de23954158f2838f832e51c2966a2f476,1,0x391473f3e818e4b81ab0d1c58b7f5e827b780a86,0x46161158b1947d9149e066d6d31af1283b2d377c,2022-10-20 01:04:35.000000 UTC,57631,33042999336,6989873,52697,0.0,239,2,49,2021-10-20T00:00:00,5,5,1.0,3,248,249,0.9959839357429718,35,5,0xa96d4a93d16040ef3d86eae6ba40b24de23954158f2838f832e51c2966a2f476,2,1,2,3,3,21282,39,148,946220,3,1,1,1,1,-0.36808808397903825,-0.5682490087108172,-0.5682490087108172,-0.525881385750349,-0.4846517591356035,-0.4966585898260954,-0.5956782066827626,-0.45159977089154935,-0.48746703077132214,-0.5188617301169163,-0.4997588718194622,-0.6505852179173778,-0.6195045944075095,-0.6238796324098607,-0.39216557014517256,-0.28900422936378295,-0.29934318769249296,-1.716446428178629,-0.555367280397335,-1.6820761754860334,-0.30108397179799257,-1.6218247992999477,-0.8487477401361964,0.16207519511847218,-0.2655877387423283,-0.7493847050213583,0.0,-0.5335437971056384,0.5,0.75,1.6666666666666667,0.00023492928628482827,0.2348993288590604,6.384615384615385,0.00026209521877024503,0.008032128514056224,0.4,2.0,0.3333333333333333,0
0xa64dc66815c127125c5813cc31c95f160bc773d9e0f0b5bec766c2a7da1fa321,1,0x391473f3e818e4b81ab0d1c58b7f5e827b780a86,0x46161158b1947d9149e066d6d31af1283b2d377c,2022-10-20 01:02:59.000000 UTC,187534,39584719249,16930578,182963,0.0,238,2,50,2021-10-20T00:00:00,4,4,1.0,3,247,248,0.9959677419354839,35,4,0xa64dc66815c127125c5813cc31c95f160bc773d9e0f0b5bec766c2a7da1fa321,1,1,26,3,3,21274,39,148,946212,9,4,4,1,5,-0.36808808397903825,-0.5815145840415026,-0.5815145840415026,-0.525881385750349,-0.4873296621647835,-0.4991351285786281,-0.5956782066827626,-0.6859204067315041,-0.5599283461562484,-0.5188617301169163,-0.33185820732424964,-0.6505852179173778,-0.6195045944075095,-0.624031150609937,-0.39216557014517256,-0.28900422936378295,-0.29935296338561745,-0.42323336585226456,-0.36681666050935086,-0.06845658853722214,-0.30108397179799257,0.890861509474619,-0.5322779111546313,0.4196913234624943,1.4304941097715613,-0.42022369024538875,0.0,-0.5361030949288383,0.038461538461538464,0.75,1.3333333333333333,0.00018801410105757932,0.2348993288590604,6.358974358974359,0.0002610405902265135,0.004032258064516129,0.25,1.0,0.3333333333333333,0
0xf9ed85eb551366205514b43f1d3ac0401f10d82083a1bc438f38bb74493327fe,1,0x391473f3e818e4b81ab0d1c58b7f5e827b780a86,0xa06943f16e0bcd73025807428c0ab1088575f1b7,2022-10-20 01:00:47.000000 UTC,376722,37664892361,2255753,313929,0.0,235,2,51,2021-10-20T00:00:00,15,15,1.0,4,244,245,0.9959183673469387,35,2,0xf9ed85eb551366205514b43f1d3ac0401f10d82083a1bc438f38bb74493327fe,2,2,37,8,3,20781,37,148,946201,15,7,5,1,4,-0.36808808397903825,-0.43559325540396254,-0.43559325540396254,-0.3894498941641736,-0.49536337125232366,-0.506564744836226,-0.5956782066827626,-1.1545616784114137,-0.48746703077132214,-0.301019018999127,-0.25490373609727723,-0.3736333062652433,-0.6195045944075095,-0.6333684596896425,-0.42411980178663106,-0.28900422936378295,-0.29936640496366357,0.8699796964740998,-0.17826604062136675,0.4694166071123816,-0.30108397179799257,0.2626899322809773,-0.07137790110586939,0.3440876020322227,-1.073322703283231,-0.0892938892140403,0.0,-0.543780988398438,0.02702702702702703,1.0,1.875,0.00072177846213069,0.2348993288590604,6.621621621621622,0.00025787305459088015,0.00816326530612245,0.13333333333333333,1.0,0.5,0
0xa4e82119bd12e96fbef7155b31256af14fdbe47100e844db38c445e7106446ac,1,0x05b0e0b39309bd0ffe8700cd91dee76ebb1394ee,0x46161158b1947d9149e066d6d31af1283b2d377c,2022-10-19 12:27:47.000000 UTC,187522,15334212100,4166147,182951,0.0,366,2,52,2021-10-19T00:00:00,3,3,1.0,2,325,329,0.9878419452887538,74,3,0xa4e82119bd12e96fbef7155b31256af14fdbe47100e844db38c445e7106446ac,1,1,26,2,2,17521,44,333,2130093,9,4,4,1,5,-0.36808808397903825,-0.5947801593721881,-0.5947801593721881,-0.6623128773365244,-0.27845322588873983,-0.2985354896234826,-0.0002775760515762752,-0.9202410425714589,-0.5599283461562484,-0.5188617301169163,-0.33185820732424964,-0.7059756002478047,-0.7568947262317556,-0.6951121262207585,-0.31227999104152626,1.146844419941144,1.147304205597259,-0.42323336585226456,-0.36681666050935086,-0.06845658853722214,-0.30108397179799257,0.890861509474619,-0.5323071455675993,-0.535305503853431,-0.7473715170333782,-0.420254012295481,0.0,-0.2085129735592505,0.038461538461538464,0.6666666666666666,1.5,0.00017121333181143705,0.2215568862275449,7.4772727272727275,0.00015257542624879465,0.00303951367781155,0.3333333333333333,1.0,0.5,0
0x92db263f0b9ac0875783ca7b5f2b0cf1c6352c58a34f7d599b6754eda287e0cf,1,0xde0223237ae9776a0654fda6816cdac50edd72b5,0x46161158b1947d9149e066d6d31af1283b2d377c,2022-10-17 05:05:35.000000 UTC,57631,11885992376,6974520,52697,0.0,299,2,53,2021-10-17T00:00:00,2,2,1.0,1,177,178,0.9943820224719101,42,2,0x92db263f0b9ac0875783ca7b5f2b0cf1c6352c58a34f7d599b6754eda287e0cf,2,1,2,1,0,1004,42,359,2289274,3,1,1,1,1,-0.36808808397903825,-0.6080457347028736,-0.6080457347028736,-0.7987443689227,-0.6747828742073868,-0.6724928412559144,-0.488811426825883,-1.1545616784114137,-0.48746703077132214,-0.5188617301169163,-0.4997588718194622,-0.7613659825782316,-1.0316749898802478,-1.0079403900534092,-0.34423422268298476,1.3486393652488635,1.3418172815025766,-1.716446428178629,-0.555367280397335,-1.6820761754860334,-0.30108397179799257,-1.6218247992999477,-0.8487477401361964,-0.6710980823787006,-0.26820726568938424,-0.7493847050213583,0.0,-0.37998592771364414,0.5,1.0,2.0,0.001990049751243781,0.11666666666666667,4.238095238095238,7.731705452599622e-05,0.011235955056179775,1.0,2.0,1.0,0
0x1146bb2a254e94b0e04165e41e765ebd6ea8af36e5fb6975464db975b5a6cf57,1,0xde0223237ae9776a0654fda6816cdac50edd72b5,0xa06943f16e0bcd73025807428c0ab1088575f1b7,2022-10-17 03:27:11.000000 UTC,375614,13012105441,7044370,313114,0.0,289,2,54,2021-10-17T00:00:00,4,4,1.0,1,168,168,1.0,42,1,0x1146bb2a254e94b0e04165e41e765ebd6ea8af36e5fb6975464db975b5a6cf57,4,1,36,1,0,34,42,359,2288786,15,6,5,1,4,-0.36808808397903825,-0.5815145840415026,-0.5815145840415026,-0.7987443689227,-0.6988840014700073,-0.6972582287812409,-0.488811426825883,-1.3888823142513684,-0.34254440000146963,-0.5188617301169163,-0.2618995971179111,-0.7613659825782316,-1.0316749898802478,-1.0263119718126676,-0.34423422268298476,1.3486393652488635,1.3412209642219854,0.8699796964740998,-0.2411162472506948,0.4694166071123816,-0.30108397179799257,0.2626899322809773,-0.07407721190324569,-0.6267511993355409,-0.25628946739251346,-0.0913532617828028,0.0,-0.40557890594564316,0.027777777777777776,1.0,4.0,0.11428571428571428,0.11666666666666667,4.0,7.34013256803713e-05,0.023809523809523808,1.0,4.0,1.0,0
0x00c131762366f981bf214f0672c786287c0c10e75503ce1cee5cdf4a1270e245,1,0xde0223237ae9776a0654fda6816cdac50edd72b5,0x46161158b1947d9149e066d6d31af1283b2d377c,2022-10-17 01:43:35.000000 UTC,260169,12107521810,17712951,255164,0.0,265,2,55,2021-10-17T00:00:00,1,1,1.0,1,144,144,1.0,42,1,0x00c131762366f981bf214f0672c786287c0c10e75503ce1cee5cdf4a1270e245,1,1,18,1,0,0,31,359,2288270,13,4,4,1,7,-0.36808808397903825,-0.621311310033559,-0.621311310033559,-0.7987443689227,-0.7631536741703284,-0.7566951588420248,-0.488811426825883,-1.3888823142513684,-0.5599283461562484,-0.5188617301169163,-0.38782509548932054,-0.7613659825782316,-1.0316749898802478,-1.0269559241629922,-0.5199824967110065,1.3486393652488635,1.3405904320154587,0.43890867569864506,-0.36681666050935086,-0.06845658853722214,-0.30108397179799257,2.1472046638619022,-0.35532444566056287,-0.6623741449646405,1.5639824935499107,-0.23778349535309312,0.0,-0.4670020537024409,0.05555555555555555,1.0,1.0,1.0,0.11666666666666667,4.645161290322581,6.29296092988986e-05,0.006944444444444444,1.0,1.0,1.0,0
