transaction_hash,trace_involved_amt,from_address,to_address,block_timestamp,gas,gas_price,receipt_cumulative_gas_used,receipt_gas_used,value,nonce,transaction_type,rn,contract_block_involved,contract_tx_count,contract_block_per_tx,contract_main_active_days,sender_block_involved,sender_tx_count,sender_block_per_tx,sender_main_active_days,sender_lifetime_days,sender_lifetime_block,contract_interact,add_feat_hash,sender_tx_count_call_contract,sender_days_call_contract,trace_amt,distinct_sender_in_contract,contract_lifetime_days,contract_lifetime_block,distinct_contract_sender_called,contract_involved_amt,max_breadth,depth,distinct_was_called_in_sample,distinct_sender_call_in_sample,is_sus
0x72c55fc1ca5f74f675dc092090bc3c5acc57eca71cfc15220e251ca16afaa09b,2,0x3aa27ab297a3a753f79c5497569ba2dacc2bc35a,0x00000000b2ff98680adaf8a3e382176bbfc34c8f,2021-08-30 05:19:59+00:00,1265683,78253252514,11387372,473888,0,2773,2.0,15,1842,1842,1.0,26,2775,2775,1.0,27,26,168054,1,0x72c55fc1ca5f74f675dc092090bc3c5acc57eca71cfc15220e251ca16afaa09b,1842,26,57,1,25,161963,10,22,6.0,11.0,2,3,0
0x71bc03e5eb40738d6f7aeb8f86ec3effdc65fb442f2f5a98e2f7040fbbee439f,2,0x66d9af69e6845e8666f355676a267a726c04ea4e,0x06091717521c2002f2859c75f53987eaf1e5aa2f,2021-08-29 14:59:46+00:00,252398,66000000000,11240239,113575,28612045479751906421,269,,85,79,79,1.0,51,257,271,0.948339483394834,38,225,1455401,1,0x71bc03e5eb40738d6f7aeb8f86ec3effdc65fb442f2f5a98e2f7040fbbee439f,1,1,9,66,103,663791,89,6,2.0,3.0,1,2,0
0x386dd650d7e381be810c77478964ab28a1d44ed1deaeb76a5217a60df90ece26,1,0x31adfbf4f653bcdc3a12c889fa721ee76605ffa8,0x17107f40d70f4470d20cb3f138a052cae8ebd4be,2021-08-30 01:16:05+00:00,3527496,72774022779,16927830,1650467,0,1337,2.0,78,1782,1793,0.9938650306748466,269,1279,1363,0.9383712399119588,153,432,2792386,1,0x386dd650d7e381be810c77478964ab28a1d44ed1deaeb76a5217a60df90ece26,8,8,185,388,373,2416279,224,78,27.0,9.0,4,5,0
0xae207abe8988c94fd337b77b7b54f39390c61f64715268131a96e6e9961fb2d8,4,0x6510438a7e273e71300892c6faf946ab3b04cbcb,0x18c0ca3947e255881f94de50b3a906fc2759f7fe,2021-08-30 05:19:59+00:00,1099444,78915252517,877544,877544,0,1247,2.0,13,1792,1920,0.9333333333333332,22,1249,1249,1.0,25,25,161953,1,0xae207abe8988c94fd337b77b7b54f39390c61f64715268131a96e6e9961fb2d8,1154,22,86,2,21,133402,10,21,9.0,11.0,2,2,0
0x38d4258db15ef21b18e058cdfe66e259cf2584338ec4319e910bdb30bcb5fa39,1,0x9f8322bbc6d512f431a0a2aca2d732956c62de80,0x19d1666f543d42ef17f66e376944a22aea1a8e46,2021-08-27 10:14:07+00:00,1285362,55045695832,19759313,628302,0,560,2.0,128,3137,3173,0.9886542704065552,306,563,572,0.9842657342657342,98,214,1384609,1,0x38d4258db15ef21b18e058cdfe66e259cf2584338ec4319e910bdb30bcb5fa39,4,4,73,793,390,2526597,110,26,14.0,6.0,4,5,0
0x80f5f12c7649657ba99ec7b961823ae4f9365659c1eb24ad0c1af744721d62cc,1,0xe25d56df6edbcc226b611cb95fddeff9cd6d88b6,0x1f9b4756b008106c806c7e64322d7ed3b72cb284,2021-08-28 04:15:26+00:00,653026,73966953332,2176958,312274,0,378,2.0,108,122,123,0.991869918699187,63,371,392,0.9464285714285714,93,284,1837364,1,0x80f5f12c7649657ba99ec7b961823ae4f9365659c1eb24ad0c1af744721d62cc,2,2,37,52,121,778282,109,18,6.0,8.0,4,5,0
0x2e1ae8eb8cbf30d2d40dc5f8e1e7afc0394ef8d81119949628a43c3d5bbe7f19,1,0x66d9af69e6845e8666f355676a267a726c04ea4e,0x1f9b4756b008106c806c7e64322d7ed3b72cb284,2021-08-29 15:02:36+00:00,592078,75000000000,28225980,282276,0,270,,84,124,125,0.992,64,258,272,0.9485294117647058,38,225,1455415,2,0x2e1ae8eb8cbf30d2d40dc5f8e1e7afc0394ef8d81119949628a43c3d5bbe7f19,2,2,34,52,122,787673,89,16,6.0,8.0,4,5,0
0xf5a3225fd62ed183af9df48dd9b725727f8975d251165b40972cf54b3198fd70,4,0xce1f4b4f17224ec6df16eeb1e3e5321c54ff6ede,0x203e6e1b54f768db740770c4ac23b70cce1bc67e,2021-08-30 04:23:26+00:00,2284255,120000000000,1411795,1061988,0,86,,43,1,1,1.0,1,88,89,0.9887640449438202,16,70,446059,1,0xf5a3225fd62ed183af9df48dd9b725727f8975d251165b40972cf54b3198fd70,1,1,91,1,0,0,32,22,9.0,12.0,5,8,1
0xcaa3ba523182d1a8e1cb92198b2c8050396052a29aa35c6bb9e31ef3d26b90db,1,0xe5350e927b904fdb4d2af55c566e269bb3df1941,0x228619cca194fbe3ebeb2f835ec1ea5080dafbb2,2021-08-28 18:31:39+00:00,1361900,64603634583,7412671,661173,0,7236,2.0,97,1020,1024,0.99609375,184,6485,7401,0.8762329414943926,318,435,2818413,1,0xcaa3ba523182d1a8e1cb92198b2c8050396052a29aa35c6bb9e31ef3d26b90db,4,4,76,306,204,1316301,564,30,14.0,7.0,3,5,0
0x814f8a2e08f6f60470dfae590967487f84be15199346cffef77d0eacdce8e6d6,1,0xe5350e927b904fdb4d2af55c566e269bb3df1941,0x299e254a8a165bbeb76d9d69305013329eea3a3b,2021-08-30 01:53:44+00:00,1283344,78932114614,8423778,627311,0,7270,2.0,72,254,260,0.9769230769230768,98,6518,7434,0.8767823513586225,320,437,2826872,1,0x814f8a2e08f6f60470dfae590967487f84be15199346cffef77d0eacdce8e6d6,3,3,69,74,161,1032298,566,27,14.0,7.0,4,5,0
0x8b4ec34be08527e549b7fc4863f23ca8a9c65824ac62a4327bd803f8cbb83fc2,4,0xce1f4b4f17224ec6df16eeb1e3e5321c54ff6ede,0x2ab93b65aa461209de902fb9264484c84e32ad9b,2021-08-30 04:28:18+00:00,2284255,120000000000,1934404,1019987,0,89,,31,1,1,1.0,1,90,92,0.9782608695652174,16,70,446088,1,0x8b4ec34be08527e549b7fc4863f23ca8a9c65824ac62a4327bd803f8cbb83fc2,1,1,90,1,0,0,34,21,9.0,12.0,5,8,1
0x47e978f2e81986dcaca8f5b8e98fbecf26f27dd015339c357fb8d1ea8d951475,11,0x60000610ef97231d663448317cd084f1d4000006,0x2d0f3b2abe9d61a21812023bb28cd2da7c3f30b9,2021-08-30 04:03:42+00:00,1417076,83700237559,468316,468316,0,33,2.0,64,116,136,0.8529411764705882,24,36,36,1.0,26,43,273787,1,0x47e978f2e81986dcaca8f5b8e98fbecf26f27dd015339c357fb8d1ea8d951475,23,16,69,8,24,154535,3,20,10.0,9.0,4,4,0
0x54f1e758f74f13e45e044a1e0712197169e0b4c73856a2a8e999e397e17f9238,9,0x60000610ef97231d663448317cd084f1d4000006,0x2d0f3b2abe9d61a21812023bb28cd2da7c3f30b9,2021-08-30 04:03:47+00:00,1599926,76823234229,682772,682772,0,34,2.0,63,117,137,0.8540145985401459,24,37,37,1.0,26,43,273788,2,0x54f1e758f74f13e45e044a1e0712197169e0b4c73856a2a8e999e397e17f9238,24,16,95,8,24,154536,3,24,10.0,10.0,4,7,0
0x5eb17d5e92b6149d08231adf61543379cbf4cd4a359ed0a5b2c635ca351a0bfa,11,0x00000a600e64c26be24f64169c89f21c1f530000,0x2d0f3b2abe9d61a21812023bb28cd2da7c3f30b9,2021-08-30 04:03:51+00:00,1334213,76552734874,382715,382715,0,55,2.0,62,118,138,0.855072463768116,24,56,57,0.9824561403508772,20,41,263088,3,0x5eb17d5e92b6149d08231adf61543379cbf4cd4a359ed0a5b2c635ca351a0bfa,33,12,59,8,24,154537,10,17,10.0,6.0,3,3,0
0x6bf80d7320a413d41bc64d8370fe7f6489f4c280b5adf101ece6b7ced7e0037e,11,0x00000a600e64c26be24f64169c89f21c1f530000,0x2d0f3b2abe9d61a21812023bb28cd2da7c3f30b9,2021-08-30 04:04:15+00:00,1365787,71733360776,683639,382703,0,56,2.0,61,119,139,0.856115107913669,24,57,58,0.9827586206896552,20,41,263092,4,0x6bf80d7320a413d41bc64d8370fe7f6489f4c280b5adf101ece6b7ced7e0037e,34,12,59,8,24,154541,10,17,10.0,6.0,3,3,0
0xef940606fc7e8ce641d4102f86321bb705d154652fd768521fbd4d0e89daaa58,11,0x00000a600e64c26be24f64169c89f21c1f530000,0x2d0f3b2abe9d61a21812023bb28cd2da7c3f30b9,2021-08-30 04:14:33+00:00,1451288,76630829401,468208,468208,0,57,2.0,59,120,140,0.8571428571428571,24,58,59,0.9830508474576272,20,41,263145,5,0xef940606fc7e8ce641d4102f86321bb705d154652fd768521fbd4d0e89daaa58,35,12,69,8,24,154594,10,20,10.0,9.0,4,4,0
0xdf35a65a9ad3ede7de79c8a3edb8ff293084f87e2f12e07e4c89348354ab2020,11,0x00000a600e64c26be24f64169c89f21c1f530000,0x2d0f3b2abe9d61a21812023bb28cd2da7c3f30b9,2021-08-30 04:14:59+00:00,1385303,83629576053,468196,468196,0,58,2.0,58,121,141,0.8581560283687943,24,59,60,0.9833333333333332,20,41,263146,6,0xdf35a65a9ad3ede7de79c8a3edb8ff293084f87e2f12e07e4c89348354ab2020,36,12,69,8,24,154595,10,20,10.0,9.0,4,4,0
0xa79d03042cf52b46f0e665a97f5ae277b6d0cbab9b41c96872400f73e692cf30,11,0x00000a600e64c26be24f64169c89f21c1f530000,0x2d0f3b2abe9d61a21812023bb28cd2da7c3f30b9,2021-08-30 04:15:21+00:00,1385303,81019267968,468208,468208,0,59,2.0,57,122,142,0.8591549295774648,24,60,61,0.9836065573770492,20,41,263147,7,0xa79d03042cf52b46f0e665a97f5ae277b6d0cbab9b41c96872400f73e692cf30,37,12,69,8,24,154596,10,20,10.0,9.0,4,4,0
0xfc0e65abe32cbfd6dbeff27a3bd45afb5c642e8a8972fc0c09c89d25b9a5c5ec,11,0x00000a600e64c26be24f64169c89f21c1f530000,0x2d0f3b2abe9d61a21812023bb28cd2da7c3f30b9,2021-08-30 04:15:26+00:00,1331437,73380793665,382739,382739,0,60,2.0,56,123,143,0.8601398601398601,24,61,62,0.9838709677419356,20,41,263148,8,0xfc0e65abe32cbfd6dbeff27a3bd45afb5c642e8a8972fc0c09c89d25b9a5c5ec,38,12,59,8,24,154597,10,17,10.0,6.0,3,3,0
0xd0a1a629341c498470c54f5bb35e997dd507006527438425372b7af45df70415,9,0x00000a600e64c26be24f64169c89f21c1f530000,0x2d0f3b2abe9d61a21812023bb28cd2da7c3f30b9,2021-08-30 04:15:35+00:00,1545866,73675658410,597172,597172,0,61,2.0,55,124,144,0.861111111111111,24,62,63,0.984126984126984,20,41,263149,9,0xd0a1a629341c498470c54f5bb35e997dd507006527438425372b7af45df70415,39,12,85,8,24,154598,10,21,10.0,7.0,3,6,0
0xff0f07bd7e6a9749c4bc55d96b242e126dbef9035ccdfeb18e0c8415712c5cdb,11,0x50000e8ac638b362b24021a52590ad5757000005,0x2d0f3b2abe9d61a21812023bb28cd2da7c3f30b9,2021-08-30 04:15:54+00:00,1365867,64582567386,382761,382761,0,48,2.0,54,125,145,0.8620689655172413,24,52,52,1.0,26,43,272813,10,0xff0f07bd7e6a9749c4bc55d96b242e126dbef9035ccdfeb18e0c8415712c5cdb,25,14,59,8,24,154601,8,17,10.0,6.0,3,3,0
0xd9312d587fc1a1fe9de28fa8b310fb082f819810e50c3162c199a635abb4a43d,9,0x8000006505d54aaa99efaa48f03ea554edcb0008,0x2d0f3b2abe9d61a21812023bb28cd2da7c3f30b9,2021-08-30 04:16:09+00:00,1546086,66718643336,597282,597282,0,26,2.0,53,126,146,0.863013698630137,24,29,29,1.0,17,43,276008,11,0xd9312d587fc1a1fe9de28fa8b310fb082f819810e50c3162c199a635abb4a43d,23,13,85,8,24,154602,2,21,10.0,7.0,3,6,0
0x5401ac728a5f0c3e01ce9538dae4005412ac80a0b860c36f1f3ceccba3982f66,11,0x50000e8ac638b362b24021a52590ad5757000005,0x2d0f3b2abe9d61a21812023bb28cd2da7c3f30b9,2021-08-30 04:16:13+00:00,1334257,62086802583,558742,382737,0,49,2.0,52,127,147,0.8639455782312924,24,53,53,1.0,26,43,272815,12,0x5401ac728a5f0c3e01ce9538dae4005412ac80a0b860c36f1f3ceccba3982f66,26,14,59,8,24,154603,8,17,10.0,6.0,3,3,0
0xc08f77053067ba19b6816fd6e97376b08fc91a473dafc3b81d7e2b9dd696dd11,9,0xb0000e050316b90f46130cfe0900ff3a4a72000b,0x2d0f3b2abe9d61a21812023bb28cd2da7c3f30b9,2021-08-30 04:17:13+00:00,1580347,68367284411,597216,597216,0,23,2.0,51,128,148,0.8648648648648649,24,26,26,1.0,17,43,272395,13,0xc08f77053067ba19b6816fd6e97376b08fc91a473dafc3b81d7e2b9dd696dd11,16,10,85,8,24,154606,3,21,10.0,7.0,3,6,0
0x57b4811ff98917b767a3a5bfb992a3ea8fd6904ceb07c0f85cc07a927a0f70c7,9,0x00000a600e64c26be24f64169c89f21c1f530000,0x2d0f3b2abe9d61a21812023bb28cd2da7c3f30b9,2021-08-30 04:17:30+00:00,1661873,70322384645,1025733,678793,0,62,2.0,49,129,149,0.8657718120805368,24,63,64,0.984375,20,41,263159,14,0x57b4811ff98917b767a3a5bfb992a3ea8fd6904ceb07c0f85cc07a927a0f70c7,40,12,95,8,24,154608,10,24,10.0,10.0,4,7,0
0x177220a7dbcf02293f6189db7763b934de67378bbdc69eed97d5aa47c85315a2,9,0x60000610ef97231d663448317cd084f1d4000006,0x2d0f3b2abe9d61a21812023bb28cd2da7c3f30b9,2021-08-30 04:21:36+00:00,1665918,73576096818,682784,682784,0,35,2.0,47,130,150,0.8666666666666667,24,38,38,1.0,26,43,273883,15,0x177220a7dbcf02293f6189db7763b934de67378bbdc69eed97d5aa47c85315a2,25,16,95,8,24,154631,3,24,10.0,10.0,4,7,0
0x6ece886813015970de74f88fbc3ca7b3ac09c1a5650a6a71ee7991470d235edd,11,0x50000e8ac638b362b24021a52590ad5757000005,0x2d0f3b2abe9d61a21812023bb28cd2da7c3f30b9,2021-08-30 04:22:06+00:00,1451354,65838548033,468252,468252,0,50,2.0,46,131,151,0.8675496688741721,24,54,54,1.0,26,43,272848,16,0x6ece886813015970de74f88fbc3ca7b3ac09c1a5650a6a71ee7991470d235edd,27,14,69,8,24,154636,8,20,10.0,9.0,4,4,0
0xa0db76c365fc41ec065184fef21a53fb4e40e5baf9063a001d0cd94bcd4551ae,9,0x00000a600e64c26be24f64169c89f21c1f530000,0x2d0f3b2abe9d61a21812023bb28cd2da7c3f30b9,2021-08-30 04:22:33+00:00,1665720,62122301130,682640,682640,0,63,2.0,45,132,152,0.868421052631579,24,64,65,0.9846153846153846,20,41,263190,17,0xa0db76c365fc41ec065184fef21a53fb4e40e5baf9063a001d0cd94bcd4551ae,41,12,95,8,24,154639,10,24,10.0,10.0,4,7,0
0x2d9c3179176c12677294b03337723d2634f9c7b8aca55f72e1b686301744f809,11,0x50000e8ac638b362b24021a52590ad5757000005,0x2d0f3b2abe9d61a21812023bb28cd2da7c3f30b9,2021-08-30 04:22:52+00:00,1451354,63631571185,939576,468252,0,51,2.0,44,133,153,0.869281045751634,24,55,55,1.0,26,43,272853,18,0x2d9c3179176c12677294b03337723d2634f9c7b8aca55f72e1b686301744f809,28,14,69,8,24,154641,8,20,10.0,9.0,4,4,0
0xb95e66cb35f0515915de6e69aae30803fe94efd7e8d3397377a1b1d5994b6da1,9,0x50000e8ac638b362b24021a52590ad5757000005,0x2d0f3b2abe9d61a21812023bb28cd2da7c3f30b9,2021-08-30 04:25:03+00:00,1665786,55304193361,682696,682696,0,52,2.0,42,134,154,0.87012987012987,24,56,56,1.0,26,43,272867,19,0xb95e66cb35f0515915de6e69aae30803fe94efd7e8d3397377a1b1d5994b6da1,29,14,95,8,24,154655,8,24,10.0,10.0,4,7,0
0x5e5e0c2b54c6215ed7b6af7c0b4d32c3ce49aa60c9c9d24ad56e8fdd55936763,11,0x50000e8ac638b362b24021a52590ad5757000005,0x2d0f3b2abe9d61a21812023bb28cd2da7c3f30b9,2021-08-30 04:26:27+00:00,1451354,65148890160,468252,468252,0,53,2.0,40,135,156,0.8653846153846154,24,57,57,1.0,26,43,272873,20,0x5e5e0c2b54c6215ed7b6af7c0b4d32c3ce49aa60c9c9d24ad56e8fdd55936763,30,14,69,8,24,154661,8,20,10.0,9.0,4,4,0
0xf29552b441d58de5baf8efaf7f08a65c6b097e95c856405414d9f486a6bae438,11,0xb0000e050316b90f46130cfe0900ff3a4a72000b,0x2d0f3b2abe9d61a21812023bb28cd2da7c3f30b9,2021-08-30 04:26:27+00:00,1451420,65148890160,873363,405111,0,24,2.0,41,135,156,0.8653846153846154,24,27,27,1.0,17,43,272450,21,0xf29552b441d58de5baf8efaf7f08a65c6b097e95c856405414d9f486a6bae438,17,10,67,8,24,154661,3,18,9.0,9.0,4,4,0
0x9b8c8fac2441d48c1fe298f78d08b6d3b7432e204baa0ff165a2ae1027e4ccf3,9,0xe0000c54c353daa28b307bf1fbc91687d9b4000e,0x2d0f3b2abe9d61a21812023bb28cd2da7c3f30b9,2021-08-30 04:26:40+00:00,1546042,64076335838,597260,597260,0,21,2.0,39,136,157,0.8662420382165605,24,24,24,1.0,14,41,261956,22,0x9b8c8fac2441d48c1fe298f78d08b6d3b7432e204baa0ff165a2ae1027e4ccf3,18,11,85,8,24,154662,2,21,10.0,7.0,3,6,0
0x7b616739a76d53e9f83eb39b12955c6bedcb06b8f0b28670e887e4ba7a2df973,9,0x50000e8ac638b362b24021a52590ad5757000005,0x2d0f3b2abe9d61a21812023bb28cd2da7c3f30b9,2021-08-30 04:26:43+00:00,1519109,66720321955,1069471,598147,0,54,2.0,38,137,158,0.8670886075949366,24,58,58,1.0,26,43,272875,23,0x7b616739a76d53e9f83eb39b12955c6bedcb06b8f0b28670e887e4ba7a2df973,31,14,85,8,24,154663,8,21,10.0,7.0,3,6,0
0x73bce8783402fede680733904724ad6333fb462545bd622ce104969d8d1cf15e,11,0x8000006505d54aaa99efaa48f03ea554edcb0008,0x2d0f3b2abe9d61a21812023bb28cd2da7c3f30b9,2021-08-30 04:27:01+00:00,1366043,60490242949,624570,382849,0,27,2.0,37,138,159,0.8679245283018868,24,30,30,1.0,17,43,276070,24,0x73bce8783402fede680733904724ad6333fb462545bd622ce104969d8d1cf15e,24,13,59,8,24,154664,2,17,10.0,6.0,3,3,0
0x1b2bafeb6c7b60819d4221c31db40e712803736d298e444a020282be4ff10896,11,0x60000610ef97231d663448317cd084f1d4000006,0x2d0f3b2abe9d61a21812023bb28cd2da7c3f30b9,2021-08-30 04:27:12+00:00,1365955,62411092812,570678,382805,0,36,2.0,36,139,160,0.86875,24,39,39,1.0,26,43,273918,25,0x1b2bafeb6c7b60819d4221c31db40e712803736d298e444a020282be4ff10896,26,16,59,8,24,154666,3,17,10.0,6.0,3,3,0
0x335c1b9407be6ca6658894d97f1ad0c0b7fbfb67313dcd64cc86617ae0dff97b,9,0x00000a600e64c26be24f64169c89f21c1f530000,0x2d0f3b2abe9d61a21812023bb28cd2da7c3f30b9,2021-08-30 04:27:22+00:00,1580259,50635937600,597172,597172,0,64,2.0,35,140,161,0.8695652173913043,24,65,66,0.9848484848484848,20,41,263220,26,0x335c1b9407be6ca6658894d97f1ad0c0b7fbfb67313dcd64cc86617ae0dff97b,42,12,85,8,24,154669,10,21,10.0,7.0,3,6,0
0xab814734be224bd8a6b26c268db5ea999e2f14f54c522f20603bb3e5264506a7,11,0x00000a600e64c26be24f64169c89f21c1f530000,0x2d0f3b2abe9d61a21812023bb28cd2da7c3f30b9,2021-08-30 04:27:33+00:00,1334237,56964295554,570672,382739,0,65,2.0,34,141,162,0.8703703703703703,24,66,67,0.9850746268656716,20,41,263221,27,0xab814734be224bd8a6b26c268db5ea999e2f14f54c522f20603bb3e5264506a7,43,12,59,8,24,154670,10,17,10.0,6.0,3,3,0
0x98e6ea57d416922908eaa1bd0da16f8488dcb7de3209d5f974c1e62a385691b2,11,0x50000e8ac638b362b24021a52590ad5757000005,0x2d0f3b2abe9d61a21812023bb28cd2da7c3f30b9,2021-08-30 04:27:59+00:00,1329481,64080504161,382761,382761,0,55,2.0,33,142,164,0.8658536585365852,24,59,59,1.0,26,43,272883,28,0x98e6ea57d416922908eaa1bd0da16f8488dcb7de3209d5f974c1e62a385691b2,32,14,59,8,24,154671,8,17,10.0,6.0,3,3,0
0x2cc5146ec8aa6741c17bbf93f7f101844deca78cd19ea8e368f0e3bcbc12ea1a,9,0x00000a600e64c26be24f64169c89f21c1f530000,0x2d0f3b2abe9d61a21812023bb28cd2da7c3f30b9,2021-08-30 04:27:59+00:00,1545866,64080504161,945540,562779,0,66,2.0,32,142,164,0.8658536585365852,24,67,68,0.9852941176470588,20,41,263222,29,0x2cc5146ec8aa6741c17bbf93f7f101844deca78cd19ea8e368f0e3bcbc12ea1a,44,12,84,8,24,154671,10,20,10.0,7.0,3,6,0
0xd45920d3bd1b365392fc4e27871be324e5ed540ca4582b33d40b90f6a8408b59,11,0x00000a600e64c26be24f64169c89f21c1f530000,0x2d0f3b2abe9d61a21812023bb28cd2da7c3f30b9,2021-08-30 04:28:18+00:00,1334237,71988831387,558780,382739,0,67,2.0,30,143,165,0.8666666666666667,24,68,69,0.9855072463768116,20,41,263223,30,0xd45920d3bd1b365392fc4e27871be324e5ed540ca4582b33d40b90f6a8408b59,45,12,59,8,24,154672,10,17,10.0,6.0,3,3,0
0xb1607cb69fcdeb71adf5c675cc9d561c76fad3bc20d4395f16042648afa43a91,9,0x00000a600e64c26be24f64169c89f21c1f530000,0x2d0f3b2abe9d61a21812023bb28cd2da7c3f30b9,2021-08-30 04:29:47+00:00,1575435,83138814845,592348,592348,0,68,2.0,29,144,166,0.8674698795180723,24,69,70,0.9857142857142857,20,41,263227,31,0xb1607cb69fcdeb71adf5c675cc9d561c76fad3bc20d4395f16042648afa43a91,46,12,85,8,24,154676,10,21,10.0,7.0,3,6,0
0x2e2789c08c8ee11376d19beabaa95b92b26089cb842f9220b6e5bfa62eec8947,11,0x00000a600e64c26be24f64169c89f21c1f530000,0x2d0f3b2abe9d61a21812023bb28cd2da7c3f30b9,2021-08-30 04:30:54+00:00,1451288,71934668275,468208,468208,0,69,2.0,28,145,167,0.8682634730538921,24,70,71,0.9859154929577464,20,41,263231,32,0x2e2789c08c8ee11376d19beabaa95b92b26089cb842f9220b6e5bfa62eec8947,47,12,69,8,24,154680,10,20,10.0,9.0,4,4,0
0xf568c0d5dcdc29cc15b28862058e5ca2445354236643ec9b31d9ca02358067ab,9,0x8000006505d54aaa99efaa48f03ea554edcb0008,0x2d0f3b2abe9d61a21812023bb28cd2da7c3f30b9,2021-08-30 04:31:10+00:00,1546086,80920735646,597282,597282,0,28,2.0,27,146,168,0.869047619047619,24,31,31,1.0,17,43,276087,33,0xf568c0d5dcdc29cc15b28862058e5ca2445354236643ec9b31d9ca02358067ab,25,13,85,8,24,154681,2,21,10.0,7.0,3,6,0
0x7dcef6eb32ea8beeccd4f3069d5f8de32f2d9a957d1dba6f7113e9bdacff6dd9,11,0x50000e8ac638b362b24021a52590ad5757000005,0x2d0f3b2abe9d61a21812023bb28cd2da7c3f30b9,2021-08-30 04:31:44+00:00,1334281,75641884319,558790,382761,0,56,2.0,26,147,169,0.8698224852071005,24,60,60,1.0,26,43,272895,34,0x7dcef6eb32ea8beeccd4f3069d5f8de32f2d9a957d1dba6f7113e9bdacff6dd9,33,14,59,8,24,154683,8,17,10.0,6.0,3,3,0
0x87a5012ae61f9790ce6c94736e384b64cba6a4aa80a4a9247c6e25c74a58d45e,9,0x50000e8ac638b362b24021a52590ad5757000005,0x2d0f3b2abe9d61a21812023bb28cd2da7c3f30b9,2021-08-30 04:31:53+00:00,1580291,75755666515,597182,597182,0,57,2.0,25,148,170,0.8705882352941176,24,61,61,1.0,26,43,272897,35,0x87a5012ae61f9790ce6c94736e384b64cba6a4aa80a4a9247c6e25c74a58d45e,34,14,85,8,24,154685,8,21,10.0,7.0,3,6,0
0x996b8f36b8c977d1cef3d7876743379bfa6e8f1c791b7b78e1dd08a0fa718d97,11,0x50000e8ac638b362b24021a52590ad5757000005,0x2d0f3b2abe9d61a21812023bb28cd2da7c3f30b9,2021-08-30 04:32:34+00:00,1365867,84518465176,382761,382761,0,58,2.0,24,149,171,0.871345029239766,24,62,62,1.0,26,43,272899,36,0x996b8f36b8c977d1cef3d7876743379bfa6e8f1c791b7b78e1dd08a0fa718d97,35,14,59,8,24,154687,8,17,10.0,6.0,3,3,0
0x852f5d6452d7b6a7974822bf7dc749b9812fa0164bd1da0ec549baace0a6c6d8,9,0x60000610ef97231d663448317cd084f1d4000006,0x2d0f3b2abe9d61a21812023bb28cd2da7c3f30b9,2021-08-30 04:33:38+00:00,1575555,79806925823,592402,592402,0,37,2.0,22,150,172,0.872093023255814,24,40,40,1.0,26,43,273944,37,0x852f5d6452d7b6a7974822bf7dc749b9812fa0164bd1da0ec549baace0a6c6d8,27,16,85,8,24,154692,3,21,10.0,7.0,3,6,0
0x7ef2aafc62b8d3c703ee4490e8d0ccc88104f031c31a4005c58969215c6d1e7b,9,0xb0000e050316b90f46130cfe0900ff3a4a72000b,0x2d0f3b2abe9d61a21812023bb28cd2da7c3f30b9,2021-08-30 04:40:58+00:00,1580347,96108279532,597216,597216,0,25,2.0,20,151,173,0.8728323699421964,24,28,28,1.0,17,43,272507,38,0x7ef2aafc62b8d3c703ee4490e8d0ccc88104f031c31a4005c58969215c6d1e7b,18,10,85,8,24,154718,3,21,10.0,7.0,3,6,0
0x34818ba86d266facf19f6d7dec9e5258d5967eafe4c2b672619e11d3f7c324bd,9,0xb0000e050316b90f46130cfe0900ff3a4a72000b,0x2d0f3b2abe9d61a21812023bb28cd2da7c3f30b9,2021-08-30 04:41:18+00:00,1519125,85918963837,598145,598145,0,26,2.0,19,152,174,0.8735632183908046,24,29,29,1.0,17,43,272509,39,0x34818ba86d266facf19f6d7dec9e5258d5967eafe4c2b672619e11d3f7c324bd,19,10,85,8,24,154720,3,21,10.0,7.0,3,6,0
0x9f4070203eea8c4d92a1752f5811ce038d75ac90a63cec0b810ad1d24c7ba8f2,9,0x50000e8ac638b362b24021a52590ad5757000005,0x2d0f3b2abe9d61a21812023bb28cd2da7c3f30b9,2021-08-30 04:41:24+00:00,1580279,75718792625,597170,597170,0,59,2.0,18,153,175,0.8742857142857143,24,63,63,1.0,26,43,272934,40,0x9f4070203eea8c4d92a1752f5811ce038d75ac90a63cec0b810ad1d24c7ba8f2,36,14,85,8,24,154722,8,21,10.0,7.0,3,6,0
0x85a9de5cc73eb3d4b12fa27566b88c2aa49c8c1a610e1c32cd89516ae89f628a,11,0x8000006505d54aaa99efaa48f03ea554edcb0008,0x2d0f3b2abe9d61a21812023bb28cd2da7c3f30b9,2021-08-30 04:42:13+00:00,1366043,70302044952,382849,382849,0,29,2.0,17,154,176,0.875,24,32,32,1.0,17,43,276133,41,0x85a9de5cc73eb3d4b12fa27566b88c2aa49c8c1a610e1c32cd89516ae89f628a,26,13,59,8,24,154727,2,17,10.0,6.0,3,3,0
0x15b23edeb881fae6a71a501e892c5e1b29e3b8cb98051ae19fb69da9bf613f43,11,0x60000610ef97231d663448317cd084f1d4000006,0x2d0f3b2abe9d61a21812023bb28cd2da7c3f30b9,2021-08-30 05:24:55+00:00,1451474,69903871024,873407,405143,0,38,2.0,10,155,178,0.8707865168539326,24,41,41,1.0,26,43,274177,42,0x15b23edeb881fae6a71a501e892c5e1b29e3b8cb98051ae19fb69da9bf613f43,28,16,67,8,24,154925,3,18,9.0,9.0,4,4,0
0x7f1792a7fa0e0a81cd65bd61dec1d422c3529740467682d72399ce8e37837b8d,11,0x50000e8ac638b362b24021a52590ad5757000005,0x2d0f3b2abe9d61a21812023bb28cd2da7c3f30b9,2021-08-30 05:24:55+00:00,1451354,69903871024,468264,468264,0,60,2.0,9,155,178,0.8707865168539326,24,64,64,1.0,26,43,273137,43,0x7f1792a7fa0e0a81cd65bd61dec1d422c3529740467682d72399ce8e37837b8d,37,14,69,8,24,154925,8,20,10.0,9.0,4,4,0
0x2fb40ada927c183805429d91ba12dd406cfe875a51a71fa99d6a832af1c4fd72,11,0x60000610ef97231d663448317cd084f1d4000006,0x2d0f3b2abe9d61a21812023bb28cd2da7c3f30b9,2021-08-30 05:25:21+00:00,1331569,65356886936,819427,351219,0,39,2.0,8,156,181,0.861878453038674,24,42,42,1.0,26,43,274178,44,0x2fb40ada927c183805429d91ba12dd406cfe875a51a71fa99d6a832af1c4fd72,29,16,58,8,24,154926,3,16,9.0,6.0,3,3,0
0xc676eeb6a8f3e5078a8a296bc3d08e0cb2b74a59a2b88544306fe7d597f20ca6,11,0x00000a600e64c26be24f64169c89f21c1f530000,0x2d0f3b2abe9d61a21812023bb28cd2da7c3f30b9,2021-08-30 05:25:21+00:00,1385303,65356886936,468208,468208,0,70,2.0,6,156,181,0.861878453038674,24,71,72,0.9861111111111112,20,41,263477,45,0xc676eeb6a8f3e5078a8a296bc3d08e0cb2b74a59a2b88544306fe7d597f20ca6,48,12,69,8,24,154926,10,20,10.0,9.0,4,4,0
0xd9744d6905a9223eedacfc48db30f86b1316b1e600559f7812bc6018e1de6652,11,0x50000e8ac638b362b24021a52590ad5757000005,0x2d0f3b2abe9d61a21812023bb28cd2da7c3f30b9,2021-08-30 05:25:21+00:00,1334281,65356886936,1170602,351175,0,61,2.0,7,156,181,0.861878453038674,24,65,65,1.0,26,43,273138,46,0xd9744d6905a9223eedacfc48db30f86b1316b1e600559f7812bc6018e1de6652,38,14,58,8,24,154926,8,16,9.0,6.0,3,3,0
0xd7ec3046ec75efbd04b3eea8752a8a6373a92c0dd813d08b655661054d3239c5,13,0xce1f4b4f17224ec6df16eeb1e3e5321c54ff6ede,0x2e95b91fa678b47660aba811b74a28ca1f4ed111,2021-08-30 05:18:52+00:00,2284255,120000000000,2641575,1557921,0,95,,16,1,1,1.0,1,96,98,0.9795918367346939,16,70,446301,1,0xd7ec3046ec75efbd04b3eea8752a8a6373a92c0dd813d08b655661054d3239c5,1,1,159,1,0,0,37,21,10.0,12.0,6,8,1
0x0db8912ada243246d4bfa269f7f2a96dc8eae549c0cb878b7e915857e7dc3806,1,0x31adfbf4f653bcdc3a12c889fa721ee76605ffa8,0x3225e3c669b39c7c8b3e204a8614bb218c5e31bc,2021-08-30 01:44:45+00:00,3699502,73550341265,9991688,1688327,0,1343,2.0,74,917,923,0.9934994582881906,233,1283,1368,0.9378654970760234,153,432,2792515,1,0x0db8912ada243246d4bfa269f7f2a96dc8eae549c0cb878b7e915857e7dc3806,2,2,170,301,294,1900885,225,73,25.0,9.0,4,5,0
0x487364b6de9e00015c571017c00fd5078c795822a4387af4d95962e50112bc06,13,0xce1f4b4f17224ec6df16eeb1e3e5321c54ff6ede,0x3292818db514da53c566dfb791b12a4f78462d54,2021-08-30 05:21:39+00:00,2284255,180000000000,2073975,1557921,0,97,,12,1,1,1.0,1,98,100,0.98,16,70,446319,1,0x487364b6de9e00015c571017c00fd5078c795822a4387af4d95962e50112bc06,1,1,159,1,0,0,38,21,10.0,12.0,6,8,1
0xc3c7793ee56db1a1715addb463698d54a20803e4391cf36b2a096dd621c08dc5,1,0x31adfbf4f653bcdc3a12c889fa721ee76605ffa8,0x338286c0bc081891a4bda39c7667ae150bf5d206,2021-08-30 01:44:45+00:00,3409206,73284473730,8303361,1593826,0,1342,2.0,75,4640,4736,0.9797297297297296,326,1283,1368,0.9378654970760234,153,432,2792515,1,0xc3c7793ee56db1a1715addb463698d54a20803e4391cf36b2a096dd621c08dc5,5,5,176,740,363,2347894,225,75,26.0,9.0,4,5,0
0xa7a10512e240d9c308b8d90747d5a3acbafaf45168e8167a03e3265a1331148b,4,0x8bf84ecaff833f8eb65b81970503453a05b79231,0x3a3051221174a2420a18504ff39ae9fbb08ae024,2021-08-30 01:30:22+00:00,1000000,104750037434,3393646,969192,0,1,2.0,77,1,1,1.0,1,2,2,1.0,1,0,28,1,0xa7a10512e240d9c308b8d90747d5a3acbafaf45168e8167a03e3265a1331148b,1,1,76,1,0,0,1,20,6.0,12.0,5,5,0
0x26caea01945b97ded5b4a60742604a97fd28cb54d3a633c8fad0619ae8114106,9,0x8bf84ecaff833f8eb65b81970503453a05b79231,0x3a3051221174a2420a18504ff39ae9fbb08ae024,2021-08-30 01:35:24+00:00,3000000,86969611692,5837608,1701121,0,2,2.0,76,2,2,1.0,1,3,3,1.0,1,0,56,2,0x26caea01945b97ded5b4a60742604a97fd28cb54d3a633c8fad0619ae8114106,2,1,127,1,0,28,1,20,8.0,12.0,6,7,0
0xb3e7f8bf4c78dc43e237345df40eefa8c37ca3408217d6ca2eafe5db74ac3377,1,0x27a2ab1975d496824abe15a2a99ab01698c35e51,0x3d5bc3c8d13dcb8bf317092d84783c2697ae9258,2021-08-29 10:18:16+00:00,1420938,65784597632,5812603,697733,0,422,2.0,89,22346,23728,0.941756574511126,392,421,432,0.974537037037037,63,370,2394929,1,0xb3e7f8bf4c78dc43e237345df40eefa8c37ca3408217d6ca2eafe5db74ac3377,5,4,76,8047,392,2539923,82,43,6.0,7.0,1,5,0
0x397a2641f5be4f4865d4628d95bf7e6e4901ef6ce8efbcbe4f63810a3ab382ba,3,0x27a2ab1975d496824abe15a2a99ab01698c35e51,0x3d5bc3c8d13dcb8bf317092d84783c2697ae9258,2021-08-29 10:20:11+00:00,2175100,50923020851,23842868,1423120,0,423,2.0,88,22347,23729,0.9417590290362003,392,422,433,0.97459584295612,63,370,2394937,2,0x397a2641f5be4f4865d4628d95bf7e6e4901ef6ce8efbcbe4f63810a3ab382ba,6,4,99,8047,392,2539931,82,92,92.0,4.0,1,89,0
0xadf5de0c57c6cfe0baf574cde9aa4041e1a9daf26a70b6e96b3ae103add244b7,1,0xcd89d190353b1d0d4c103102c38b76f7696d511d,0x44fbebd2f576670a6c33f6fc0b00aa8c5753b322,2021-08-27 14:00:08+00:00,890458,81712695183,16269629,433937,0,710,2.0,127,20668,21044,0.9821326743965024,391,698,732,0.953551912568306,142,1397,8649298,1,0xadf5de0c57c6cfe0baf574cde9aa4041e1a9daf26a70b6e96b3ae103add244b7,3,3,50,2845,390,2527606,176,25,7.0,8.0,4,5,0
0xf08ba0b84e14f2d305b2b551e0bc48a446e7801b9d4f8a08821fed6f977c9b48,1,0xeb5c56c9a02c311cc8cad7a1a666e143f63fd88a,0x44fbebd2f576670a6c33f6fc0b00aa8c5753b322,2021-08-27 14:44:58+00:00,802942,98576153884,3920964,363363,0,361,2.0,124,20669,21045,0.9821335234022333,391,354,363,0.975206611570248,37,106,681139,2,0xf08ba0b84e14f2d305b2b551e0bc48a446e7801b9d4f8a08821fed6f977c9b48,2,2,34,2845,390,2527818,43,15,5.0,6.0,4,5,0
0x301d5caf72251a35a05773da69f3d95460c8b456d7db45f61cb93cfdd7633b3d,1,0x0d05d289784d5cbdc6c8c1a7f7cb40487d5ce561,0x44fbebd2f576670a6c33f6fc0b00aa8c5753b322,2021-08-27 15:58:43+00:00,574834,91616120723,5059134,278591,0,19,2.0,120,20671,21047,0.9821352211716634,391,24,25,0.96,11,172,1112460,3,0x301d5caf72251a35a05773da69f3d95460c8b456d7db45f61cb93cfdd7633b3d,2,2,28,2845,390,2528148,15,12,4.0,6.0,4,5,0
0xe29fc99731095ca50b9a6f06d23408863c537578e4bc7505a5de8542e3647b7d,1,0xb4d1340303d89ccc48a19cdbdb5723aeceda933d,0x44fbebd2f576670a6c33f6fc0b00aa8c5753b322,2021-08-27 18:40:37+00:00,735818,149211109681,19326151,357825,0,664,2.0,118,20674,21050,0.9821377672209026,391,650,695,0.935251798561151,163,365,2367329,4,0xe29fc99731095ca50b9a6f06d23408863c537578e4bc7505a5de8542e3647b7d,10,8,30,2845,390,2528905,143,14,5.0,6.0,4,5,0
0xb9456e80e639b96ca28af28e4441f7a0526eaee57d59b0216ff52895816d0b86,1,0xb9b1bad1bd633ac448c06433cf2454b57144512a,0x44fbebd2f576670a6c33f6fc0b00aa8c5753b322,2021-08-27 20:21:49+00:00,2680500,83285414845,21955872,1290802,0,907,2.0,114,20675,21051,0.98213861574272,391,860,923,0.931744312026002,172,583,3775953,5,0xb9456e80e639b96ca28af28e4441f7a0526eaee57d59b0216ff52895816d0b86,6,6,137,2845,390,2529374,241,60,18.0,9.0,4,5,0
0x96420c7995d38a5736879ed61e9257f9b6e97e3e2b4e78bce631b2e6f5181d29,1,0x4c026d5d6a7fe1b2e2b28b916ef2016f6058f7b4,0x44fbebd2f576670a6c33f6fc0b00aa8c5753b322,2021-08-28 13:58:19+00:00,1321620,49079026033,6411725,646149,0,1293,2.0,103,20676,21052,0.9821394641839256,392,1278,1378,0.9274310595065312,204,355,2299274,6,0x96420c7995d38a5736879ed61e9257f9b6e97e3e2b4e78bce631b2e6f5181d29,13,11,75,2845,391,2534082,290,34,12.0,8.0,4,5,0
0xf0fb54e13048b6e2a7cf4987546dd11e1f87416348f6f473d85eddd7c36dbf16,1,0x3d2b6eacd1bca51af57ed8b3ff9ef0bd8ee8c56d,0x44fbebd2f576670a6c33f6fc0b00aa8c5753b322,2021-08-29 11:29:36+00:00,939562,55070940080,13634958,458105,0,155,2.0,87,20680,21056,0.9821428571428572,393,149,170,0.8764705882352941,64,1327,8234589,7,0xf0fb54e13048b6e2a7cf4987546dd11e1f87416348f6f473d85eddd7c36dbf16,6,6,44,2846,392,2539918,52,19,7.0,6.0,4,5,0
0x1059643922137f17da46a93b0d39d37f328223c1f20a9deba8d7d7df0716216b,1,0xd5d5a7cb1807364cde0bad51d0a7d758943ab114,0x44fbebd2f576670a6c33f6fc0b00aa8c5753b322,2021-08-29 22:17:22+00:00,1284079,85740695820,6947201,838342,0,1268,,80,20684,21060,0.9821462488129153,393,1271,1290,0.9852713178294572,132,287,1861866,8,0x1059643922137f17da46a93b0d39d37f328223c1f20a9deba8d7d7df0716216b,18,13,98,2846,392,2542835,126,31,20.0,6.0,4,5,0
0x1a4f4017c04f0a5ac38b1e594d7d03fbfaaddc17773691690ec03cf5e2875eb7,1,0xd5d5a7cb1807364cde0bad51d0a7d758943ab114,0x44fbebd2f576670a6c33f6fc0b00aa8c5753b322,2021-08-29 22:44:21+00:00,1286283,84622697251,5385142,839788,0,1270,,79,20685,21061,0.9821470965291296,393,1273,1292,0.9852941176470588,132,287,1861985,9,0x1a4f4017c04f0a5ac38b1e594d7d03fbfaaddc17773691690ec03cf5e2875eb7,19,13,98,2846,392,2542954,126,31,20.0,6.0,4,5,0
0xb55e5ed3b77be4987d1764675c6f88c461ae032706c3f9396bef265a45b10dda,1,0xfe76b6229ccdc952703833c706e4a23555d0a2a4,0x44fbebd2f576670a6c33f6fc0b00aa8c5753b322,2021-08-30 02:59:24+00:00,807402,76036235730,11158444,393058,0,13,2.0,69,20690,21066,0.9821513339029716,394,17,17,1.0,5,392,2536158,10,0xb55e5ed3b77be4987d1764675c6f88c461ae032706c3f9396bef265a45b10dda,3,2,30,2847,393,2544094,9,12,5.0,6.0,4,5,0
0x51fd83401f2be2e16fed9c02c7f7df683e1f0c4bcc7cdccf58a1d810824c4992,4,0xce1f4b4f17224ec6df16eeb1e3e5321c54ff6ede,0x4a82e7979a78e03a06d6c3117f3c83966d72fdec,2021-08-30 04:20:01+00:00,2284255,120000000000,1156750,1061988,0,84,,48,1,1,1.0,1,86,87,0.9885057471264368,16,70,446041,1,0x51fd83401f2be2e16fed9c02c7f7df683e1f0c4bcc7cdccf58a1d810824c4992,1,1,91,1,0,0,31,22,9.0,12.0,5,8,1
0x2b56c2904b0f3de0e84cf4457197247e73fd26f622eb6b2699bed7fe64de4703,1,0x337b208bf16fb909cf4bb6f9e5eb0cf6faeb5369,0x523effc8bfefc2948211a05a905f761cba5e8e9e,2021-08-30 03:30:12+00:00,1262322,70900299115,25504288,616964,0,4904,2.0,66,19,19,1.0,16,4848,4920,0.9853658536585364,84,83,530116,1,0x2b56c2904b0f3de0e84cf4457197247e73fd26f622eb6b2699bed7fe64de4703,1,1,58,9,78,499686,54,21,12.0,7.0,4,5,0
0x1f4b05fc5cabac281a97c5a7d65001cea8be0334601d4efbebcf2ec378ecdd04,1,0x2fe9811e6b3cceb5c14cca6523f10ffdf4288af6,0x797aab1ce7c01eb727ab980762ba88e7133d2157,2021-08-27 14:24:13+00:00,1128988,68265079740,16234840,551338,0,441,2.0,126,11153,11288,0.9880403968816442,390,404,460,0.8782608695652174,71,226,1459553,1,0x1f4b05fc5cabac281a97c5a7d65001cea8be0334601d4efbebcf2ec378ecdd04,3,3,60,1877,390,2527744,110,23,13.0,6.0,4,5,0
0x596dfff5274d4813f72a4c7a8b3b2330c81400abd72e278f1b8e2012113e2d64,1,0xa479ff23cbc4e9d1fa2ae4fbb36645de2ba36764,0x797aab1ce7c01eb727ab980762ba88e7133d2157,2021-08-27 20:20:47+00:00,1005746,102000000000,1463045,490680,0,2513,,115,11154,11289,0.988041456284879,390,2503,2564,0.9762090483619345,259,852,5456955,2,0x596dfff5274d4813f72a4c7a8b3b2330c81400abd72e278f1b8e2012113e2d64,22,16,50,1877,390,2529390,273,22,10.0,7.0,4,5,0
0x0cbb8032627447cd44aa8be2f7a781e2e623ee400ea08512836d24e275b00d44,1,0x304cb3e7ac683571eea99baab5ad47b5163c4798,0x797aab1ce7c01eb727ab980762ba88e7133d2157,2021-08-27 20:52:25+00:00,1099044,129774688365,8014624,536600,0,1947,,113,11155,11290,0.9880425155004428,390,1900,2016,0.9424603174603174,221,250,1616483,3,0x0cbb8032627447cd44aa8be2f7a781e2e623ee400ea08512836d24e275b00d44,3,3,57,1877,390,2529528,335,24,10.0,7.0,4,5,0
0xfe7bf1a6363ab92479a2b0b4902b2f264217a73f84982f22776329541ada59be,1,0x6aed19abab347eb07a2c8b264fc5c4c1b002210b,0x797aab1ce7c01eb727ab980762ba88e7133d2157,2021-08-29 08:26:58+00:00,929772,66000000000,2557298,453287,0,3917,,90,11158,11293,0.9880456920216064,392,3907,4087,0.955957915341326,295,1221,7612826,4,0xfe7bf1a6363ab92479a2b0b4902b2f264217a73f84982f22776329541ada59be,15,15,49,1877,392,2539119,247,20,9.0,7.0,4,5,0
0x9dbc6632f6807a6e2dad23689a54f5fa8856450f12b5b0b0d800c420597ad918,1,0x847c944f5b9b38f0c5331580cea67a7f1ec17388,0x797aab1ce7c01eb727ab980762ba88e7133d2157,2021-08-29 21:35:30+00:00,931868,121979222599,21779648,454318,0,302,2.0,81,11160,11295,0.9880478087649402,392,308,322,0.9565217391304348,78,174,1128184,5,0x9dbc6632f6807a6e2dad23689a54f5fa8856450f12b5b0b0d800c420597ad918,1,1,35,1878,392,2542649,85,14,7.0,7.0,4,5,0
0xf7b0714422dddaa02bf5f82f28957886636d000d6c44478ec2918fbff0c132ff,1,0x95759dcafdb6495022f48f81181981496649fb2a,0x7aaa323d7e398be4128c7042d197a2545f0f1fea,2021-08-29 01:09:54+00:00,718466,95162696777,23287960,349285,0,144,2.0,92,162,162,1.0,92,147,150,0.98,35,982,6189351,1,0xf7b0714422dddaa02bf5f82f28957886636d000d6c44478ec2918fbff0c132ff,7,7,31,50,221,1426401,38,15,5.0,6.0,4,5,0
0x77e2d72bd9d94f20b051f0a629a79e9a316b3ee3c6bf7495236f43bc24d379d8,4,0xce1f4b4f17224ec6df16eeb1e3e5321c54ff6ede,0x862c8b2e8ea56760ea1d4301eeec131f493052ba,2021-08-30 04:11:54+00:00,2284255,120000000000,1293450,1061988,0,80,,60,1,1,1.0,1,82,83,0.9879518072289156,16,70,445994,1,0x77e2d72bd9d94f20b051f0a629a79e9a316b3ee3c6bf7495236f43bc24d379d8,1,1,91,1,0,0,29,22,9.0,12.0,5,8,1
0x362725ac1b6db99a4a9461afe104305a070c1067ddb4c2f93e86a7c7ef690d30,1,0x961eed3b7d4b7c261ee5b023e5f857af5af1e700,0x8b950f43fcac4931d408f1fcda55c6cb6cbf3096,2021-08-28 21:30:40+00:00,812824,49463449125,13858959,395725,0,1010,2.0,95,1190,1199,0.9924937447873228,195,999,1030,0.9699029126213592,142,187,1212828,1,0x362725ac1b6db99a4a9461afe104305a070c1067ddb4c2f93e86a7c7ef690d30,48,38,35,376,200,1294447,62,19,7.0,6.0,4,5,0
0xba468e260588e659d308413bf14c5b466fb13ee6423a96587ad1eee4a81bb802,4,0xce1f4b4f17224ec6df16eeb1e3e5321c54ff6ede,0x8ea53ff4d57c5692140d13524497f797184641cd,2021-08-30 04:38:27+00:00,2284255,120000000000,2301798,1051572,0,92,,21,1,1,1.0,1,93,95,0.9789473684210526,16,70,446124,1,0xba468e260588e659d308413bf14c5b466fb13ee6423a96587ad1eee4a81bb802,1,1,91,1,0,0,36,22,9.0,12.0,5,8,1
0x4894bef0c828e2a32c8a0da85babe0bafa0a95aedfac084c98f81e9ec5c210a2,1,0x8f28944cd69dcc85fc95978cfbebf3490be59d89,0x92b767185fb3b04f881e3ac8e5b0662a027a1d9f,2021-08-27 19:24:21+00:00,1974318,149717821285,12666660,967400,0,336,2.0,117,4176,4216,0.9905123339658444,268,417,419,0.9952267303102624,99,262,1695900,1,0x4894bef0c828e2a32c8a0da85babe0bafa0a95aedfac084c98f81e9ec5c210a2,7,6,102,880,267,1728517,49,47,10.0,9.0,4,5,0
0xd8f795933f11840191bbaa643f25f0d9325bf53ce0b409ba9b2c1bd63f9166ea,1,0x3037c04f9f65f2c9891bfa8433f99e8b83146d5b,0x92b767185fb3b04f881e3ac8e5b0662a027a1d9f,2021-08-28 04:16:04+00:00,808856,68000000000,15871981,393774,0,393,,107,4177,4217,0.9905145838273653,269,409,414,0.9879227053140096,107,1157,7242688,2,0xd8f795933f11840191bbaa643f25f0d9325bf53ce0b409ba9b2c1bd63f9166ea,8,6,45,880,268,1730868,63,17,8.0,6.0,4,5,0
0x2519ea1c79f2d0466a14be9d8dd79835556b31c8b1bebe3d25a63073d883db1e,2,0x8bf84ecaff833f8eb65b81970503453a05b79231,0x9ecf90d03592e5443146ebaa3b5d4ce0e7be9a19,2021-08-30 05:19:59+00:00,1236565,77753252514,15448937,362254,0,8,2.0,14,1,1,1.0,1,10,10,1.0,1,0,1087,1,0x2519ea1c79f2d0466a14be9d8dd79835556b31c8b1bebe3d25a63073d883db1e,1,1,52,1,0,0,3,18,6.0,9.0,3,7,0
0x55692ccc8ccf81b155044ed4109155ec7714dfae541fe4c4be23da8b18240248,4,0xce1f4b4f17224ec6df16eeb1e3e5321c54ff6ede,0xa63d4de7b8e56ea26c7537bfd619cc6ea043932a,2021-08-30 04:17:13+00:00,2284255,120000000000,1585827,988611,0,82,,50,1,1,1.0,1,84,85,0.9882352941176472,16,70,446022,1,0x55692ccc8ccf81b155044ed4109155ec7714dfae541fe4c4be23da8b18240248,1,1,89,1,0,0,30,20,9.0,12.0,5,8,1
0x0016745693d68d734faa408b94cdf2d6c95f511b50f47b03909dc599c1dd9ff6,4,0xce1f4b4f17224ec6df16eeb1e3e5321c54ff6ede,0xbd51cb8c06f768d3225b613b79b1386f4c83d1fa,2021-08-30 04:03:40+00:00,2284255,81206036383,4938872,1140897,0,78,2.0,65,1,1,1.0,1,80,81,0.9876543209876542,16,70,445950,1,0x0016745693d68d734faa408b94cdf2d6c95f511b50f47b03909dc599c1dd9ff6,1,1,91,1,0,0,28,22,9.0,12.0,5,8,1
0xf0f6a07e0d27b00b972ccdfa500cb53f87ff3e079a3746afb3af6ca84a186043,13,0xce1f4b4f17224ec6df16eeb1e3e5321c54ff6ede,0xc51bdc9aebba23aea787d6e535e2725448d36e65,2021-08-30 05:25:52+00:00,2284255,180000000000,2158228,1526336,0,101,,4,1,1,1.0,1,102,104,0.9807692307692308,16,70,446343,1,0xf0f6a07e0d27b00b972ccdfa500cb53f87ff3e079a3746afb3af6ca84a186043,1,1,158,1,0,0,40,20,10.0,12.0,6,8,1
0x554aa81ca75fcb79424a16ca6e16151a60160eb21221e134abe28f8618d14750,1,0xc0a7aba6031d05b1f28c101ffdb1396021a765d6,0xc7fd8dcee4697ceef5a2fd4608a7bd6a94c77480,2021-08-28 02:51:38+00:00,1453300,65987722903,5216083,710961,0,986,2.0,112,5497,5584,0.984419770773639,344,1029,1040,0.989423076923077,224,1591,9541402,1,0x554aa81ca75fcb79424a16ca6e16151a60160eb21221e134abe28f8618d14750,19,19,80,1217,374,2420289,198,29,17.0,6.0,4,5,0
0xf4102979c55011f42b6fe428006de82cdeba098a6552658f504fea8210131f77,6,0x8bf84ecaff833f8eb65b81970503453a05b79231,0xccc239bc7f1de7fa7c7d94a8f64911411ab67d2b,2021-08-30 03:11:15+00:00,2500000,70789793306,22095906,1624447,0,4,2.0,68,1,1,1.0,1,5,5,1.0,1,0,494,1,0xf4102979c55011f42b6fe428006de82cdeba098a6552658f504fea8210131f77,1,1,109,1,0,0,2,20,8.0,12.0,6,7,0
0xafa87451f1005ee17e359b9818fb9baf5b251551318f8eaaf0dc1445be436e5d,1,0x74c3b2d22ed5990b9ab1f77bd3054d4fd4afcf96,0xce4fe9b4b8ff61949dcfeb7e03bc9faca59d2eb3,2021-08-28 16:03:13+00:00,1547760,69170452459,26210118,757453,0,6457,2.0,101,2377,2396,0.9920701168614356,333,6405,6735,0.951002227171492,304,327,2120134,1,0xafa87451f1005ee17e359b9818fb9baf5b251551318f8eaaf0dc1445be436e5d,17,11,76,756,391,2534590,324,29,21.0,6.0,4,5,0
0xba29ca1419a0be163f2dce39767eb9b3499a80df2b21b61b4e30d853ad3992cb,2,0x5a0727d72115541d0edb9da8adbe9cf843b9106c,0xd06527d5e56a3495252a528c4987003b712860ee,2021-08-27 06:17:00+00:00,446726,68432861779,18975651,213640,0,584,2.0,129,20583,20983,0.9809369489586808,391,596,614,0.9706840390879478,116,1276,7934610,1,0xba29ca1419a0be163f2dce39767eb9b3499a80df2b21b61b4e30d853ad3992cb,2,2,19,3392,390,2525786,105,11,3.0,5.0,2,3,0
0xa8fee52d34a9d8aaa0ff3ecc1858adb1212ede10d9490f96cbe7c0f6e6b1db20,2,0xcca5653c42f4bd2413a1ffb3010cea758b40df79,0xd06527d5e56a3495252a528c4987003b712860ee,2021-08-27 14:35:04+00:00,1684682,77283720179,17494430,835136,0,835,2.0,125,20584,20984,0.9809378574151734,391,830,858,0.9673659673659672,131,388,2515434,2,0xa8fee52d34a9d8aaa0ff3ecc1858adb1212ede10d9490f96cbe7c0f6e6b1db20,30,20,97,3392,390,2527924,189,38,20.0,6.0,2,3,0
0x19b55865130bf31101762605b3c67b57a7bc73c29f259c20556efa63360d7d05,2,0xcca5653c42f4bd2413a1ffb3010cea758b40df79,0xd06527d5e56a3495252a528c4987003b712860ee,2021-08-27 15:29:36+00:00,1684682,107106301933,20906827,835136,0,837,2.0,123,20585,20985,0.9809387657850844,391,832,860,0.9674418604651162,131,388,2515681,3,0x19b55865130bf31101762605b3c67b57a7bc73c29f259c20556efa63360d7d05,31,20,97,3392,390,2528171,189,38,20.0,6.0,2,3,0
0x535d174c2e0cb815ce6f53ae87ce4d72e2c6088f0e2fb206d678164042f7f1e5,1,0xc0a7aba6031d05b1f28c101ffdb1396021a765d6,0xd06527d5e56a3495252a528c4987003b712860ee,2021-08-27 15:47:22+00:00,216954,120255217971,10826336,103632,8000000000000000000,982,2.0,122,20586,20986,0.9809396740684264,391,1025,1036,0.9893822393822392,223,1590,9538402,4,0x535d174c2e0cb815ce6f53ae87ce4d72e2c6088f0e2fb206d678164042f7f1e5,19,17,6,3392,390,2528240,198,5,2.0,2.0,1,2,0
0x659da217b0952489c77d6fcaf00f41d8f0b34e5c0ef572797bb329a7a7325a3b,2,0x4558ef17b852c4c19b765c8880ab31d669e1e03f,0xd06527d5e56a3495252a528c4987003b712860ee,2021-08-27 15:53:39+00:00,1350634,97000000000,7868097,670394,0,3954,,121,20587,20987,0.9809405822652116,391,3987,4079,0.9774454523167442,400,1275,7929537,5,0x659da217b0952489c77d6fcaf00f41d8f0b34e5c0ef572797bb329a7a7325a3b,16,14,75,3392,390,2528271,438,33,16.0,6.0,2,3,0
0x780992f25eb7525feebf4ef43696b2918026a9d941bc76efca3a7c0fd1f0ef58,2,0xeb6cf828acadadf91341c04140216fa65f26b296,0xd06527d5e56a3495252a528c4987003b712860ee,2021-08-27 17:01:15+00:00,816812,200000000000,7133553,403483,0,61,,119,20588,20988,0.9809414903754526,391,63,64,0.984375,14,353,2288067,6,0x780992f25eb7525feebf4ef43696b2918026a9d941bc76efca3a7c0fd1f0ef58,1,1,37,3393,390,2528626,21,15,6.0,5.0,2,3,0
0x8d6b5b8be8a9910165ba04cfd1b8131f87152901afb166e17623265be20753eb,1,0xcca5653c42f4bd2413a1ffb3010cea758b40df79,0xd06527d5e56a3495252a528c4987003b712860ee,2021-08-27 20:16:18+00:00,202146,108570087902,7463380,96228,4000000000000000000,840,2.0,116,20589,20989,0.9809423983991614,391,835,863,0.9675550405561992,131,388,2517005,7,0x8d6b5b8be8a9910165ba04cfd1b8131f87152901afb166e17623265be20753eb,32,20,6,3393,390,2529495,190,5,2.0,2.0,1,2,0
0xefaea7d900f99c6093fca3cec8c404d166ee9f4cb22b52e61c19c4c4c5d93774,1,0xc0a7aba6031d05b1f28c101ffdb1396021a765d6,0xd06527d5e56a3495252a528c4987003b712860ee,2021-08-28 02:55:41+00:00,216954,62097322479,3753519,103632,1000000000000000000,989,2.0,111,20590,20990,0.9809433063363506,392,1032,1043,0.9894534995206136,224,1591,9541424,8,0xefaea7d900f99c6093fca3cec8c404d166ee9f4cb22b52e61c19c4c4c5d93774,20,18,6,3393,391,2531262,198,5,2.0,2.0,1,2,0
0x65ccf02509f104865eb9ce0d6576a526be78498bb28bc6fa428cfbad401d885b,2,0x6aed19abab347eb07a2c8b264fc5c4c1b002210b,0xd06527d5e56a3495252a528c4987003b712860ee,2021-08-28 03:52:51+00:00,849038,81000000000,6445450,419596,0,3912,,110,20591,20991,0.9809442141870324,392,3902,4082,0.955903968642822,294,1220,7605096,9,0x65ccf02509f104865eb9ce0d6576a526be78498bb28bc6fa428cfbad401d885b,21,19,44,3393,391,2531515,247,20,9.0,6.0,2,3,0
0x196d8d69450594cb8849261aa2e1c9f389766111f0a813cfbc942d6dcab5d5d8,2,0xe25d56df6edbcc226b611cb95fddeff9cd6d88b6,0xd06527d5e56a3495252a528c4987003b712860ee,2021-08-28 04:14:11+00:00,614768,76113910022,11111217,297661,0,377,2.0,109,20592,20992,0.9809451219512196,392,370,391,0.9462915601023016,93,284,1837359,10,0x196d8d69450594cb8849261aa2e1c9f389766111f0a813cfbc942d6dcab5d5d8,3,3,30,3393,391,2531605,109,18,4.0,7.0,2,3,0
0x75c90519d2e3645e56df9398a3914368c764639ab0d666fc81683ce5dbe9a0bf,1,0x6aed19abab347eb07a2c8b264fc5c4c1b002210b,0xd06527d5e56a3495252a528c4987003b712860ee,2021-08-28 04:57:29+00:00,202146,65000000000,7211708,96228,9000000000000000000,3915,,106,20593,20993,0.980946029628924,392,3905,4085,0.95593635250918,294,1220,7605414,11,0x75c90519d2e3645e56df9398a3914368c764639ab0d666fc81683ce5dbe9a0bf,22,19,6,3393,391,2531833,247,5,2.0,2.0,1,2,0
0xdfdda0858dd8969d78a7698923ee9c782ab40366505ad318c5e2e6507b13ed6b,2,0x108a8b7200d044bbbe95bef6f671baec5473e05f,0xd06527d5e56a3495252a528c4987003b712860ee,2021-08-28 05:40:51+00:00,1597714,57852294278,23089952,793708,0,12729,2.0,105,20594,20994,0.980946937220158,392,12135,12868,0.94303699098539,413,465,3008509,12,0xdfdda0858dd8969d78a7698923ee9c782ab40366505ad318c5e2e6507b13ed6b,89,46,82,3393,391,2532011,620,35,22.0,6.0,2,3,0
0x2d94c4295b1c6b21a4ea637dbc2c2e113a4f59b072c1ab6d2eaaa374bd2f7920,1,0x4c026d5d6a7fe1b2e2b28b916ef2016f6058f7b4,0xd06527d5e56a3495252a528c4987003b712860ee,2021-08-28 13:57:25+00:00,216954,45668138081,25193193,103632,1456791204852484136,1292,2.0,104,20595,20995,0.9809478447249343,392,1277,1377,0.9273783587509076,204,355,2299268,13,0x2d94c4295b1c6b21a4ea637dbc2c2e113a4f59b072c1ab6d2eaaa374bd2f7920,23,14,6,3393,391,2534224,290,5,2.0,2.0,1,2,0
0x7c6cd08275b63340eda250bf2ac0dd844773aa9222ecd1f2344aac63329f3275,2,0xe5350e927b904fdb4d2af55c566e269bb3df1941,0xd06527d5e56a3495252a528c4987003b712860ee,2021-08-28 16:03:13+00:00,1288616,69520452459,13504668,639385,0,7214,2.0,102,20596,20996,0.9809487521432652,392,6464,7378,0.8761181892111684,318,435,2817732,14,0x7c6cd08275b63340eda250bf2ac0dd844773aa9222ecd1f2344aac63329f3275,219,95,72,3393,391,2534803,564,30,14.0,6.0,2,3,0
0x077eba7f1719da56cb3476cdf6709e932cd6e748505a0d99325b107e2cbb2716,1,0xe5350e927b904fdb4d2af55c566e269bb3df1941,0xd06527d5e56a3495252a528c4987003b712860ee,2021-08-28 16:36:11+00:00,216954,111408478807,11977744,103632,100000000000000000000,7229,2.0,100,20597,20997,0.9809496594751632,392,6478,7393,0.8762342756661707,318,435,2817892,15,0x077eba7f1719da56cb3476cdf6709e932cd6e748505a0d99325b107e2cbb2716,220,95,6,3393,391,2534963,564,5,2.0,2.0,1,2,0
0x415383534716b5f69a38becb849e3878ef357a79ebf43dcab428addbdd024a68,1,0x108a8b7200d044bbbe95bef6f671baec5473e05f,0xd06527d5e56a3495252a528c4987003b712860ee,2021-08-28 16:56:04+00:00,216954,75394167732,4232090,103632,200000000000000000000,12750,2.0,99,20598,20998,0.98095056672064,392,12145,12889,0.9422763596865544,413,465,3011566,16,0x415383534716b5f69a38becb849e3878ef357a79ebf43dcab428addbdd024a68,90,46,6,3393,391,2535068,621,5,2.0,2.0,1,2,0
0xf728da42b4eeb8a60c716411c1cc896a8e3603e163ade60b5fa5314de25fc88b,1,0xe5350e927b904fdb4d2af55c566e269bb3df1941,0xd06527d5e56a3495252a528c4987003b712860ee,2021-08-28 18:31:39+00:00,216954,64603634583,9409623,103632,150000000000000000000,7237,2.0,98,20599,20999,0.9809514738797086,392,6485,7401,0.8762329414943926,318,435,2818413,17,0xf728da42b4eeb8a60c716411c1cc896a8e3603e163ade60b5fa5314de25fc88b,221,95,6,3393,391,2535484,564,5,2.0,2.0,1,2,0
0x0531e5b411cfec701e7d18b2b2319bf624327eb960153bb64ced8d3aa62e58ee,1,0xf3b0f4411c77c60a132003dbc01d58fe137b75ae,0xd06527d5e56a3495252a528c4987003b712860ee,2021-08-28 20:00:06+00:00,216954,71000000000,4136241,103632,10000000000000000000,626,,96,20600,21000,0.9809523809523808,392,635,665,0.9548872180451128,100,131,844716,18,0x0531e5b411cfec701e7d18b2b2319bf624327eb960153bb64ced8d3aa62e58ee,4,3,6,3393,391,2535897,108,5,2.0,2.0,1,2,0
0x9376a4fc84906530a3c96343e994a3a37c0470e1f48d667e6b42cf8c37ace83f,2,0x898c4607809945b49d65ea51580101798931b241,0xd06527d5e56a3495252a528c4987003b712860ee,2021-08-29 00:11:28+00:00,633968,96000000000,7927546,312061,0,677,,94,20601,21001,0.9809532879386696,393,677,727,0.9312242090784044,134,264,1704560,19,0x9376a4fc84906530a3c96343e994a3a37c0470e1f48d667e6b42cf8c37ace83f,8,8,29,3393,392,2537002,182,15,7.0,5.0,2,3,0
0x8d4fe4f4c28191c4bcf30d1ef7b5d3fa2be18a5afdee69ca552c68d0fbc02ff0,1,0x4ea13e9b80981d872f488cab5b303b14b691f612,0xd06527d5e56a3495252a528c4987003b712860ee,2021-08-29 00:13:53+00:00,226700,99855929831,5920973,103627,0,13,2.0,93,20602,21002,0.9809541948385868,393,15,15,1.0,6,69,438589,20,0x8d4fe4f4c28191c4bcf30d1ef7b5d3fa2be18a5afdee69ca552c68d0fbc02ff0,2,2,7,3393,392,2537009,7,5,3.0,2.0,1,3,0
0x4794439d14d5cfd969dc976bf9407aadc3e446cb3b147613a37204525ae415a0,1,0x3a14ef4e56cf355e0d6a08a478fd43b10704535e,0xd06527d5e56a3495252a528c4987003b712860ee,2021-08-29 04:25:31+00:00,251154,58184745967,6365306,120732,250000000000000000,200,2.0,91,20603,21003,0.980955101652145,393,205,226,0.907079646017699,44,163,1050737,21,0x4794439d14d5cfd969dc976bf9407aadc3e446cb3b147613a37204525ae415a0,1,1,6,3394,392,2538183,61,5,2.0,2.0,1,2,0
0xfae7447b04ce9e11ca34912fc47ab8d5455ba40735a5734228568f1108178cb3,2,0x1c9922edfcda2b9613132203bf54caf182813e1f,0xd06527d5e56a3495252a528c4987003b712860ee,2021-08-29 17:24:54+00:00,338434,70590821771,9921382,164294,0,210,2.0,83,20604,21004,0.9809560083793561,393,227,238,0.953781512605042,57,113,725872,22,0xfae7447b04ce9e11ca34912fc47ab8d5455ba40735a5734228568f1108178cb3,4,4,12,3394,392,2541643,48,8,3.0,5.0,2,3,0
0x3c39e0da287441e2f2a9cc24b9b110a8b843aedd836cdb74adea7d85fc085915,1,0x847c944f5b9b38f0c5331580cea67a7f1ec17388,0xd06527d5e56a3495252a528c4987003b712860ee,2021-08-29 21:22:40+00:00,216954,159232836452,19592982,103632,20000000000000000000,301,2.0,82,20605,21005,0.9809569150202332,393,307,321,0.956386292834891,78,174,1128124,23,0x3c39e0da287441e2f2a9cc24b9b110a8b843aedd836cdb74adea7d85fc085915,6,3,6,3394,392,2542715,84,5,2.0,2.0,1,2,0
0xe85b3cc764d69b3624148dff56081c2e0101db0ec958661c8d835d81c3996773,1,0xe5350e927b904fdb4d2af55c566e269bb3df1941,0xd06527d5e56a3495252a528c4987003b712860ee,2021-08-30 01:51:28+00:00,216954,75886603913,7236321,103632,100000000000000000000,7268,2.0,73,20606,21006,0.980957821574788,394,6516,7432,0.8767491926803013,320,437,2826862,24,0xe85b3cc764d69b3624148dff56081c2e0101db0ec958661c8d835d81c3996773,222,96,6,3394,393,2543933,566,5,2.0,2.0,1,2,0
0x747fc059cde07a1267c5e9ddafd4a40e91d95388256f098c887fe1561f61fb59,1,0xfe76b6229ccdc952703833c706e4a23555d0a2a4,0xd06527d5e56a3495252a528c4987003b712860ee,2021-08-30 02:51:39+00:00,251154,87519491769,20125628,120732,1744318319363746632,11,2.0,71,20607,21007,0.9809587280430332,394,15,15,1.0,5,392,2536121,25,0x747fc059cde07a1267c5e9ddafd4a40e91d95388256f098c887fe1561f61fb59,1,1,6,3395,393,2544205,8,5,2.0,2.0,1,2,0
0x216ce275c496403374e10137d15f0a011f9fce340613b318abfd3f4faa962086,1,0xf662eba33a8630b51a3d955213dd7a58c2a687a9,0xd06527d5e56a3495252a528c4987003b712860ee,2021-08-30 02:57:21+00:00,162715,86484742967,968988,103632,125000000000000000,488,,70,20608,21008,0.9809596344249808,394,508,520,0.9769230769230768,124,248,1604555,26,0x216ce275c496403374e10137d15f0a011f9fce340613b318abfd3f4faa962086,51,26,6,3395,393,2544232,58,5,2.0,2.0,1,2,0
0x43f8d9dd6fbe07555accec113147f1079866442e344fa9026d7d1cd546a99e87,2,0xbca6068d1e0249ce592b293cc9c38d048d1180f9,0xd06527d5e56a3495252a528c4987003b712860ee,2021-08-30 03:30:11+00:00,939584,64516632711,5946544,464869,0,1430,2.0,67,20609,21009,0.9809605407206436,394,1416,1494,0.9477911646586344,143,253,1637308,27,0x43f8d9dd6fbe07555accec113147f1079866442e344fa9026d7d1cd546a99e87,5,4,51,3395,393,2544391,159,22,9.0,5.0,2,3,0
0x860f6cd205f45cae6dced9753990da3781b3786d588d7aabd88d296626eeba1b,9,0xeb5b69c5f93ace94ec36352c1467a540ff167f02,0xdff523be6002e59a4a2242d99afccb502d4ed020,2021-08-30 04:33:25+00:00,1300000,94656171999,601900,601900,0,3,,23,55,92,0.5978260869565217,16,5,5,1.0,5,70,445686,1,0x860f6cd205f45cae6dced9753990da3781b3786d588d7aabd88d296626eeba1b,2,2,86,18,18,113817,3,20,10.0,9.0,4,7,0
0xe8f2194847036a496fe6d309d7a1fb1edcef9ab1bd1534c712b8f13d4242882b,1,0x5bf6681a73a33a076c5569a4e729f41ae20bd901,0xeff039c3c1d668f408d09dd7b63008622a77532c,2021-08-29 14:24:07+00:00,1099426,52424854816,27748921,536789,0,433,2.0,86,487,488,0.9979508196721312,182,442,459,0.9629629629629628,79,363,2349061,1,0xe8f2194847036a496fe6d309d7a1fb1edcef9ab1bd1534c712b8f13d4242882b,6,5,63,148,314,2033270,97,26,11.0,8.0,4,5,0
0x6f3bc128724bdae00f328e300d74103d0adcf988720b0b02f65b6f258af276fa,13,0xce1f4b4f17224ec6df16eeb1e3e5321c54ff6ede,0xfe543106a3d997a2da35ef51b6efaa80067e806e,2021-08-30 05:24:16+00:00,2284255,180000000000,1557921,1557921,0,99,,11,1,1,1.0,1,100,102,0.980392156862745,16,70,446338,1,0x6f3bc128724bdae00f328e300d74103d0adcf988720b0b02f65b6f258af276fa,1,1,159,1,0,0,39,21,10.0,12.0,6,8,1
