index,transaction_hash,trace_involved_amt,from_address,to_address,block_timestamp,contract_block_involved,contract_tx_count,contract_block_per_tx,contract_main_active_days,sender_block_involved,sender_tx_count,sender_block_per_tx,sender_main_active_days,contract_interact,add_feat_hash,sender_tx_count_call_contract,sender_days_call_contract,trace_amt,distinct_sender_in_contract,contract_lifetime_days,contract_lifetime_block,distinct_contract_sender_called,sender_lifetime_days,sender_lifetime_block,contract_involved_amt,max_breadth,depth,distinct_was_called_in_sample,distinct_sender_call_in_sample,gas,gas_price,receipt_cumulative_gas_used,receipt_gas_used,value,nonce,transaction_type,z_trace_involved_amt,z_contract_block_involved,z_contract_tx_count,z_contract_main_active_days,z_sender_block_involved,z_sender_tx_count,z_sender_main_active_days,z_contract_interact,z_sender_tx_count_call_contract,z_sender_days_call_contract,z_trace_amt,z_distinct_sender_in_contract,z_contract_lifetime_days,z_contract_lifetime_block,z_distinct_contract_sender_called,z_sender_lifetime_days,z_sender_lifetime_block,z_contract_involved_amt,z_max_breadth,z_depth,z_distinct_was_called_in_sample,z_distinct_sender_call_in_sample,z_gas,z_gas_price,z_receipt_cumulative_gas_used,z_receipt_gas_used,z_value,z_nonce,involved_trace_ratio,contract_active_day_ratio,tx_count_per_distinct_caller,contract_block_ratio,sender_active_day_ratio,sender_tx_count_per_contract,sender_block_ratio,tx_sender_call_contract,sender_call_contract_tx_ratio,sender_tx_count_call_contract_per_days,sender_call_contract_day_ratio,is_sus
640,0xd4fafa1261f6e4f9c8543228a67caf9d02811e4ad3058a2714323964a8db61f6,12,0x0348d20b74ddc0ac9bfc3626e06d30bb6fac213b,0xed42cb11b9d03c807ed1ba9c2ed1d3ba5bf37340,2022-12-29 05:02:23+00:00,1,1,1.0,1,2,2,1.0,1,1,0xd4fafa1261f6e4f9c8543228a67caf9d02811e4ad3058a2714323964a8db61f6,1,1,38,1,0,0,1,0,14,7,11.0,6.0,4,4,622123,20000000000,587426,368666,0.0,1,0,3.5704676892625047,-0.0920040095338528,-0.0866874536116975,-0.8558895552123428,-0.8046065814218026,-0.7543455401945166,-1.3215493969391037,-1.6829027751617118,-0.0592215020260718,-0.292451559278471,0.7747366366860781,-0.0931874228560306,-1.0482835178120102,-1.069370173470523,-1.0192649535889742,-1.4167132010482948,-1.4519060235191512,0.4946929167789672,0.0150788743137319,8.292896984076364,5.525180072516756,0.3285759689843416,0.1786810337783264,0.2711731592669751,-1.5445346737983372,-0.0535153170877888,-0.22101942,-0.7408613343222107,0.3157894736842105,1.0,1.0,1.0,1.0,2.0,0.1333333333333333,0.5,1.0,1.0,1.0,1
705,0xffa5cf706b38b6c48123a76f3d648dfc58a2c7e26ed66a94f84a3966a5c05446,1,0x2c8b8377fe8457c8f45b96240cc446f05f09e918,0xf2919d1d80aff2940274014bef534f7791906ff2,2022-12-25 20:47:59+00:00,845,858,0.9848484848484848,108,1095,1101,0.994550408719346,149,1,0xffa5cf706b38b6c48123a76f3d648dfc58a2c7e26ed66a94f84a3966a5c05446,30,4,3,240,159,1094516,164,1800,11325171,4,2.0,1.0,1,2,166710,15115874629,7828157,152310,8130081600000000.0,993,2,-0.2377046963414898,-0.0895836691948358,-0.0864938199270918,0.6400345775385025,-0.1063456150362598,-0.1466116413859363,-0.3930919488563267,1.549968791460855,-0.0195823466277032,0.2579163239507062,-0.3636034993975956,-0.09226824992914,0.8161950398680915,0.8613236678289827,-0.4009305851839962,2.5379791805385747,2.550121693767088,-0.2220009200889321,-0.3464207472772154,-0.4529973564861544,-0.3630771597711049,-0.2096794953589917,-0.3077745448234573,-0.0824848671956295,-0.5111043230658084,-0.3051715036716923,-0.1811586,-0.1752932885142222,0.3333333333333333,0.675,3.575,0.0007720300369934,0.0827318156579677,6.713414634146342,9.668727327055166e-05,0.0272479564032697,0.0349650349650349,7.5,0.037037037037037,0
20,0x169e1914eba9a5136893d166c46fc070e48683f5bac5a8de5037a3cc6ec66912,1,0x2c8b8377fe8457c8f45b96240cc446f05f09e918,0xf2919d1d80aff2940274014bef534f7791906ff2,2022-12-25 21:15:11+00:00,846,859,0.9848661233993016,108,1096,1102,0.9945553539019965,149,2,0x169e1914eba9a5136893d166c46fc070e48683f5bac5a8de5037a3cc6ec66912,31,4,6,240,159,1094652,164,1800,11325307,4,5.0,1.0,1,2,327114,11964624317,8359325,294714,3.2520326e+16,994,2,-0.2377046963414898,-0.0895808014930123,-0.0864935939834691,0.6400345775385025,-0.1057067669425859,-0.1460586533069477,-0.3930919488563267,1.5537411036739504,-0.0182154792001733,0.2579163239507062,-0.2660314877332807,-0.09226824992914,0.8161950398680915,0.8615635678052431,-0.4009305851839962,2.5379791805385747,2.55016975277144,-0.2220009200889321,-0.2259208734135663,-0.4529973564861544,-0.3630771597711049,-0.2096794953589917,-0.1364368345911176,-0.3106659398701432,-0.4352935889648046,-0.1395331687316204,-0.06157616,-0.1747231594357867,0.1666666666666666,0.675,3.5791666666666666,0.0007728476512648,0.0827318156579677,6.719512195121951,9.677441002046037e-05,0.028130671506352,0.0360884749708963,7.75,0.037037037037037,0
41,0x81e5bef52c266ec4f4f13b3b96ac7186048df1d71a57ebf997491de9ed68386f,1,0x2c8b8377fe8457c8f45b96240cc446f05f09e918,0xf2919d1d80aff2940274014bef534f7791906ff2,2022-12-25 21:27:11+00:00,847,860,0.9848837209302326,108,1098,1104,0.9945652173913044,149,3,0x81e5bef52c266ec4f4f13b3b96ac7186048df1d71a57ebf997491de9ed68386f,32,4,2,240,159,1094712,164,1800,11325367,3,1.0,1.0,1,1,49803,11018675901,5440337,49803,1.5e+17,996,2,-0.2377046963414898,-0.0895779337911888,-0.0864933680398465,0.6400345775385025,-0.1044290707552381,-0.1449526771489702,-0.3930919488563267,1.5575134158870454,-0.0168486117726433,0.2579163239507062,-0.3961275032857005,-0.09226824992914,0.8161950398680915,0.861669406030064,-0.4009305851839962,2.5379791805385747,2.55019095527336,-0.4608988657115653,-0.3865873718984318,-0.4529973564861544,-0.3630771597711049,-0.4788072275306584,-0.4326503439938778,-0.379161775772384,-0.8519049494233055,-0.4244033286183367,0.5144125,-0.1735829012789158,0.5,0.675,3.583333333333333,0.000773718773779,0.0827318156579677,6.7317073170731705,9.69504920281619e-05,0.0289855072463768,0.0372093023255813,8.0,0.037037037037037,0
162,0xc7e1a4c4e00cec26efea8dfa3125bf6dfaec76f49a2f765951781216b9bf326e,1,0x2c8b8377fe8457c8f45b96240cc446f05f09e918,0xf2919d1d80aff2940274014bef534f7791906ff2,2022-12-25 21:27:59+00:00,848,861,0.9849012775842044,108,1099,1105,0.9945701357466064,149,4,0xc7e1a4c4e00cec26efea8dfa3125bf6dfaec76f49a2f765951781216b9bf326e,33,4,9,240,159,1094716,164,1800,11325371,4,8.0,1.0,1,2,440775,11789401680,16594468,402375,5.6910567e+16,997,2,-0.2377046963414898,-0.0895750660893654,-0.0864931420962238,0.6400345775385025,-0.1037902226615643,-0.1443996890699816,-0.3930919488563267,1.5612857281001409,-0.0154817443451134,0.2579163239507062,-0.1684594760689658,-0.09226824992914,0.8161950398680915,0.8616764619117186,-0.4009305851839962,2.5379791805385747,2.550192368773488,-0.2220009200889321,-0.1054209995499171,-0.4529973564861544,-0.3630771597711049,-0.2096794953589917,-0.0150282943881428,-0.3233537575008986,0.7400638050362333,-0.0143064280643423,0.05800626,-0.1730127722004803,0.1111111111111111,0.675,3.5875,0.0007746294247737,0.0827318156579677,6.737804878048781,9.703875510667553e-05,0.0298642533936651,0.0383275261324041,8.25,0.037037037037037,0
534,0x1b45585118bb7f51a0662bc5ca68ac3eb504b293c0d1b44ba833c77a2baabf3e,1,0x984b6d329d3aa1d6d5a14b134fb1fb8bcc66d60c,0xf2919d1d80aff2940274014bef534f7791906ff2,2022-12-25 23:53:47+00:00,849,862,0.9849187935034804,108,1210,1224,0.988562091503268,311,5,0x1b45585118bb7f51a0662bc5ca68ac3eb504b293c0d1b44ba833c77a2baabf3e,1,1,3,241,159,1095444,316,628,4078326,4,2.0,1.0,1,2,170646,10538567485,4823616,161046,1618123000000000.0,1070,2,-0.2377046963414898,-0.0895721983875419,-0.0864929161526012,0.6400345775385025,-0.0328780842637644,-0.0785941076703264,0.6231925551261724,1.565058040313236,-0.0592215020260718,-0.292451559278471,-0.3636034993975956,-0.092264404017312,0.8161950398680915,0.8629606323728778,0.1756756970096027,-0.036964970139098,-0.0107323900109289,-0.2220009200889321,-0.3464207472772154,-0.4529973564861544,-0.3630771597711049,-0.2096794953589917,-0.3035702529886246,-0.4139262795459394,-0.9399262002243802,-0.2950101564199545,-0.21308595,-0.1313933494746908,0.3333333333333333,0.675,3.5767634854771786,0.0007750275002396,0.4944356120826709,3.873417721518988,0.0002966902850114,0.0008169934640522,0.0011600928074245,1.0,0.0092592592592592,0
273,0xe773c5244953c7e80ca07e8bbcb2aa9d4366317c2b10f5abe53d1fd48ca2fbd1,1,0xc0f0adbd3e06b2ba2258b4cec3b60b5510789ec4,0xf2919d1d80aff2940274014bef534f7791906ff2,2022-12-26 00:59:11+00:00,850,863,0.984936268829664,109,254,254,1.0,91,6,0xe773c5244953c7e80ca07e8bbcb2aa9d4366317c2b10f5abe53d1fd48ca2fbd1,7,5,4,241,160,1095769,108,422,2744234,4,3.0,1.0,1,2,244422,10455786481,7811780,220422,1.6260163e+16,239,2,-0.2377046963414898,-0.0895693306857184,-0.0864926902089785,0.6540151769100058,-0.6436168618159868,-0.6149925442893645,-0.7569468947266043,1.568830352526331,-0.0510202974608921,0.4413722850270986,-0.3310794955094907,-0.092264404017312,0.8279213201050732,0.8635339227573239,-0.6133644786237432,-0.4895575426984842,-0.4821671932026051,-0.2220009200889321,-0.306254122655999,-0.4529973564861544,-0.3630771597711049,-0.2096794953589917,-0.2247654170113355,-0.4199204267635893,-0.5134417236478693,-0.2259464940551213,-0.14129779,-0.6051706136545684,0.25,0.6770186335403726,3.58091286307054,0.0007757102311616,0.2151300236406619,2.351851851851852,9.255767089917592e-05,0.0275590551181102,0.0081112398609501,1.4,0.0458715596330275,0
378,0x5b65c3b7fa206349380a4701c91fd624a5bd225e4c766b90c67b9249e17f9fd2,1,0x08d656d0d726febef66388ae5d827a45c0afde4f,0xf2919d1d80aff2940274014bef534f7791906ff2,2022-12-26 06:55:11+00:00,851,864,0.9849537037037036,109,904,963,0.9387331256490136,271,7,0x5b65c3b7fa206349380a4701c91fd624a5bd225e4c766b90c67b9249e17f9fd2,2,2,6,241,160,1097539,212,648,4206861,5,5.0,1.0,1,3,328066,10797346313,14240849,294466,6472492000000000.0,834,2,-0.2377046963414898,-0.0895664629838949,-0.0864924642653559,0.6540151769100058,-0.2283656009279694,-0.2229239962863768,0.3722581096983949,1.5726026647394262,-0.0578546345985418,-0.1089955982020786,-0.2660314877332807,-0.092264404017312,0.8279213201050732,0.8666561503895377,-0.2188443908070702,0.0069760563229782,0.0346886697272615,0.0168970255337009,-0.2259208734135663,-0.4529973564861544,-0.3630771597711049,0.0594482368126749,-0.1354199428668389,-0.3951881836436126,0.4041445023220814,-0.1398216318862027,-0.18928555,-0.2659438119854623,0.1666666666666666,0.6770186335403726,3.585062240663901,0.0007753703737449,0.4175654853620955,4.54245283018868,0.0002148870107933,0.0020768431983385,0.0023148148148148,1.0,0.018348623853211,0
714,0xaf2d0556798a618c9653cbb47876e884d5b6f8b1bd4f3162afdde9fb2919bbe5,1,0x71b0e047a904b6b0263d76a10fd2c7698d5eafe7,0xf2919d1d80aff2940274014bef534f7791906ff2,2022-12-26 10:12:11+00:00,852,865,0.984971098265896,109,1787,1882,0.9495217853347504,393,8,0xaf2d0556798a618c9653cbb47876e884d5b6f8b1bd4f3162afdde9fb2919bbe5,1,1,12,242,160,1098523,588,674,4371527,4,11.0,1.0,1,2,872958,10524284961,23966670,772158,1.618123e+16,1799,2,-0.2377046963414898,-0.0895635952820715,-0.0864922383217333,0.6540151769100058,0.3357372657860601,0.2852720483042375,1.1376081682531165,1.5763749769525213,-0.0592215020260718,-0.292451559278471,-0.0708874644046509,-0.092260558105484,0.8279213201050732,0.8683918972765989,1.2074974651455168,0.0640993907236774,0.0928775227466639,-0.2220009200889321,0.0150788743137319,-0.4529973564861544,-0.3630771597711049,-0.2096794953589917,0.4466138443449514,-0.4149604727467808,1.792258300112911,0.4158095827860874,-0.14168479,0.2842307487047684,0.0833333333333333,0.6770186335403726,3.574380165289256,0.0007755861501432,0.5822222222222222,3.200680272108844,0.0004087815518967,0.0005313496280552,0.0011560693641618,1.0,0.0091743119266055,0
124,0x55f39054674fe235cd96e74927e88801783f0a0e731abf6b24d1c94590f3f0f9,1,0x800b8f19273e29e37fcb147e1916e6860195dab4,0xf2919d1d80aff2940274014bef534f7791906ff2,2022-12-26 16:27:47+00:00,853,866,0.9849884526558892,109,958,1008,0.9503968253968254,236,9,0x55f39054674fe235cd96e74927e88801783f0a0e731abf6b24d1c94590f3f0f9,1,1,14,243,160,1100386,272,606,3932983,7,10.0,2.0,1,4,479051,13775505888,6813564,449451,1.4563107e+16,943,2,-0.2377046963414898,-0.089560727580248,-0.0864920123781106,0.6540151769100058,-0.1938678038695803,-0.1980395327318854,0.1526904699490895,1.5801472891656163,-0.0592215020260718,-0.292451559278471,-0.005839456628441,-0.092256712193656,0.8279213201050732,0.871678174157285,0.0087633521640872,-0.085300099247382,-0.0620929772869847,0.4946929167789672,-0.0250877503074844,1.296181511626349,-0.3630771597711049,0.3285759689843416,0.0258567346438827,-0.1795405583719538,-0.655911691250149,0.0404503923595139,-0.14961825,-0.2037997424359958,0.0714285714285714,0.6770186335403726,3.5637860082304527,0.0007751818223952,0.3887973640856672,3.7058823529411766,0.0002435809553255,0.0009920634920634,0.0011547344110854,1.0,0.0091743119266055,0
685,0x0ce8f1b3d1c07bff7acb4d38b6d5e1a3f9e4a4141d292b629818e42cd57a127b,1,0x0ca9fbaf91d0f6b5f190681d6bb435ebdaf7449f,0xf2919d1d80aff2940274014bef534f7791906ff2,2022-12-26 21:22:35+00:00,854,867,0.9850057670126874,109,359,380,0.9447368421052632,62,10,0x0ce8f1b3d1c07bff7acb4d38b6d5e1a3f9e4a4141d292b629818e42cd57a127b,1,1,5,244,160,1101855,81,130,904476,6,2.0,3.0,1,2,135303,14086788366,16217207,130503,1618123000000000.0,350,2,-0.2377046963414898,-0.0895578598784245,-0.086491786434488,0.6540151769100058,-0.5765378119802301,-0.5453160463367883,-0.9388743676617428,1.5839196013787118,-0.0592215020260718,-0.292451559278471,-0.2985554916213856,-0.092252866281828,0.8279213201050732,0.8742694466949811,-0.7157879629607641,-1.1310965290447987,-1.1322917353258708,0.2557949711563341,-0.3464207472772154,3.0453603797388533,-0.3630771597711049,-0.2096794953589917,-0.3413223582524683,-0.1570006892081674,0.6862193841417539,-0.3305364875909512,-0.21308595,-0.5418862859482309,0.2,0.6770186335403726,3.55327868852459,0.0007750559056718,0.4732824427480916,4.691358024691358,0.0003969144599586,0.0026315789473684,0.0011534025374855,1.0,0.0091743119266055,0
260,0x2b00f3e9dd4ec88fc1b8cd884d87d7b43be1f3d40453bbd90817a4e769eea029,1,0xebf5c03b03f175f82c794a2941f3043e5e5eb8ba,0xf2919d1d80aff2940274014bef534f7791906ff2,2022-12-26 22:35:59+00:00,855,868,0.9850230414746544,109,611,618,0.988673139158576,203,11,0x2b00f3e9dd4ec88fc1b8cd884d87d7b43be1f3d40453bbd90817a4e769eea029,9,2,18,244,160,1102219,301,459,2987047,5,9.0,2.0,1,2,233320,12580710560,7926638,233320,1.2944984e+16,555,2,-0.2377046963414898,-0.089554992176601,-0.0864915604908653,0.6540151769100058,-0.4155480923744142,-0.413704883537478,-0.0543304475288269,1.5876919135918068,-0.0482865626058322,-0.1089955982020786,0.1242565589239788,-0.092252866281828,0.8279213201050732,0.8749115319255606,0.1187737612668133,-0.408266643743643,-0.3963631415574559,0.0168970255337009,-0.0652543749287008,1.296181511626349,-0.3630771597711049,-0.2096794953589917,-0.2366241690312317,-0.2660553231722491,-0.4970486628886122,-0.2109440837010789,-0.1575517,-0.425009824868959,0.0555555555555555,0.6770186335403726,3.557377049180328,0.0007757072090871,0.4413043478260869,2.053156146179402,0.0002045497762339,0.0145631067961165,0.01036866359447,4.5,0.018348623853211,0
575,0x8c23dba9b620ccf9147fcddaf118d42b442c90845d56a15dd090116f3e12c103,1,0xebf5c03b03f175f82c794a2941f3043e5e5eb8ba,0xf2919d1d80aff2940274014bef534f7791906ff2,2022-12-26 22:37:23+00:00,856,869,0.9850402761795168,109,612,619,0.988691437802908,203,12,0x8c23dba9b620ccf9147fcddaf118d42b442c90845d56a15dd090116f3e12c103,10,2,3,244,160,1102226,301,459,2987054,3,2.0,1.0,1,2,56833,12727827453,6281093,56833,0.0,556,2,-0.2377046963414898,-0.0895521244747775,-0.0864913345472427,0.6540151769100058,-0.4149092442807403,-0.4131518954584893,-0.0543304475288269,1.591464225804902,-0.0469196951783022,-0.1089955982020786,-0.3636034993975956,-0.092252866281828,0.8279213201050732,0.8749238797184564,0.1187737612668133,-0.408266643743643,-0.3963606679322319,-0.4608988657115653,-0.3464207472772154,-0.4529973564861544,-0.3630771597711049,-0.2096794953589917,-0.4251411540551397,-0.2554026338808116,-0.7319083954896657,-0.4162263287122336,-0.22101942,-0.4244396957905236,0.3333333333333333,0.6770186335403726,3.5614754098360657,0.0007766095368739,0.4413043478260869,2.0564784053156147,0.0002048840747826,0.0161550888529886,0.0115074798619102,5.0,0.018348623853211,0
472,0xc71ed816e9632813ddc040e0eee8d20f945a8406c55fa3bf7a3eeef840b50be8,1,0xeeec0e4927704ab3bbe5df7f4effa818b43665a3,0xf2919d1d80aff2940274014bef534f7791906ff2,2022-12-27 00:25:59+00:00,857,870,0.9850574712643678,110,1274,1298,0.9815100154083204,374,13,0xc71ed816e9632813ddc040e0eee8d20f945a8406c55fa3bf7a3eeef840b50be8,1,1,14,245,161,1102764,265,1174,7560809,10,10.0,2.0,1,7,642017,14554968151,3100026,579617,1.4563107e+16,1267,2,-0.2377046963414898,-0.0895492567729541,-0.08649110860362,0.667995776281509,0.0080081937313634,-0.0376729898251627,1.018414306674922,1.5952365380179974,-0.0592215020260718,-0.292451559278471,-0.005839456628441,-0.09224902037,0.839647600342055,0.8758728958010162,-0.0177908845158811,1.1626250522755857,1.2198901515554383,1.2113867536468663,-0.0250877503074844,1.296181511626349,-0.3630771597711049,1.135959165499342,0.1999310799577369,-0.1230999339622214,-1.1859248733167902,0.1918540011472543,-0.14961825,-0.0190779210229028,0.0714285714285714,0.6790123456790124,3.5510204081632653,0.0007771374680915,0.3182978723404255,4.89811320754717,0.0001685004648972,0.0007704160246533,0.0011494252873563,1.0,0.009090909090909,0
139,0x42b18fc60013dc6c1997b8fba739f7ebaddc387f1d5f873038bc931a675e5e89,17,0xfe0fb970566e5ee272692ce8b831f46317de639c,0xf2919d1d80aff2940274014bef534f7791906ff2,2022-12-27 03:38:23+00:00,858,871,0.9850746268656716,110,948,994,0.9537223340040242,288,14,0x42b18fc60013dc6c1997b8fba739f7ebaddc387f1d5f873038bc931a675e5e89,1,1,68,246,161,1103719,245,1783,11218895,20,40.0,3.0,4,13,1563521,12312946475,10065417,1438721,6.3106796e+16,942,2,5.301455137264321,-0.0895463890711306,-0.0864908826599974,0.667995776281509,-0.200256284806319,-0.2057813658377272,0.4789052490052004,1.5990088502310924,-0.0592215020260718,-0.292451559278471,1.7504567533292268,-0.092245174458172,0.839647600342055,0.8775574875460808,-0.0936601321729336,2.5006293080458097,2.512566408866198,3.600366209873198,1.1799109883290069,3.0453603797388533,5.525180072516756,2.750725558529342,1.1842480878250092,-0.2854440387897756,-0.1917923107179036,1.191127589672545,0.08838563,-0.2043698715144313,0.25,0.6790123456790124,3.540650406504065,0.0007773710723734,0.1614349775784753,4.057142857142857,8.450029307696586e-05,0.0010060362173038,0.0011481056257175,1.0,0.009090909090909,0
545,0xb7c0ded104f5e4022524fb75d03a78115142c7764d4d4aae65a52f3b74f4d6c5,1,0xc0f0adbd3e06b2ba2258b4cec3b60b5510789ec4,0xf2919d1d80aff2940274014bef534f7791906ff2,2022-12-27 04:36:23+00:00,859,872,0.985091743119266,110,256,256,1.0,92,15,0xb7c0ded104f5e4022524fb75d03a78115142c7764d4d4aae65a52f3b74f4d6c5,8,6,2,246,161,1104007,109,423,2752472,3,1.0,1.0,1,1,49803,21688608932,9442223,49803,5e+16,241,2,-0.2377046963414898,-0.0895435213693071,-0.0864906567163747,0.667995776281509,-0.642339165628639,-0.613886568131387,-0.7506735335909097,1.6027811624441877,-0.0496534300333621,0.624828246103491,-0.3961275032857005,-0.092245174458172,0.839647600342055,0.8780655110252207,-0.6095710162408906,-0.4873604913753804,-0.4792560896889846,-0.4608988657115653,-0.3865873718984318,-0.4529973564861544,-0.3630771597711049,-0.4788072275306584,-0.4326503439938778,0.3934448163182303,-0.2807374177788354,-0.4244033286183367,0.024124574,-0.6040303554976973,0.5,0.6790123456790124,3.544715447154472,0.000778074071927,0.2169811320754717,2.3486238532110093,9.300727018938969e-05,0.03125,0.0091743119266055,1.3333333333333333,0.0545454545454545,0
502,0x3ac2eb7138749c97b87d222c4b2147f04b2d76ba1b575d88c7bc7358a6d2c4d0,1,0xc0f0adbd3e06b2ba2258b4cec3b60b5510789ec4,0xf2919d1d80aff2940274014bef534f7791906ff2,2022-12-27 04:37:23+00:00,860,873,0.9851088201603666,110,257,257,1.0,92,16,0x3ac2eb7138749c97b87d222c4b2147f04b2d76ba1b575d88c7bc7358a6d2c4d0,9,6,8,246,161,1104012,109,423,2752477,5,4.0,2.0,1,2,147229,23179289070,1996724,142429,2.4390243e+16,242,2,-0.2377046963414898,-0.0895406536674836,-0.0864904307727521,0.667995776281509,-0.6417003175349651,-0.6133335800523984,-0.7506735335909097,1.6065534746572827,-0.0482865626058322,0.624828246103491,-0.2009834799570708,-0.092245174458172,0.839647600342055,0.878074330877289,-0.6095710162408906,-0.4873604913753804,-0.4792543228138246,0.0168970255337009,-0.2660874980347827,1.296181511626349,-0.3630771597711049,-0.2096794953589917,-0.3285834394460116,0.5013845098450047,-1.3433931970017745,-0.3166646666976105,-0.10143698,-0.6034602264192619,0.125,0.6790123456790124,3.548780487804878,0.0007789763345178,0.2169811320754717,2.3577981651376145,9.337041022671208e-05,0.0350194552529182,0.0103092783505154,1.5,0.0545454545454545,0
600,0x0438dab29b576f1c8abc60bc677cae4abd5b738d8ae2978539f85ebf6acb5d72,1,0xc2fd5fb90252f8f69d2646d03a9e3e9085d50714,0xf2919d1d80aff2940274014bef534f7791906ff2,2022-12-27 07:18:23+00:00,861,874,0.9851258581235698,110,318,324,0.9814814814814816,92,17,0x0438dab29b576f1c8abc60bc677cae4abd5b738d8ae2978539f85ebf6acb5d72,1,1,82,247,161,1104812,58,439,2860596,4,81.0,1.0,1,2,1663596,14000000000,13169547,1663596,1.2944984e+17,269,2,-0.2377046963414898,-0.0895377859656601,-0.0864902048291295,0.667995776281509,-0.6027305838208589,-0.5762833787601555,-0.7506735335909097,1.610325786870378,-0.0592215020260718,-0.292451559278471,2.2057928077626965,-0.092241328546344,0.839647600342055,0.8794855072082332,-0.8030375977663745,-0.4522076702057194,-0.4410477677289572,-0.2220009200889321,2.8267425977988783,-0.4529973564861544,-0.3630771597711049,-0.2096794953589917,1.2911445576854952,-0.1632850082843565,0.251243365461665,1.4526927182479268,0.41365764,-0.5880667413015042,0.0121951219512195,0.6790123456790124,3.5384615384615383,0.0007793174048458,0.209090909090909,5.586206896551724,0.0001111656063402,0.0030864197530864,0.0011441647597254,1.0,0.009090909090909,0
841,0x4aeff3b7a97419415b0e8c22d88c03c66029a1ced5d27d63c72f0f164795fcb9,1,0xc2fd5fb90252f8f69d2646d03a9e3e9085d50714,0xf2919d1d80aff2940274014bef534f7791906ff2,2022-12-27 07:24:47+00:00,862,875,0.9851428571428572,110,320,326,0.98159509202454,92,18,0x4aeff3b7a97419415b0e8c22d88c03c66029a1ced5d27d63c72f0f164795fcb9,2,1,52,247,161,1104844,58,439,2860628,4,51.0,1.0,1,2,1047978,12202413919,7940681,1043178,8.090615e+16,270,2,-0.2377046963414898,-0.0895349182638367,-0.0864899788855068,0.667995776281509,-0.6014528876335111,-0.5751774026021781,-0.7506735335909097,1.6140980990834732,-0.0578546345985418,-0.292451559278471,1.2300726911195474,-0.092241328546344,0.839647600342055,0.8795419542614709,-0.8030375977663745,-0.4522076702057194,-0.4410364597279332,-0.2220009200889321,1.621743859162387,-0.4529973564861544,-0.3630771597711049,-0.2096794953589917,0.6335638334029805,-0.2934476674121964,-0.4950443814955682,0.7310486317977604,0.1756537,-0.5874966122230687,0.0192307692307692,0.6790123456790124,3.54251012145749,0.0007801999375478,0.209090909090909,5.620689655172414,0.0001118635097385,0.0061349693251533,0.0022857142857142,2.0,0.009090909090909,0
611,0x0e670979711d20ab4151c942438cc86cff5a7504b7b3b59e56a5b891fa5e504e,1,0xd7c3246dd5a9d26f5eade831ee0786f846618c49,0xf2919d1d80aff2940274014bef534f7791906ff2,2022-12-27 11:32:23+00:00,863,876,0.9851598173515982,110,15,15,1.0,3,19,0x0e670979711d20ab4151c942438cc86cff5a7504b7b3b59e56a5b891fa5e504e,7,2,3,247,161,1106076,8,10,73104,4,2.0,1.0,1,2,111439,11837470241,27001843,106639,1618123000000000.0,13,2,-0.2377046963414898,-0.0895320505620132,-0.0864897529418842,0.667995776281509,-0.7963015562040423,-0.7471566951676635,-1.3090026746677148,1.6178704112965685,-0.0510202974608921,-0.1089955982020786,-0.3636034993975956,-0.092241328546344,0.839647600342055,0.8817151658111249,-0.9927107169090058,-1.3947426878172566,-1.4260778424302312,-0.2220009200889321,-0.3464207472772154,-0.4529973564861544,-0.3630771597711049,-0.2096794953589917,-0.3668130138282928,-0.319873127679417,2.2254521168593007,-0.3582940872722093,-0.21308595,-0.734019785380985,0.3333333333333333,0.6790123456790124,3.546558704453441,0.0007802350107632,0.2727272727272727,1.875,0.0002051843239176,0.4666666666666667,0.0079908675799086,3.5,0.0181818181818181,0
481,0x84308298550f04d35ffe732e66b9f8e1e8a0fab40aeebf0763783d2bb938a7fa,1,0x95cf04860f086838b8d69104d072adfdd2b62421,0xf2919d1d80aff2940274014bef534f7791906ff2,2022-12-27 14:55:11+00:00,864,877,0.9851767388825542,110,454,470,0.9659574468085106,178,20,0x84308298550f04d35ffe732e66b9f8e1e8a0fab40aeebf0763783d2bb938a7fa,8,2,3,247,161,1107082,126,623,4042874,4,2.0,1.0,1,2,90821,12449055331,7977049,86021,1618123000000000.0,375,2,-0.2377046963414898,-0.0895291828601897,-0.0864895269982615,0.667995776281509,-0.5158472430812122,-0.4955471192278054,-0.2111644759211879,1.6216427235096635,-0.0496534300333621,-0.1089955982020786,-0.3636034993975956,-0.092241328546344,0.839647600342055,0.883489720047287,-0.545082155732396,-0.0479502267546171,-0.0232602416454124,-0.2220009200889321,-0.3464207472772154,-0.4529973564861544,-0.3630771597711049,-0.2096794953589917,-0.3888364104366715,-0.2755884380955643,-0.4898537736694467,-0.3822760764705071,-0.21308595,-0.5276330589873441,0.3333333333333333,0.6790123456790124,3.5506072874493926,0.0007804292903061,0.2852564102564102,3.73015873015873,0.0001122963237794,0.0170212765957446,0.0091220068415051,4.0,0.0181818181818181,0
84,0x39d1aee42182054344a5dc8634a706e3501dab9f68c7a97f8166e18d953245e7,1,0x95cf04860f086838b8d69104d072adfdd2b62421,0xf2919d1d80aff2940274014bef534f7791906ff2,2022-12-27 14:57:35+00:00,865,878,0.9851936218678816,110,456,472,0.9661016949152542,178,21,0x39d1aee42182054344a5dc8634a706e3501dab9f68c7a97f8166e18d953245e7,9,2,4,247,161,1107094,127,623,4042886,5,2.0,2.0,1,2,119575,12688050402,6881685,114775,1618123000000000.0,377,2,-0.2377046963414898,-0.0895263151583662,-0.0864893010546389,0.667995776281509,-0.5145695468938645,-0.494441143069828,-0.2111644759211879,1.6254150357227586,-0.0482865626058322,-0.1089955982020786,-0.3310794955094907,-0.092241328546344,0.839647600342055,0.8835108876922512,-0.5412886933495433,-0.0479502267546171,-0.0232560011450284,0.0168970255337009,-0.3464207472772154,1.296181511626349,-0.3630771597711049,-0.2096794953589917,-0.358122434974584,-0.2582828779954876,-0.6461891495727616,-0.3488306347492996,-0.21308595,-0.5264928008304731,0.25,0.6790123456790124,3.554655870445344,0.0007813240959447,0.2852564102564102,3.716535433070866,0.0001127906864574,0.0190677966101694,0.010250569476082,4.5,0.0181818181818181,0
292,0x3c611f9a197942d94105c20fafa2c95a28c3a85a65da6057b2280875e810f5c9,1,0x95cf04860f086838b8d69104d072adfdd2b62421,0xf2919d1d80aff2940274014bef534f7791906ff2,2022-12-27 15:35:23+00:00,866,879,0.9852104664391352,110,458,474,0.9662447257383966,178,22,0x3c611f9a197942d94105c20fafa2c95a28c3a85a65da6057b2280875e810f5c9,10,2,5,247,161,1107283,127,623,4043075,4,4.0,1.0,1,2,264839,22135887062,13181628,238039,4854369000000000.0,379,2,-0.2377046963414898,-0.0895234474565427,-0.0864890751110162,0.667995776281509,-0.5132918507065167,-0.4933351669118506,-0.2111644759211879,1.6291873479358538,-0.0469196951783022,-0.1089955982020786,-0.2985554916213856,-0.092241328546344,0.839647600342055,0.8838442781004368,-0.5412886933495433,-0.0479502267546171,-0.0231892132639803,-0.2220009200889321,-0.2660874980347827,-0.4529973564861544,-0.3630771597711049,-0.2096794953589917,-0.2029567212817173,0.4258320891091613,0.2529676212125277,-0.2054551416588456,-0.19721903,-0.5253525426736022,0.2,0.6790123456790124,3.558704453441296,0.0007820938440363,0.2852564102564102,3.732283464566929,0.0001132800867458,0.0210970464135021,0.0113765642775881,5.0,0.0181818181818181,0
88,0xd8e727209144d7f1d4121ed56c6a26c2a99c9e285d21d9adca9a310f53111f12,1,0x95cf04860f086838b8d69104d072adfdd2b62421,0xf2919d1d80aff2940274014bef534f7791906ff2,2022-12-27 15:39:11+00:00,867,880,0.9852272727272728,110,461,477,0.9664570230607966,178,23,0xd8e727209144d7f1d4121ed56c6a26c2a99c9e285d21d9adca9a310f53111f12,11,2,5,247,161,1107300,128,623,4043092,5,4.0,1.0,1,3,179668,20518011126,7555516,170068,4854369000000000.0,382,2,-0.2377046963414898,-0.0895205797547193,-0.0864888491673936,0.667995776281509,-0.5113753064254951,-0.4916762026748845,-0.2111644759211879,1.632959660148949,-0.0455528277507723,-0.1089955982020786,-0.2985554916213856,-0.092241328546344,0.839647600342055,0.8838742655974693,-0.5374952309666907,-0.0479502267546171,-0.0231832058884363,0.0168970255337009,-0.2660874980347827,-0.4529973564861544,-0.3630771597711049,0.0594482368126749,-0.2939332812066481,0.3086821866958354,-0.5500168975357158,-0.284516146014142,-0.19721903,-0.5236421554382957,0.2,0.6790123456790124,3.562753036437247,0.0007829849336359,0.2852564102564102,3.7265625,0.0001140216166187,0.0230607966457023,0.0125,5.5,0.0181818181818181,0
882,0xa589e388b8a3cc67a1d4ecb8c4838cfbf8812a482076e3c4d8efbaa8bb4cf0fd,16,0x12d024ea9d20232380d7b6a7e64b114469ecbbec,0xf2919d1d80aff2940274014bef534f7791906ff2,2022-12-27 19:34:59+00:00,868,881,0.985244040862656,110,1131,1182,0.9568527918781726,296,24,0xa589e388b8a3cc67a1d4ecb8c4838cfbf8812a482076e3c4d8efbaa8bb4cf0fd,2,2,58,247,161,1108475,195,791,5142425,11,30.0,2.0,3,8,1539855,19973724744,6186578,1355055,4.6925567e+16,1075,2,4.955257647663958,-0.0895177120528958,-0.086488623223771,0.667995776281509,-0.0833470836640003,-0.1018196069878517,0.5290921380907558,1.6367319723620442,-0.0578546345985418,-0.1089955982020786,1.425216714448177,-0.092241328546344,0.839647600342055,0.8859469308335434,-0.2833332513155648,0.321154395526824,0.365293628165823,1.4502846992694998,0.7782447421168431,1.296181511626349,3.562427661754136,1.4050868976710087,1.1589689286372171,0.2692705760046914,-0.7453980099497921,1.0938108223689855,0.0090510035,-0.1285427040825135,0.2758620689655172,0.6790123456790124,3.5668016194331984,0.0007830570982141,0.3737373737373737,6.061538461538461,0.0002199351045595,0.0016920473773265,0.0022701475595913,1.0,0.0181818181818181,0
796,0x65161ce3069ad43b5e12fa71a68d39be4eae1e73e1cfaa71e37fad2251c10cd0,20,0x5480259e435fa36e098601525aa1d60defd43a2f,0xf2919d1d80aff2940274014bef534f7791906ff2,2022-12-27 19:45:59+00:00,869,882,0.9852607709750568,110,413,414,0.997584541062802,202,25,0x65161ce3069ad43b5e12fa71a68d39be4eae1e73e1cfaa71e37fad2251c10cd0,1,1,59,248,161,1108530,108,544,3539228,5,20.0,2.0,2,2,841809,16084647147,16556007,750609,3.0744336e+16,401,2,6.34004760606541,-0.0895148443510723,-0.0864883972801483,0.667995776281509,-0.542040014921841,-0.5265144516511726,-0.0606038086645214,1.6405042845751394,-0.0592215020260718,-0.292451559278471,1.4577407183362825,-0.092237482634516,0.839647600342055,0.8860439492062958,-0.6133644786237432,-0.2215172812798186,-0.2012361630123608,0.0168970255337009,0.3765784959046793,1.296181511626349,1.5996752509915155,-0.2096794953589917,0.4133416171185284,-0.0123363450382346,0.7345744746468673,0.3907446936002245,-0.07028363,-0.5128097029480219,0.3389830508474576,0.6790123456790124,3.556451612903226,0.0007839203414248,0.3706422018348624,3.8333333333333335,0.0001166920818065,0.002415458937198,0.0011337868480725,1.0,0.009090909090909,0
767,0x0c5d7b6d46431006f95f1a389b38282a89127763c91022d9b9fc62f1ce12ceba,1,0x98492afbc7a2f06fd92570701b469ca90288078c,0xf2919d1d80aff2940274014bef534f7791906ff2,2022-12-27 21:58:11+00:00,870,883,0.985277463193658,110,312,316,0.9873417721518988,123,26,0x0c5d7b6d46431006f95f1a389b38282a89127763c91022d9b9fc62f1ce12ceba,1,1,5,249,161,1109187,156,467,3044296,5,4.0,1.0,1,3,266111,63933392007,16390686,246911,4854369000000000.0,297,2,-0.2377046963414898,-0.0895119766492488,-0.0864881713365257,0.667995776281509,-0.6065636723829021,-0.5807072833920651,-0.5561993383843822,1.6442765967882345,-0.0592215020260718,-0.292451559278471,-0.2985554916213856,-0.092233636722688,0.839647600342055,0.8872028777680837,-0.4312782842468172,-0.3906902331588125,-0.3761327743504564,0.0168970255337009,-0.2660874980347827,-0.4529973564861544,-0.3630771597711049,0.0594482368126749,-0.2015980172131433,3.452376656879565,0.7109791029898548,-0.1951356049352401,-0.19721903,-0.572103127105311,0.2,0.6790123456790124,3.5461847389558234,0.0007843575660753,0.2628205128205128,2.025641025641025,0.0001024867153237,0.0031645569620253,0.001132502831257,1.0,0.009090909090909,0
837,0xd2a68fdba1c7237fdc77abb8fbc6962e15688f67e6057c70d0d762b770a729c1,1,0xa67bc4ed2982b2d3f38f26974e06c10e864c7a9f,0xf2919d1d80aff2940274014bef534f7791906ff2,2022-12-27 22:16:35+00:00,871,884,0.9852941176470588,110,100,101,0.99009900990099,41,27,0xd2a68fdba1c7237fdc77abb8fbc6962e15688f67e6057c70d0d762b770a729c1,3,2,3,249,161,1109279,32,211,1405150,3,2.0,1.0,1,2,56833,19603495543,10964966,56833,0.0,70,2,-0.2377046963414898,-0.0895091089474253,-0.086487945392903,0.667995776281509,-0.7419994682417631,-0.6995997203746354,-1.070614951511326,1.6480489090013295,-0.0564877671710119,-0.1089955982020786,-0.3636034993975956,-0.092233636722688,0.839647600342055,0.8873651630461422,-0.9016676197205428,-0.9531353718733896,-0.955366044554028,-0.4608988657115653,-0.3464207472772154,-0.4529973564861544,-0.3630771597711049,-0.2096794953589917,-0.4251411540551397,0.2424623926312825,-0.063404550066238,-0.4162263287122336,-0.22101942,-0.7015224279101632,0.3333333333333333,0.6790123456790124,3.550200803212852,0.0007851939997115,0.1933962264150943,3.15625,7.116672870033185e-05,0.0297029702970297,0.003393665158371,1.5,0.0181818181818181,0
741,0x8c2ce00e4add95e81c9935d2b67b58c50fc39811e2779555f8014da59f2a3100,1,0xfe0fb970566e5ee272692ce8b831f46317de639c,0xf2919d1d80aff2940274014bef534f7791906ff2,2022-12-28 00:39:23+00:00,872,885,0.9853107344632768,111,949,995,0.9537688442211056,289,28,0x8c2ce00e4add95e81c9935d2b67b58c50fc39811e2779555f8014da59f2a3100,2,2,3,249,162,1109990,245,1784,11225166,3,2.0,1.0,1,2,56845,14499777976,7211594,56845,0.0,943,2,-0.2377046963414898,-0.0895062412456019,-0.0864877194492804,0.6819763756530122,-0.1996174367126452,-0.2052283777587384,0.4851786101408948,1.651821221214425,-0.0578546345985418,-0.1089955982020786,-0.3636034993975956,-0.092233636722688,0.8513738805790368,0.8886193460102688,-0.0936601321729336,2.502826359368913,2.514782423691873,-0.4608988657115653,-0.3464207472772154,-0.4529973564861544,-0.3630771597711049,-0.2096794953589917,-0.4251283360922286,-0.1270962376784443,-0.5991030233819368,-0.416212370817657,-0.22101942,-0.2037997424359958,0.3333333333333333,0.6809815950920245,3.5542168674698797,0.00078559195525,0.1619047619047619,4.061224489795919,8.454217206746233e-05,0.0020100502512562,0.0022598870056497,1.0,0.018018018018018,0
216,0xa42f4e17230c19ba352b195ce1fd0a55b85c70a92897aeb2af6230e82b7121ae,1,0xe6919ecd517c2318620d66b8901c814d5ddf58ff,0xf2919d1d80aff2940274014bef534f7791906ff2,2022-12-28 09:31:47+00:00,873,886,0.9853273137697516,111,61,61,1.0,26,29,0xa42f4e17230c19ba352b195ce1fd0a55b85c70a92897aeb2af6230e82b7121ae,1,1,4,250,162,1112640,18,375,2454229,4,3.0,1.0,1,2,136684,13593621224,9216817,131884,3236246000000000.0,46,2,-0.2377046963414898,-0.0895033735437784,-0.0864874935056577,0.6819763756530122,-0.7669145438950442,-0.7217192435341833,-1.1647153685467428,1.65559353342752,-0.0592215020260718,-0.292451559278471,-0.3310794955094907,-0.09222979081086,0.8513738805790368,0.8932938676065211,-0.9547760930804796,-0.5928189548843636,-0.5846477193579243,-0.2220009200889321,-0.306254122655999,-0.4529973564861544,-0.3630771597711049,-0.2096794953589917,-0.3398472243541188,-0.192710771343142,-0.3129083963219157,-0.3289301665567651,-0.2051525,-0.7152055257926144,0.25,0.6809815950920245,3.544,0.000784619657194,0.0691489361702127,3.388888888888889,2.485504618556533e-05,0.0163934426229508,0.0011286681715575,1.0,0.009009009009009,0
557,0x24b6950053fef68648c4b3630b925f3b0c38b38204469f90aa8348decfe767b9,1,0xc2fd5fb90252f8f69d2646d03a9e3e9085d50714,0xf2919d1d80aff2940274014bef534f7791906ff2,2022-12-28 10:39:47+00:00,874,887,0.9853438556933484,111,321,327,0.981651376146789,93,30,0x24b6950053fef68648c4b3630b925f3b0c38b38204469f90aa8348decfe767b9,3,2,3,250,162,1112980,58,440,2868764,3,2.0,1.0,1,2,56857,13238710017,6869417,56857,0.0,271,2,-0.2377046963414898,-0.0895005058419549,-0.0864872675620351,0.6819763756530122,-0.6008140395398373,-0.5746244145231894,-0.7444001724552153,1.6593658456406153,-0.0564877671710119,-0.1089955982020786,-0.3636034993975956,-0.09222979081086,0.8513738805790368,0.8938936175471723,-0.8030375977663745,-0.4500106188826155,-0.4381614004675768,-0.4608988657115653,-0.3464207472772154,-0.4529973564861544,-0.3630771597711049,-0.2096794953589917,-0.4251155181293175,-0.2184097834492506,-0.6479400948216304,-0.4161984129230804,-0.22101942,-0.5869264831446332,0.3333333333333333,0.6809815950920245,3.548,0.0007852784548882,0.2108843537414966,5.637931034482759,0.0001118948397655,0.0091743119266055,0.0033821871476888,1.5,0.018018018018018,0
165,0x04cdf8c4a6beec46c6cfdf6819789b601f7b5355d0965879a7affad32210ae7d,1,0x42ef0ea65212f30fc9a1716faf771f9207a2665d,0xf2919d1d80aff2940274014bef534f7791906ff2,2022-12-28 15:54:23+00:00,875,888,0.9853603603603605,111,309,309,1.0,116,31,0x04cdf8c4a6beec46c6cfdf6819789b601f7b5355d0965879a7affad32210ae7d,2,2,4,250,162,1114548,82,458,2981761,5,2.0,2.0,1,2,102780,22425550314,15208312,97980,1618123000000000.0,276,2,-0.2377046963414898,-0.0894976381401314,-0.0864870416184124,0.6819763756530122,-0.6084802166639237,-0.5845781999449859,-0.6001128663342432,1.6631381578537106,-0.0578546345985418,-0.1089955982020786,-0.3310794955094907,-0.09222979081086,0.8513738805790368,0.8966595231558228,-0.7119945005779115,-0.4104636950667468,-0.3982310819766108,0.0168970255337009,-0.3464207472772154,1.296181511626349,-0.3630771597711049,-0.2096794953589917,-0.3760622422322094,0.4468065167209746,0.5422252606613629,-0.3683658713670808,-0.21308595,-0.5840758377524559,0.25,0.6809815950920245,3.552,0.0007850709120908,0.2527233115468409,3.768292682926829,0.0001036300013213,0.0064724919093851,0.0022522522522522,1.0,0.018018018018018,0
460,0xc3c29495759c716b4b850f203c33a8f32ad310ee9064addde4bc3ebed141d74e,14,0xfe0fb970566e5ee272692ce8b831f46317de639c,0xf2919d1d80aff2940274014bef534f7791906ff2,2022-12-28 17:59:11+00:00,876,889,0.9853768278965128,111,956,1002,0.9540918163672656,289,32,0xc3c29495759c716b4b850f203c33a8f32ad310ee9064addde4bc3ebed141d74e,3,2,43,250,162,1115170,246,1784,11230346,6,16.0,2.0,2,3,773665,19698231862,7177440,687265,2.4271844e+16,950,2,4.262862668463231,-0.0894947704383079,-0.0864868156747898,0.6819763756530122,-0.1951455000569281,-0.2013574612058176,0.4851786101408948,1.6669104700668056,-0.0564877671710119,-0.1089955982020786,0.9373566561266028,-0.09222979081086,0.8513738805790368,0.8977567127531317,-0.089866669790081,2.502826359368913,2.5166129063576363,0.2557949711563341,0.2159119974198138,1.296181511626349,1.5996752509915155,0.0594482368126749,0.3405526784008372,0.2493222205568322,-0.6039776389696334,0.3170656207620745,-0.10201748,-0.1998088388869475,0.3255813953488372,0.6809815950920245,3.556,0.0007855297528361,0.1619047619047619,4.073170731707317,8.51264880773497e-05,0.0029940119760479,0.0033745781777277,1.5,0.018018018018018,0
633,0x9c19e5af20c79b30f71f2088db8aa46929049dcae8d493978454f15257474ebc,1,0xfe0fb970566e5ee272692ce8b831f46317de639c,0xf2919d1d80aff2940274014bef534f7791906ff2,2022-12-28 18:06:11+00:00,877,890,0.9853932584269663,111,957,1003,0.9541375872382852,289,33,0x9c19e5af20c79b30f71f2088db8aa46929049dcae8d493978454f15257474ebc,4,2,3,250,162,1115205,246,1784,11230381,3,2.0,1.0,1,2,56833,18888873956,10059365,56833,0.0,951,2,-0.2377046963414898,-0.0894919027364845,-0.0864865897311672,0.6819763756530122,-0.1945066519632542,-0.2008044731268289,0.4851786101408948,1.6706827822799009,-0.0551208997434819,-0.1089955982020786,-0.3636034993975956,-0.09222979081086,0.8513738805790368,0.8978184517176105,-0.089866669790081,2.502826359368913,2.516625274483756,-0.4608988657115653,-0.3464207472772154,-0.4529973564861544,-0.3630771597711049,-0.2096794953589917,-0.4251411540551397,0.1907168617678417,-0.1926560799261,-0.4162263287122336,-0.22101942,-0.199238709808512,0.3333333333333333,0.6809815950920245,3.56,0.0007864017948253,0.1619047619047619,4.077235772357724,8.521526694283417e-05,0.003988035892323,0.0044943820224719,2.0,0.018018018018018,0
624,0x5ac078d6438c97ffac10ebac0c34cac4c6aaafd64ccbe95469fff0a3380ecf4a,10,0xde61396aa17b1269e3d85f6c7c4d22694eb9c6ee,0xf2919d1d80aff2940274014bef534f7791906ff2,2022-12-28 19:11:11+00:00,878,891,0.9854096520763188,111,976,1055,0.9251184834123224,283,34,0x5ac078d6438c97ffac10ebac0c34cac4c6aaafd64ccbe95469fff0a3380ecf4a,1,1,29,251,162,1115528,235,652,4238107,5,10.0,2.0,2,2,446389,19417528404,8149118,403189,1.4563107e+16,977,2,2.8780727100617782,-0.089489035034661,-0.0864863637875445,0.6819763756530122,-0.1823685381834506,-0.1720490930194165,0.4475384433267281,1.674455094492996,-0.0592215020260718,-0.292451559278471,0.4820206016931334,-0.092225944899032,0.8513738805790368,0.8983882141612293,-0.1315947560014598,0.0157642616153935,0.0457302259771507,0.0168970255337009,-0.0250877503074844,1.296181511626349,1.5996752509915155,-0.2096794953589917,-0.0090316240729116,0.2289965688921652,-0.4652952964908033,-0.0133596175488988,-0.14961825,-0.1844153537691897,0.3448275862068966,0.6809815950920245,3.549800796812749,0.0007870705288701,0.4333843797856049,4.48936170212766,0.0002302914413695,0.0009478672985781,0.0011223344556677,1.0,0.009009009009009,0
253,0x79022288839cec61ad69e1c444a485b7a82e1e5b487658baf9fa8365fc58832f,1,0xde61396aa17b1269e3d85f6c7c4d22694eb9c6ee,0xf2919d1d80aff2940274014bef534f7791906ff2,2022-12-28 19:15:35+00:00,879,892,0.98542600896861,111,977,1056,0.925189393939394,283,35,0x79022288839cec61ad69e1c444a485b7a82e1e5b487658baf9fa8365fc58832f,2,1,3,251,162,1115550,235,652,4238129,3,2.0,1.0,1,2,56833,16708809415,8422936,56833,0.0,978,2,-0.2377046963414898,-0.0894861673328375,-0.0864861378439219,0.6819763756530122,-0.1817296900897767,-0.1714961049404278,0.4475384433267281,1.6782274067060912,-0.0578546345985418,-0.292451559278471,-0.3636034993975956,-0.092225944899032,0.8513738805790368,0.8984270215103303,-0.1315947560014598,0.0157642616153935,0.0457380002278547,-0.4608988657115653,-0.3464207472772154,-0.4529973564861544,-0.3630771597711049,-0.2096794953589917,-0.4251411540551397,0.0328590541634259,-0.4262147351805048,-0.4162263287122336,-0.22101942,-0.1838452246907543,0.3333333333333333,0.6809815950920245,3.553784860557769,0.0007879514249012,0.4333843797856049,4.493617021276596,0.0002305261990547,0.0018939393939393,0.0022421524663677,2.0,0.009009009009009,0
184,0xf03a6a67cd37753540675ecfded69c424c7eded213107090d775c40064a851d1,1,0x549efe37d5460450a989babc748b6a0b26b64f40,0xf2919d1d80aff2940274014bef534f7791906ff2,2022-12-28 22:01:23+00:00,880,893,0.9854423292273236,111,256,268,0.9552238805970148,80,36,0xf03a6a67cd37753540675ecfded69c424c7eded213107090d775c40064a851d1,3,2,14,251,162,1116373,73,630,4091027,4,13.0,1.0,1,2,692932,21036861553,1136789,627732,1.9417476e+16,253,2,-0.2377046963414898,-0.089483299631014,-0.0864859119002992,0.6819763756530122,-0.642339165628639,-0.6072507111835226,-0.825953867219243,1.6819997189191864,-0.0564877671710119,-0.1089955982020786,-0.005839456628441,-0.092225944899032,0.8513738805790368,0.899878769160789,-0.7461356620235852,-0.0325708674928904,-0.00624417372949,-0.2220009200889321,0.0954121235561647,-0.4529973564861544,-0.3630771597711049,-0.2096794953589917,0.2543166284258523,0.3462519876537764,-1.4661270658138017,0.2478193426098646,-0.12581787,-0.5971888065564717,0.0714285714285714,0.6809815950920245,3.557768924302789,0.0007882662978535,0.126782884310618,3.671232876712329,6.257595890323899e-05,0.0111940298507462,0.0033594624860022,1.5,0.018018018018018,0
601,0x7f6db47ca169cf371392e5e2664d6be05c25f8ff9d66e95d0320168663ac2df9,1,0x879765ffd7f2fe105ed3aa42b15b5f5ad241f0bd,0xf2919d1d80aff2940274014bef534f7791906ff2,2022-12-28 22:05:47+00:00,881,894,0.9854586129753916,111,1327,1526,0.8695937090432503,200,37,0x7f6db47ca169cf371392e5e2664d6be05c25f8ff9d66e95d0320168663ac2df9,1,1,35,252,162,1116395,301,830,5394417,4,34.0,1.0,1,2,1783487,16351411172,12313741,1620287,5.3398057e+16,1499,2,-0.2377046963414898,-0.0894804319291905,-0.0864856859566766,0.6819763756530122,0.0418671426960786,0.0884082921842606,-0.0731505309359103,1.6857720311322817,-0.0592215020260718,-0.292451559278471,0.6771646250217631,-0.092222098987204,0.8513738805790368,0.8999175765098899,0.1187737612668133,0.4068393971278728,0.4543413092297053,-0.2220009200889321,0.9389112406017086,-0.4529973564861544,-0.3630771597711049,-0.2096794953589917,1.4192077569664696,0.0069799565401183,0.1290988064745955,1.40231751356323,0.040784843,0.1131920251741267,0.0285714285714285,0.6809815950920245,3.5476190476190474,0.0007891465035704,0.2406738868832731,5.069767441860465,0.0002459950267109,0.0006553079947575,0.0011185682326621,1.0,0.009009009009009,0
373,0x960170326c0321b50e04633692063a26b1349f92524cd11dc3c92d005d3d5037,1,0x549efe37d5460450a989babc748b6a0b26b64f40,0xf2919d1d80aff2940274014bef534f7791906ff2,2022-12-28 22:15:47+00:00,882,895,0.9854748603351956,111,258,270,0.9555555555555556,80,38,0x960170326c0321b50e04633692063a26b1349f92524cd11dc3c92d005d3d5037,4,2,43,252,162,1116445,74,630,4091099,4,42.0,1.0,1,2,2148034,15999715230,9080899,1943634,6.634304e+16,255,2,-0.2377046963414898,-0.0894775642273671,-0.0864854600130539,0.6819763756530122,-0.6410614694412913,-0.6061447350255452,-0.825953867219243,1.6895443433453767,-0.0551208997434819,-0.1089955982020786,0.9373566561266028,-0.092222098987204,0.8513738805790368,0.9000057750305739,-0.7423421996407326,-0.0325708674928904,-0.0062187307271859,-0.2220009200889321,1.2602442375714396,-0.4529973564861544,-0.3630771597711049,-0.2096794953589917,1.8086035840784416,-0.0184862392093082,-0.3323072369100916,1.7784211250338868,0.10425255,-0.5960485483996008,0.0232558139534883,0.6809815950920245,3.5515873015873014,0.0007900068610573,0.126782884310618,3.6486486486486487,6.306372369289434e-05,0.0148148148148148,0.0044692737430167,2.0,0.018018018018018,0
715,0xa97729bd440f324b615ec3c0e1e4718c621a434c06fc0c1aa50316a6af2e5b85,1,0x549efe37d5460450a989babc748b6a0b26b64f40,0xf2919d1d80aff2940274014bef534f7791906ff2,2022-12-28 22:29:11+00:00,883,896,0.9854910714285714,111,260,272,0.9558823529411764,80,39,0xa97729bd440f324b615ec3c0e1e4718c621a434c06fc0c1aa50316a6af2e5b85,5,2,10,252,162,1116512,75,630,4091166,5,5.0,2.0,1,2,326388,15385839059,11630034,297588,6472492000000000.0,257,2,-0.2377046963414898,-0.0894746965255436,-0.0864852340694313,0.6819763756530122,-0.6397837732539435,-0.6050387588675679,-0.825953867219243,1.6933166555584718,-0.053754032315952,-0.1089955982020786,-0.1359354721808608,-0.092222098987204,0.8513738805790368,0.9001239610482905,-0.7385487372578798,-0.0325708674928904,-0.0061950546000419,0.0168970255337009,-0.2259208734135663,1.296181511626349,-0.3630771597711049,-0.2096794953589917,-0.1372123213472376,-0.0629368252686562,0.0315170064038174,-0.1361902529805336,-0.18928555,-0.5949082902427298,0.1,0.6809815950920245,3.555555555555556,0.0007908550997614,0.126782884310618,3.6266666666666665,6.355154898345631e-05,0.0183823529411764,0.0055803571428571,2.5,0.018018018018018,0
163,0xe3848b40e26d77bb6c016b801cbd47620c6e6b8bf9158cf9171a56355db2fece,1,0x6e09f230d90dad2bbf4bd5f96fdf93fee27aa8ca,0xf2919d1d80aff2940274014bef534f7791906ff2,2022-12-28 23:26:11+00:00,884,897,0.9855072463768116,111,732,747,0.9799196787148594,208,40,0xe3848b40e26d77bb6c016b801cbd47620c6e6b8bf9158cf9171a56355db2fece,14,3,35,252,162,1116797,308,524,3412031,11,24.0,2.0,1,8,946221,15518050639,9719720,860221,3.721683e+16,729,2,-0.2377046963414898,-0.0894718288237201,-0.0864850081258087,0.6819763756530122,-0.3382474730398755,-0.3423694213479358,-0.0229636418503547,1.697088967771567,-0.0414522254681824,0.0744603628743137,0.6771646250217631,-0.092222098987204,0.8513738805790368,0.9006266926161893,0.1453279979467817,-0.265458307741895,-0.2461844069577346,1.4502846992694998,0.5372449943895449,1.296181511626349,-0.3630771597711049,1.4050868976710087,0.5248707124077922,-0.0533634251393451,-0.2411317727082997,0.5182407552940755,-0.038549777,-0.3258073652211869,0.0285714285714285,0.6809815950920245,3.5595238095238093,0.0007915486954668,0.3961904761904762,2.425324675324675,0.0002145349164368,0.0187416331994645,0.0156075808249721,4.666666666666667,0.027027027027027,0
149,0x8097f316c41aee6fc21afbf1972e29df0f701679a488d4eb5623f1ba162fa18c,1,0x6e09f230d90dad2bbf4bd5f96fdf93fee27aa8ca,0xf2919d1d80aff2940274014bef534f7791906ff2,2022-12-28 23:27:47+00:00,885,898,0.9855233853006682,111,733,748,0.9799465240641712,208,41,0x8097f316c41aee6fc21afbf1972e29df0f701679a488d4eb5623f1ba162fa18c,15,3,3,252,162,1116805,308,524,3412039,3,2.0,1.0,1,2,56845,14807853212,3316022,56845,0.0,730,2,-0.2377046963414898,-0.0894689611218966,-0.086484782182186,0.6819763756530122,-0.3376086249462017,-0.3418164332689471,-0.0229636418503547,1.7008612799846623,-0.0400853580406525,0.0744603628743137,-0.3636034993975956,-0.092222098987204,0.8513738805790368,0.9006408043794988,0.1453279979467817,-0.265458307741895,-0.2461815799574786,-0.4608988657115653,-0.3464207472772154,-0.4529973564861544,-0.3630771597711049,-0.2096794953589917,-0.4251283360922286,-0.1047886039283603,-1.1550969331493095,-0.416212370817657,-0.22101942,-0.3252372361427514,0.3333333333333333,0.6809815950920245,3.563492063492064,0.0007924384360399,0.3961904761904762,2.4285714285714284,0.0002148274932298,0.0200534759358288,0.0167037861915367,5.0,0.027027027027027,0
482,0xd3775266daf2ce0dba3f8cb7e7fa7a74314682377b03e0f0b0747bca0a55237c,1,0x279ab61ebeec7c354a05caa1878f269105d759ac,0xf2919d1d80aff2940274014bef534f7791906ff2,2022-12-28 23:56:11+00:00,886,899,0.985539488320356,111,378,384,0.984375,150,42,0xd3775266daf2ce0dba3f8cb7e7fa7a74314682377b03e0f0b0747bca0a55237c,6,4,3,252,162,1116947,107,516,3356890,4,2.0,1.0,1,2,111729,14452934491,5747913,106929,1618123000000000.0,349,2,-0.2377046963414898,-0.0894660934200731,-0.0864845562385634,0.6819763756530122,-0.5643996982004266,-0.5431040940208336,-0.3868185877206322,1.7046335921977571,-0.052387164888422,0.2579163239507062,-0.3636034993975956,-0.092222098987204,0.8513738805790368,0.9008912881782414,-0.6171579410065958,-0.2830347183267255,-0.2656698595972769,-0.2220009200889321,-0.3464207472772154,-0.4529973564861544,-0.3630771597711049,-0.2096794953589917,-0.3665032463912752,-0.130488160120914,-0.8080062914622643,-0.357956771486609,-0.21308595,-0.5424564150266664,0.3333333333333333,0.6809815950920245,3.5674603174603177,0.0007932329884649,0.2901353965183752,3.588785046728972,0.0001126041923911,0.015625,0.0066740823136818,1.5,0.036036036036036,0
467,0x3aa126ded66cea7a78d10e63e2feec93d27ef9c570ee87b4bca5f24e9d133b67,1,0x4831fae5df05008cce984d71ee4e6fa78b09d53e,0xf2919d1d80aff2940274014bef534f7791906ff2,2022-12-29 00:21:23+00:00,887,900,0.9855555555555556,112,955,970,0.9845360824742267,229,43,0x3aa126ded66cea7a78d10e63e2feec93d27ef9c570ee87b4bca5f24e9d133b67,2,2,5,252,163,1117072,237,825,5357430,4,4.0,1.0,1,2,263967,15832741980,4218235,239967,4854369000000000.0,961,2,-0.2377046963414898,-0.0894632257182497,-0.0864843302949407,0.6959569750245154,-0.1957843481506019,-0.2190530797334559,0.1087769419992284,1.7084059044108526,-0.0578546345985418,-0.1089955982020786,-0.2985554916213856,-0.092222098987204,0.8631001608160186,0.9011117844799512,-0.1240078312357546,0.3958541405123538,0.441271026921101,-0.2220009200889321,-0.2660874980347827,-0.4529973564861544,-0.3630771597711049,-0.2096794953589917,-0.203888159919922,-0.0305767212468233,-1.0263289541944984,-0.2032125732635445,-0.19721903,-0.1935374190241573,0.2,0.6829268292682927,3.571428571428572,0.0007940394226697,0.2772397094430993,4.0928270042194095,0.0001782570788125,0.002061855670103,0.0022222222222222,1.0,0.0178571428571428,0
877,0xa91624b9f1c2a3a55539df1d6ec3220b405e3831d1474500f6c8266eafb328b5,1,0xa8d6b42a88bd1aeb61e6b7dce475c964bd72eb18,0xf2919d1d80aff2940274014bef534f7791906ff2,2022-12-29 03:21:35+00:00,888,901,0.9855715871254164,112,1369,1438,0.9520166898470096,338,44,0xa91624b9f1c2a3a55539df1d6ec3220b405e3831d1474500f6c8266eafb328b5,1,1,6,253,163,1117967,341,913,5924243,4,5.0,1.0,1,2,172532,15399675827,4311707,167732,6472492000000000.0,1319,2,-0.2377046963414898,-0.0894603580164262,-0.0864841043513181,0.6959569750245154,0.0686987626303813,0.0397453412332551,0.7925733057899224,1.7121782166239476,-0.0592215020260718,-0.292451559278471,-0.2660314877332807,-0.092218253075376,0.8631001608160186,0.902690538000195,0.2705122565809184,0.5891946569454897,0.6415685889344281,-0.2220009200889321,-0.2259208734135663,-0.4529973564861544,-0.3630771597711049,-0.2096794953589917,-0.301555696484434,-0.0619349091236374,-1.0129882014799354,-0.2872332828250462,-0.18928555,0.0105687910557417,0.1666666666666666,0.6829268292682927,3.561264822134387,0.0007942982267828,0.3698030634573304,4.217008797653959,0.000231084337512,0.0006954102920723,0.0011098779134295,1.0,0.0089285714285714,0
567,0xbf294c76fb501f9daf6df162b703f2b88fc955cee01209236ca48c39451f3977,1,0xa8d6b42a88bd1aeb61e6b7dce475c964bd72eb18,0xf2919d1d80aff2940274014bef534f7791906ff2,2022-12-29 03:22:23+00:00,889,902,0.9855875831485588,112,1370,1439,0.9520500347463516,338,45,0xbf294c76fb501f9daf6df162b703f2b88fc955cee01209236ca48c39451f3977,2,1,3,253,163,1117971,341,913,5924247,4,2.0,1.0,1,2,153787,15995304355,4763718,139387,1618123000000000.0,1320,2,-0.2377046963414898,-0.0894574903146027,-0.0864838784076954,0.6959569750245154,0.0693376107240552,0.0402983293122438,0.7925733057899224,1.715950528837043,-0.0578546345985418,-0.292451559278471,-0.3636034993975956,-0.092218253075376,0.8631001608160186,0.9026975938818498,0.2705122565809184,0.5891946569454897,0.6415700024345561,-0.2220009200889321,-0.3464207472772154,-0.4529973564861544,-0.3630771597711049,-0.2096794953589917,-0.3215784227151091,-0.0188056293209412,-0.948475117612442,-0.3202029929727691,-0.21308595,0.0111389201341772,0.3333333333333333,0.6829268292682927,3.565217391304348,0.0007951898616423,0.3698030634573304,4.219941348973607,0.000231252979281,0.0013898540653231,0.0022172949002217,2.0,0.0089285714285714,0
854,0xa68eabc49bf6743b030dfd1334a519c0531883a6901fc7abd2efc91fc9e62941,1,0x07646c79de3c4451bf73b322b199b9977cc0cd8d,0xf2919d1d80aff2940274014bef534f7791906ff2,2022-12-29 04:16:23+00:00,890,903,0.9856035437430788,112,1413,1432,0.986731843575419,274,46,0xa68eabc49bf6743b030dfd1334a519c0531883a6901fc7abd2efc91fc9e62941,1,1,11,254,163,1118241,418,386,2522995,4,10.0,1.0,1,2,556507,14185881751,13152493,508507,1.4563107e+16,1329,2,-0.2377046963414898,-0.0894546226127792,-0.0864836524640728,0.6959569750245154,0.0968080787520317,0.0364274127593229,0.3910781931054782,1.7197228410501382,-0.0592215020260718,-0.292451559278471,-0.1034114682927559,-0.092214407163548,0.8631001608160186,0.9031738658935434,0.5626088600605705,-0.5686513903302216,-0.5603475319073745,-0.2220009200889321,-0.0250877503074844,-0.4529973564861544,-0.3630771597711049,-0.2096794953589917,0.1085924125805682,-0.149825367464241,0.2488093403333468,0.1091418442023054,-0.14961825,0.0162700818400964,0.0909090909090909,0.6829268292682927,3.5551181102362204,0.0007958921235296,0.7080103359173127,3.425837320574163,0.0005600484503344,0.0006983240223463,0.0011074197120708,1.0,0.0089285714285714,0
573,0x18f04d457b9876ff5868b12724b93abd8b4dc4160f1ac7f416ee5de1cade8abd,1,0x07646c79de3c4451bf73b322b199b9977cc0cd8d,0xf2919d1d80aff2940274014bef534f7791906ff2,2022-12-29 04:16:59+00:00,891,904,0.9856194690265486,112,1414,1433,0.9867411025819958,274,47,0x18f04d457b9876ff5868b12724b93abd8b4dc4160f1ac7f416ee5de1cade8abd,2,1,3,254,163,1118244,418,386,2522998,3,2.0,1.0,1,2,56833,14082014201,5998833,56833,0.0,1330,2,-0.2377046963414898,-0.0894517549109557,-0.0864834265204501,0.6959569750245154,0.0974469268457055,0.0369804008383116,0.3910781931054782,1.7234951532632332,-0.0578546345985418,-0.292451559278471,-0.3636034993975956,-0.092214407163548,0.8631001608160186,0.9031791578047844,0.5626088600605705,-0.5686513903302216,-0.5603464717822786,-0.4608988657115653,-0.3464207472772154,-0.4529973564861544,-0.3630771597711049,-0.2096794953589917,-0.4251411540551397,-0.1573463850377487,-0.7721938377741207,-0.4162263287122336,-0.22101942,0.0168402109185319,0.3333333333333333,0.6829268292682927,3.559055118110236,0.0007967842467437,0.7080103359173127,3.4282296650717705,0.000560444138107,0.0013956734124214,0.0022123893805309,2.0,0.0089285714285714,0
49,0x3528ab1f940eb99d694dd4d8a06828ce70e94599e2eed5432b52698edf8f3c24,1,0x07646c79de3c4451bf73b322b199b9977cc0cd8d,0xf2919d1d80aff2940274014bef534f7791906ff2,2022-12-29 04:21:11+00:00,892,905,0.985635359116022,112,1417,1436,0.9867688022284122,274,48,0x3528ab1f940eb99d694dd4d8a06828ce70e94599e2eed5432b52698edf8f3c24,3,1,5,254,163,1118265,418,386,2523019,5,4.0,1.0,1,3,274668,16400682551,5982103,247868,4854369000000000.0,1333,2,-0.2377046963414898,-0.0894488872091323,-0.0864832005768275,0.6959569750245154,0.0993634711267272,0.0386393650752777,0.3910781931054782,1.7272674654763285,-0.0564877671710119,-0.292451559278471,-0.2985554916213856,-0.092214407163548,0.8631001608160186,0.9032162011834718,0.5626088600605705,-0.5686513903302216,-0.5603390509066065,0.0168970255337009,-0.2660874980347827,-0.4529973564861544,-0.3630771597711049,0.0594482368126749,-0.1924577414939709,0.0105476820456295,-0.7745816201358401,-0.1940224628427592,-0.19721903,0.0185505981538383,0.2,0.6829268292682927,3.562992125984252,0.0007976635254939,0.7080103359173127,3.435406698564593,0.0005616285245459,0.0020891364902506,0.0033149171270718,3.0,0.0089285714285714,0
204,0xb949a8a7b9c9a8e21ebf33daf0d32b5a1f810f410de8a672288a7a7660505536,1,0x07646c79de3c4451bf73b322b199b9977cc0cd8d,0xf2919d1d80aff2940274014bef534f7791906ff2,2022-12-29 04:21:47+00:00,893,906,0.9856512141280354,112,1418,1437,0.9867780097425192,274,49,0xb949a8a7b9c9a8e21ebf33daf0d32b5a1f810f410de8a672288a7a7660505536,4,1,3,254,163,1118268,418,386,2523022,3,2.0,1.0,1,2,56845,15050054861,4625324,56845,0.0,1334,2,-0.2377046963414898,-0.0894460195073088,-0.0864829746332049,0.6959569750245154,0.100002319220401,0.0391923531542664,0.3910781931054782,1.7310397776894235,-0.0551208997434819,-0.292451559278471,-0.3636034993975956,-0.092214407163548,0.8631001608160186,0.9032214930947128,0.5626088600605705,-0.5686513903302216,-0.5603379907815106,-0.4608988657115653,-0.3464207472772154,-0.4529973564861544,-0.3630771597711049,-0.2096794953589917,-0.4251283360922286,-0.0872508564946184,-0.9682273442811687,-0.416212370817657,-0.22101942,0.0191207272322738,0.3333333333333333,0.6829268292682927,3.566929133858268,0.0007985556248094,0.7080103359173127,3.437799043062201,0.0005620242066758,0.0027835768963117,0.0044150110375275,4.0,0.0089285714285714,0
