index,transaction_hash,trace_involved_amt,from_address,to_address,block_timestamp,gas,gas_price,receipt_cumulative_gas_used,receipt_gas_used,value,nonce,transaction_type,rn,contract_block_involved,contract_tx_count,contract_block_per_tx,contract_main_active_days,sender_block_involved,sender_tx_count,sender_block_per_tx,sender_main_active_days,contract_interact,add_feat_hash,sender_tx_count_call_contract,sender_days_call_contract,trace_amt,distinct_sender_in_contract,contract_lifetime_days,contract_lifetime_block,distinct_contract_sender_called,sender_lifetime_days,sender_lifetime_block,contract_involved_amt,max_breadth,depth,distinct_was_called_in_sample,distinct_sender_call_in_sample,z_trace_involved_amt,z_contract_block_involved,z_contract_tx_count,z_contract_main_active_days,z_sender_block_involved,z_sender_tx_count,z_sender_main_active_days,z_contract_interact,z_sender_tx_count_call_contract,z_sender_days_call_contract,z_trace_amt,z_distinct_sender_in_contract,z_contract_lifetime_days,z_contract_lifetime_block,z_distinct_contract_sender_called,z_sender_lifetime_days,z_sender_lifetime_block,z_contract_involved_amt,z_max_breadth,z_depth,z_distinct_was_called_in_sample,z_distinct_sender_call_in_sample,z_gas,z_gas_price,z_receipt_cumulative_gas_used,z_receipt_gas_used,z_value,z_nonce,involved_trace_ratio,contract_active_day_ratio,tx_count_per_distinct_caller,contract_block_ratio,sender_active_day_ratio,sender_tx_count_per_contract,sender_block_ratio,tx_sender_call_contract,sender_call_contract_tx_ratio,sender_tx_count_call_contract_per_days,sender_call_contract_day_ratio,is_sus
2,0x4c1d2c914eba684e11d5e278ac1c24c2595b168bd33cf79f24d011db0181dca8,1,0x42dd879f8eb7e9b43036a5b4c97b02c6176d6b99,0x4afb544eb87265cf7fc8fdb843c81d34f7e2a369,2016-06-10 18:49:56+00:00,90000,20000000000,1065168,31140,1e+16,37,,3,1,1,1.0,1,41,42,0.9761904761904762,14,1,0x4c1d2c914eba684e11d5e278ac1c24c2595b168bd33cf79f24d011db0181dca8,1,1,3,1,0,0,13,307,1625823,3,1.0,2.0,2,1,-0.0369863360727654,-1.7166869331978556,-1.6533414621068367,-1.3102830932239338,-0.1992710227762049,-0.2496088333929661,0.1998834131853872,-1.7123978843729013,-0.8249141966547399,-0.6437552545996592,-0.3727171714768258,-2.260477526415086,-1.2638994993634527,-1.2908740734149446,0.5157371837160472,3.795860247519665,3.7456244340139984,-0.4367638426659221,-0.4681088999587199,0.3804395437928996,19.1049731745428,-0.300546798411165,-1.288303913419871,-0.1641803421344108,1.5361721237646646,-0.2241037727398779,-0.0,0.0539680812407295,0.3333333333333333,1.0,1.0,1.0,0.0454545454545454,3.230769230769231,2.5217981774164976e-05,0.0238095238095238,1.0,1.0,1.0,0
1,0x3ae5612dd4053e2412fe0fe7910e72f1afae075117a6157260f120e32159c959,1,0x42dd879f8eb7e9b43036a5b4c97b02c6176d6b99,0x4afb544eb87265cf7fc8fdb843c81d34f7e2a369,2016-06-10 18:52:05+00:00,90000,20000000000,153000,90000,1e+16,38,,2,2,2,1.0,1,42,43,0.9767441860465116,14,2,0x3ae5612dd4053e2412fe0fe7910e72f1afae075117a6157260f120e32159c959,2,1,2,1,0,9,13,307,1625832,3,1.0,1.0,1,1,-0.0369863360727654,-1.7087398613923572,-1.6463783421683864,-1.3102830932239338,-0.1769775199988578,-0.2293747618488187,0.1998834131853872,-1.702940620195319,-0.7364917055211523,-0.6437552545996592,-0.5419659118744913,-2.260477526415086,-1.2638994993634527,-1.2907545195836203,0.5157371837160472,3.795860247519665,3.745650096839065,-0.4367638426659221,-0.4681088999587199,-0.2384087807768838,-0.0523423922590192,-0.300546798411165,-1.288303913419871,-0.1641803421344108,-0.2517915357344062,-0.093988726409946,-0.0,0.0828668635876309,0.5,1.0,2.0,0.2,0.0454545454545454,3.3076923076923075,2.5832911498290416e-05,0.0465116279069767,1.0,2.0,1.0,0
0,0x8d8404d056607815c04dd286858da123c6e6aea29a1197e21a803fa67ebedd7c,5,0x42dd879f8eb7e9b43036a5b4c97b02c6176d6b99,0x4afb544eb87265cf7fc8fdb843c81d34f7e2a369,2016-06-10 18:52:47+00:00,314159,20000000000,437921,143853,1e+16,39,,1,3,3,1.0,1,43,44,0.9772727272727272,14,3,0x8d8404d056607815c04dd286858da123c6e6aea29a1197e21a803fa67ebedd7c,3,1,11,1,0,13,13,307,1625836,4,3.0,8.0,2,2,27.037011669191543,-1.7007927895868586,-1.639415222229936,-1.3102830932239338,-0.1546840172215107,-0.2091406903046713,0.1998834131853872,-1.6934833560177365,-0.6480692143875647,-0.6437552545996592,0.9812727517044972,-2.260477526415086,-1.2638994993634527,-1.2907013845474766,0.5157371837160472,3.795860247519665,3.745661502539095,-0.0637053446128824,0.2672037926802994,4.093529491211601,19.1049731745428,0.508277673783588,-1.1330017630849023,-0.1641803421344108,0.3066893513698714,0.0250579196995649,-0.0,0.1117656459345322,0.4545454545454545,1.0,3.0,0.2142857142857142,0.0454545454545454,3.3846153846153846,2.6447915750471912e-05,0.0681818181818181,1.0,3.0,1.0,1
46,0x026c069bb9008a36cfb32a818d9818ac5ac33a559e32fbd41189b6e35a025bfa,1,0x417ab2c56f9509c2cc07a1ada72fbb382f662280,0xd654bdd32fc99471455e86c2e7f7d7b6437e9179,2016-06-06 02:05:16+00:00,150000,21297917513,666075,15075,0.0,50,,47,313,333,0.93993993993994,38,87,89,0.9775280898876404,24,1,0x026c069bb9008a36cfb32a818d9818ac5ac33a559e32fbd41189b6e35a025bfa,4,1,1,48,41,245861,39,99,578035,2,0.0,0.0,1,0,-0.0369863360727654,0.7627994701176587,0.6584143574587293,1.8850804307160105,0.826230104981761,0.7013925291819628,0.9852546340748316,1.4274138225844928,-0.5596467232539771,-0.6437552545996592,-0.7112146522721566,1.2002499931107515,2.00498638265102,1.9750842069358832,3.5994663953037977,0.6547147684127842,0.7579355283056625,-0.8098223407189619,-0.8357652462782296,-0.8572571053466674,-0.0523423922590192,-1.1093712706059182,-1.2467346299197746,0.8733737034810798,0.7538998002886572,-0.2596168243757997,-0.0,0.429652251750447,1.0,0.9047619047619048,6.9375,0.0012730718858546,0.24,2.282051282051282,0.0001505096568379,0.0449438202247191,0.012012012012012,4.0,0.0263157894736842,0
45,0xff6de903057e97ef52ee66da4ea198180229e0a182db3e4ed6c177915e7d6731,1,0x417ab2c56f9509c2cc07a1ada72fbb382f662280,0xd654bdd32fc99471455e86c2e7f7d7b6437e9179,2016-06-06 02:06:13+00:00,150000,20294433332,68359,45459,0.0,51,,46,314,334,0.940119760479042,38,88,90,0.9777777777777776,24,2,0xff6de903057e97ef52ee66da4ea198180229e0a182db3e4ed6c177915e7d6731,5,1,1,48,41,245866,39,99,578040,2,0.0,0.0,1,0,-0.0369863360727654,0.7707465419231572,0.6653774773971798,1.8850804307160105,0.8485236077591081,0.7216266007261102,0.9852546340748316,1.436871086762075,-0.4712242321203895,-0.6437552545996592,-0.7112146522721566,1.2002499931107515,2.00498638265102,1.9751506257310631,3.5994663953037977,0.6547147684127842,0.7579497854306997,-0.8098223407189619,-0.8357652462782296,-0.8572571053466674,-0.0523423922590192,-1.1093712706059182,-1.2467346299197746,0.0711893880070214,-0.417698509124901,-0.1924504029064037,-0.0,0.4585510340973484,1.0,0.9047619047619048,6.958333333333333,0.0012771132360178,0.24,2.3076923076923075,0.0001522383360349,0.0555555555555555,0.0149700598802395,5.0,0.0263157894736842,0
43,0x921664be65dfca2bd565a96342a10301c3a55a80d4a9a39a6eaea9a5f4e61728,1,0x417ab2c56f9509c2cc07a1ada72fbb382f662280,0xd654bdd32fc99471455e86c2e7f7d7b6437e9179,2016-06-06 02:10:05+00:00,150000,20000000000,135459,30459,0.0,53,,44,315,335,0.9402985074626866,38,90,92,0.9782608695652174,24,3,0x921664be65dfca2bd565a96342a10301c3a55a80d4a9a39a6eaea9a5f4e61728,6,1,1,48,41,245877,39,99,578051,2,0.0,0.0,1,0,-0.0369863360727654,0.7786936137286555,0.6723405973356303,1.8850804307160105,0.8931106133138023,0.7620947438144051,0.9852546340748316,1.4463283509396578,-0.3828017409868019,-0.6437552545996592,-0.7112146522721566,1.2002499931107515,2.00498638265102,1.9752967470804592,3.5994663953037977,0.6547147684127842,0.7579811511057817,-0.8098223407189619,-0.8357652462782296,-0.8572571053466674,-0.0523423922590192,-1.1093712706059182,-1.2467346299197746,-0.1641803421344108,-0.2861740952533471,-0.2256091812779459,-0.0,0.516348598791151,1.0,0.9047619047619048,6.979166666666667,0.0012811231586396,0.24,2.358974358974359,0.0001556953353677,0.0652173913043478,0.017910447761194,6.0,0.0263157894736842,0
36,0x8da5faab12a9e4c0f9e952509cb0e1ebb774ada8cbb16f6c7521e97fc79c9457,1,0x417ab2c56f9509c2cc07a1ada72fbb382f662280,0xd654bdd32fc99471455e86c2e7f7d7b6437e9179,2016-06-07 02:07:16+00:00,150000,20000000000,135523,30523,0.0,60,,37,316,336,0.9404761904761904,39,95,99,0.9595959595959596,25,4,0x8da5faab12a9e4c0f9e952509cb0e1ebb774ada8cbb16f6c7521e97fc79c9457,7,2,1,48,42,252006,39,100,584180,2,0.0,0.0,1,0,-0.0369863360727654,0.786640685534154,0.6793037172740808,1.9714416070387115,1.0045781272005376,0.9037332446234372,1.063791756163776,1.4557856151172404,-0.2943792498532143,-0.0655603510819285,-0.7112146522721566,1.2002499931107515,2.0847153066025923,2.056712906212124,3.5994663953037977,0.6698164293700288,0.7754575349764563,-0.8098223407189619,-0.8357652462782296,-0.8572571053466674,-0.0523423922590192,-1.1093712706059182,-1.2467346299197746,-0.1641803421344108,-0.2860486472281938,-0.2254677038235607,-0.0,0.7186400752194604,1.0,0.9069767441860463,7.0,0.0012539334224842,0.2475247524752475,2.5384615384615383,0.0001626208315573,0.0707070707070707,0.0208333333333333,3.5,0.0512820512820512,0
30,0xd92152431fad2f3beabf485ca5cb595e7fd892cc653eef3679a94e8e61164e93,1,0x417ab2c56f9509c2cc07a1ada72fbb382f662280,0xd654bdd32fc99471455e86c2e7f7d7b6437e9179,2016-06-07 02:13:03+00:00,150000,20000000000,78075,15075,0.0,66,,31,317,337,0.940652818991098,39,101,105,0.961904761904762,25,5,0xd92152431fad2f3beabf485ca5cb595e7fd892cc653eef3679a94e8e61164e93,8,2,1,48,42,252037,39,100,584211,2,0.0,0.0,1,0,-0.0369863360727654,0.7945877573396525,0.6862668372125313,1.9714416070387115,1.1383391438646202,1.0251376738883216,1.063791756163776,1.4652428792948229,-0.2059567587196267,-0.0655603510819285,-0.7112146522721566,1.2002499931107515,2.0847153066025923,2.05712470274224,3.5994663953037977,0.6698164293700288,0.7755459291516873,-0.8098223407189619,-0.8357652462782296,-0.8572571053466674,-0.0523423922590192,-1.1093712706059182,-1.2467346299197746,-0.1641803421344108,-0.3986539308063315,-0.2596168243757997,-0.0,0.8920327693008685,1.0,0.9069767441860463,7.020833333333333,0.0012577468476975,0.2475247524752475,2.6923076923076925,0.000172882446783,0.0761904761904762,0.0237388724035608,4.0,0.0512820512820512,0
29,0x901d34022463d43b1c61f0e2965bb1a0f00209d8fc545dbe9ad6e75a8eb0d694,1,0x46b515cd71a19221ee768c88f492a741108ef3f0,0xd654bdd32fc99471455e86c2e7f7d7b6437e9179,2016-06-08 01:05:53+00:00,150000,20000000000,801459,45459,0.0,9,,30,318,338,0.940828402366864,40,10,11,0.9090909090909092,2,6,0x901d34022463d43b1c61f0e2965bb1a0f00209d8fc545dbe9ad6e75a8eb0d694,1,1,1,49,43,257754,3,1,2652,2,0.0,0.0,1,0,-0.0369863360727654,0.802534829145151,0.6932299571509818,2.0578027833614128,-0.8903696088739645,-0.8768650512615364,-0.7425620518819458,1.4747001434724054,-0.8249141966547399,-0.6437552545996592,-0.7112146522721566,1.2738824935261948,2.164444230554165,2.1330679531510714,-0.6703125130484722,-0.8252480053971886,-0.8827259467572125,-0.8098223407189619,-0.8357652462782296,-0.8572571053466674,-0.0523423922590192,-1.1093712706059182,-1.2467346299197746,-0.1641803421344108,1.0192694164970992,-0.1924504029064037,-0.0,-0.7551978244725079,1.0,0.9090909090909092,6.8979591836734695,0.0012337297045644,1.0,3.6666666666666665,0.0037693177534866,0.0909090909090909,0.0029585798816568,1.0,0.025,0
28,0x6e6f2d2b6e34961c8cbe6082e5e2999f8236d85897e29ce33e889ee4aaa715a8,1,0xc44f4ab5bc60397c737eb0683391b633f83c48fa,0xd654bdd32fc99471455e86c2e7f7d7b6437e9179,2016-06-08 14:13:18+00:00,150000,18062397337,64210,43210,8e+17,2,,29,319,339,0.9410029498525072,40,3,3,1.0,3,7,0x6e6f2d2b6e34961c8cbe6082e5e2999f8236d85897e29ce33e889ee4aaa715a8,1,1,1,50,43,261034,2,133,753789,2,0.0,0.0,1,0,-0.0369863360727654,0.8104819009506493,0.7001930770894323,2.0578027833614128,-1.046424128315394,-1.0387376236147157,-0.6640249297930014,1.484157407649988,-0.8249141966547399,-0.6437552545996592,-0.7112146522721566,1.3475149939416382,2.164444230554165,2.1766386827891626,-0.7889174827249241,1.1681712409591012,1.259084879065418,-0.8098223407189619,-0.8357652462782296,-0.8572571053466674,-0.0523423922590192,-1.1093712706059182,-1.2467346299197746,-1.7130980981975408,-0.4258310693805355,-0.1974220090769102,-0.0,-0.9574893009008174,1.0,0.9090909090909092,6.78,0.0012220583446664,0.0223880597014925,1.5,3.979888297801775e-06,0.3333333333333333,0.0029498525073746,1.0,0.025,0
27,0xc49ee87036599f4ba634b91522c0c1589663513b33992cbfea384f2de279959f,1,0x46b515cd71a19221ee768c88f492a741108ef3f0,0xd654bdd32fc99471455e86c2e7f7d7b6437e9179,2016-06-08 15:07:27+00:00,150000,20000000000,674633,43210,5e+17,16,,28,320,340,0.9411764705882352,40,17,18,0.9444444444444444,2,8,0xc49ee87036599f4ba634b91522c0c1589663513b33992cbfea384f2de279959f,2,1,1,50,43,261278,3,1,6176,2,0.0,0.0,1,0,-0.0369863360727654,0.8184289727561478,0.7071561970278828,2.0578027833614128,-0.734315089432535,-0.7352265504525043,-0.7425620518819458,1.4936146718275705,-0.7364917055211523,-0.6437552545996592,-0.7112146522721566,1.3475149939416382,2.164444230554165,2.179879919993948,-0.6703125130484722,-0.8252480053971886,-0.8726775250309509,-0.8098223407189619,-0.8357652462782296,-0.8572571053466674,-0.0523423922590192,-1.1093712706059182,-1.2467346299197746,-0.1641803421344108,0.7706745534021111,-0.1974220090769102,-0.0,-0.5529063480441986,1.0,0.9090909090909092,6.8,0.0012247444302833,1.0,6.0,0.0027521450542334,0.1111111111111111,0.0058823529411764,2.0,0.025,0
26,0x43fcca5a5323f595edc5483cefd9b652b53bd9fafb74a9d67d4dbf9d824cc2e2,1,0x46b515cd71a19221ee768c88f492a741108ef3f0,0xd654bdd32fc99471455e86c2e7f7d7b6437e9179,2016-06-08 15:08:07+00:00,150000,20000000000,141073,36073,0.0,18,,27,321,341,0.9413489736070382,40,19,20,0.95,2,9,0x43fcca5a5323f595edc5483cefd9b652b53bd9fafb74a9d67d4dbf9d824cc2e2,3,1,1,50,43,261282,3,1,6180,2,0.0,0.0,1,0,-0.0369863360727654,0.8263760445616463,0.7141193169663334,2.0578027833614128,-0.6897280838778408,-0.6947584073642095,-0.7425620518819458,1.5030719360051528,-0.6480692143875647,-0.6437552545996592,-0.7112146522721566,1.3475149939416382,2.164444230554165,2.1799330550300917,-0.6703125130484722,-0.8252480053971886,-0.8726661193309211,-0.8098223407189619,-0.8357652462782296,-0.8572571053466674,-0.0523423922590192,-1.1093712706059182,-1.2467346299197746,-0.1641803421344108,-0.2751699512969401,-0.21319895582609,-0.0,-0.4951087833503959,1.0,0.9090909090909092,6.82,0.0012285529483357,1.0,6.666666666666667,0.0030739362562692,0.15,0.0087976539589442,3.0,0.025,0
24,0x9ce3479ff9650541e806985edd59f5a874915346a13e854fb8d696f7b5670c39,1,0xc44f4ab5bc60397c737eb0683391b633f83c48fa,0xd654bdd32fc99471455e86c2e7f7d7b6437e9179,2016-06-08 17:09:03+00:00,150000,17840922316,264918,30459,0.0,4,,26,322,343,0.9387755102040816,40,4,5,0.8,3,10,0x9ce3479ff9650541e806985edd59f5a874915346a13e854fb8d696f7b5670c39,3,1,1,50,43,261803,2,133,754558,2,0.0,0.0,1,0,-0.0369863360727654,0.8343231163671447,0.7280455568432344,2.0578027833614128,-1.0241306255380471,-0.9982694805264208,-0.6640249297930014,1.5125292001827353,-0.6480692143875647,-0.6437552545996592,-0.7112146522721566,1.3475149939416382,2.164444230554165,2.186853893487849,-0.7889174827249241,1.1681712409591012,1.2612776248961488,-0.8098223407189619,-0.8357652462782296,-0.8572571053466674,-0.0523423922590192,-1.1093712706059182,-1.2467346299197746,-1.8901450227822816,-0.0324182219985407,-0.2256091812779459,-0.0,-0.8996917362070147,1.0,0.9090909090909092,6.86,0.0012299277321966,0.0223880597014925,2.5,5.301109654778486e-06,0.6,0.0087463556851311,3.0,0.025,0
25,0x17ff5c67c83f332d01c01a43f6c585d52836df0e9f5c57a186249ff277726ad3,1,0xc44f4ab5bc60397c737eb0683391b633f83c48fa,0xd654bdd32fc99471455e86c2e7f7d7b6437e9179,2016-06-08 17:09:03+00:00,150000,17840922316,234459,45459,0.0,3,,25,322,343,0.9387755102040816,40,4,5,0.8,3,11,0x17ff5c67c83f332d01c01a43f6c585d52836df0e9f5c57a186249ff277726ad3,3,1,1,50,43,261803,2,133,754558,2,0.0,0.0,1,0,-0.0369863360727654,0.8343231163671447,0.7280455568432344,2.0578027833614128,-1.0241306255380471,-0.9982694805264208,-0.6640249297930014,1.5219864643603178,-0.6480692143875647,-0.6437552545996592,-0.7112146522721566,1.3475149939416382,2.164444230554165,2.186853893487849,-0.7889174827249241,1.1681712409591012,1.2612776248961488,-0.8098223407189619,-0.8357652462782296,-0.8572571053466674,-0.0523423922590192,-1.1093712706059182,-1.2467346299197746,-1.8901450227822816,-0.0921216813444969,-0.1924504029064037,-0.0,-0.928590518553916,1.0,0.9090909090909092,6.86,0.0012299277321966,0.0223880597014925,2.5,5.301109654778486e-06,0.6,0.0087463556851311,3.0,0.025,0
20,0x9a55ec033f1c5ee2241934689bc8c8dce6eed9a513b3a7cc80b334af839de6f3,1,0x26bdce6e4ea9afd060049993ed11f153eb1e322f,0xd654bdd32fc99471455e86c2e7f7d7b6437e9179,2016-06-09 14:13:45+00:00,150000,20000000000,475079,45523,0.0,40,,21,323,344,0.938953488372093,41,48,48,1.0,11,12,0x9a55ec033f1c5ee2241934689bc8c8dce6eed9a513b3a7cc80b334af839de6f3,17,6,1,50,44,267226,6,40,241353,2,0.0,0.0,1,0,-0.0369863360727654,0.8422701881726431,0.7350086767816848,2.144163959684114,-0.0432165033347753,-0.1282044041280816,-0.035727953081446,1.5314437285379003,0.5898456614826615,2.2472192629889944,-0.7112146522721566,1.3475149939416382,2.244173154505737,2.258891718740096,-0.3144976040191163,-0.2362832280646483,-0.2020879460533625,-0.8098223407189619,-0.8357652462782296,-0.8572571053466674,-0.0523423922590192,-1.1093712706059182,-1.2467346299197746,-0.1641803421344108,0.3795236907236598,-0.1923089254520184,-0.0,0.1406644282814336,1.0,0.9111111111111112,6.88,0.001208710197697,0.2682926829268293,8.0,0.0001988779966356,0.3541666666666667,0.0494186046511627,2.833333333333333,0.1463414634146341,0
19,0x728d17c14d07a6e4e69812502f1893930f4d6b44474b02078fa6476fd2e1e1c5,1,0x26bdce6e4ea9afd060049993ed11f153eb1e322f,0xd654bdd32fc99471455e86c2e7f7d7b6437e9179,2016-06-09 14:14:13+00:00,150000,20000000000,28210,28210,4.375e+19,41,,20,324,345,0.9391304347826088,41,49,49,1.0,11,13,0x728d17c14d07a6e4e69812502f1893930f4d6b44474b02078fa6476fd2e1e1c5,18,6,1,50,44,267228,6,40,241355,2,0.0,0.0,1,0,-0.0369863360727654,0.8502172599781416,0.7419717967201354,2.144163959684114,-0.0209230005574282,-0.1079703325839341,-0.035727953081446,1.5409009927154829,0.6782681526162491,2.2472192629889944,-0.7112146522721566,1.3475149939416382,2.244173154505737,2.258918286258168,-0.3144976040191163,-0.2362832280646483,-0.2020822432033475,-0.8098223407189619,-0.8357652462782296,-0.8572571053466674,-0.0523423922590192,-1.1093712706059182,-1.2467346299197746,-0.1641803421344108,-0.4963955835292084,-0.2305807874484525,0.0,0.1695632106283349,1.0,0.9111111111111112,6.9,0.0012124432602748,0.2682926829268293,8.166666666666666,0.0002030196058933,0.3673469387755102,0.0521739130434782,3.0,0.1463414634146341,0
17,0x35fe20937f0775bee65b6909405162a82c2f0b00af95fb41d2002fa057b55634,1,0x26bdce6e4ea9afd060049993ed11f153eb1e322f,0xd654bdd32fc99471455e86c2e7f7d7b6437e9179,2016-06-09 14:21:32+00:00,150000,20000000000,497865,45587,0.0,43,,18,325,346,0.9393063583815028,41,52,52,1.0,11,14,0x35fe20937f0775bee65b6909405162a82c2f0b00af95fb41d2002fa057b55634,19,6,1,50,44,267250,6,40,241377,2,0.0,0.0,1,0,-0.0369863360727654,0.85816433178364,0.7489349166585858,2.144163959684114,0.045957507774613,-0.0472681179514919,-0.035727953081446,1.5503582568930654,0.7666906437498366,2.2472192629889944,-0.7112146522721566,1.3475149939416382,2.244173154505737,2.2592105289569595,-0.3144976040191163,-0.2362832280646483,-0.2020195118531836,-0.8098223407189619,-0.8357652462782296,-0.8572571053466674,-0.0523423922590192,-1.1093712706059182,-1.2467346299197746,-0.1641803421344108,0.4241871079289837,-0.1921674479976332,-0.0,0.2273607753221376,1.0,0.9111111111111112,6.92,0.0012160852531889,0.2682926829268293,8.666666666666666,0.0002154297409043,0.3653846153846153,0.0549132947976878,3.1666666666666665,0.1463414634146341,0
16,0x7aa1b9fd2eab3f454176bf0fa218ab407a2600c0e583cf470213fffb226082f6,1,0x26bdce6e4ea9afd060049993ed11f153eb1e322f,0xd654bdd32fc99471455e86c2e7f7d7b6437e9179,2016-06-09 14:22:03+00:00,150000,20000000000,189571,28210,4.53125e+19,44,,17,326,347,0.9394812680115274,41,53,53,1.0,11,15,0x7aa1b9fd2eab3f454176bf0fa218ab407a2600c0e583cf470213fffb226082f6,20,6,1,50,44,267253,6,40,241380,2,0.0,0.0,1,0,-0.0369863360727654,0.8661114035891384,0.7558980365970364,2.144163959684114,0.06825101055196,-0.0270340464073444,-0.035727953081446,1.559815521070648,0.8551131348834242,2.2472192629889944,-0.7112146522721566,1.3475149939416382,2.244173154505737,2.2592503802340675,-0.3144976040191163,-0.2362832280646483,-0.2020109575781613,-0.8098223407189619,-0.8357652462782296,-0.8572571053466674,-0.0523423922590192,-1.1093712706059182,-1.2467346299197746,-0.1641803421344108,-0.1801077899863198,-0.2305807874484525,0.0,0.2562595576690389,1.0,0.9111111111111112,6.94,0.0012198133610722,0.2682926829268293,8.833333333333334,0.0002195698915821,0.3773584905660377,0.0576368876080691,3.333333333333333,0.1463414634146341,0
14,0xff08867561f4e7d90cf1a7f6c756eebc07bc2e71ba3db1dcffb4fa1e08ac73f4,1,0x26bdce6e4ea9afd060049993ed11f153eb1e322f,0xd654bdd32fc99471455e86c2e7f7d7b6437e9179,2016-06-09 14:29:00+00:00,150000,20000000000,87523,45523,0.0,46,,15,327,348,0.9396551724137931,41,56,56,1.0,11,16,0xff08867561f4e7d90cf1a7f6c756eebc07bc2e71ba3db1dcffb4fa1e08ac73f4,21,6,1,50,44,267275,6,40,241402,2,0.0,0.0,1,0,-0.0369863360727654,0.8740584753946369,0.7628611565354868,2.144163959684114,0.1351315188840013,0.0336681682250977,-0.035727953081446,1.5692727852482304,0.9435356260170118,2.2472192629889944,-0.7112146522721566,1.3475149939416382,2.244173154505737,2.25954262293286,-0.3144976040191163,-0.2362832280646483,-0.2019482262279973,-0.8098223407189619,-0.8357652462782296,-0.8572571053466674,-0.0523423922590192,-1.1093712706059182,-1.2467346299197746,-0.1641803421344108,-0.3801346660930909,-0.1923089254520184,-0.0,0.3140571223628416,1.0,0.9111111111111112,6.96,0.0012234544066807,0.2682926829268293,9.333333333333334,0.0002319772330915,0.375,0.0603448275862069,3.5,0.1463414634146341,0
13,0xef09122c94462b7b0380b897aa0e6bb44869b54b793b070c458582a2c28c9134,1,0x26bdce6e4ea9afd060049993ed11f153eb1e322f,0xd654bdd32fc99471455e86c2e7f7d7b6437e9179,2016-06-09 14:29:27+00:00,150000,20000000000,28210,28210,4.811e+19,47,,14,328,349,0.9398280802292264,41,57,57,1.0,11,17,0xef09122c94462b7b0380b897aa0e6bb44869b54b793b070c458582a2c28c9134,22,6,1,50,44,267278,6,40,241405,2,0.0,0.0,1,0,-0.0369863360727654,0.8820055472001354,0.7698242764739374,2.144163959684114,0.1574250216613484,0.0539022397692452,-0.035727953081446,1.578730049425813,1.0319581171505994,2.2472192629889944,-0.7112146522721566,1.3475149939416382,2.244173154505737,2.259582474209968,-0.3144976040191163,-0.2362832280646483,-0.2019396719529749,-0.8098223407189619,-0.8357652462782296,-0.8572571053466674,-0.0523423922590192,-1.1093712706059182,-1.2467346299197746,-0.1641803421344108,-0.4963955835292084,-0.2305807874484525,0.0,0.342955904709743,1.0,0.9111111111111112,6.98,0.0012271820831415,0.2682926829268293,9.5,0.0002361167493765,0.3859649122807017,0.0630372492836676,3.6666666666666665,0.1463414634146341,0
11,0x12ac6aec0abea86c588c80ee8f06cf122d011e4376be09965aebd46850a476ce,1,0x90f011a326b6ecb37284eb5e2113d71228d0187f,0xd654bdd32fc99471455e86c2e7f7d7b6437e9179,2016-06-10 15:30:19+00:00,150000,20000000000,1016587,35811,0.0,56,,12,329,350,0.94,42,49,62,0.7903225806451613,11,18,0x12ac6aec0abea86c588c80ee8f06cf122d011e4376be09965aebd46850a476ce,2,2,2,50,45,273482,8,34,204091,2,1.0,1.0,1,1,-0.0369863360727654,0.8899526190056338,0.7767873964123878,2.2305251360068152,-0.0209230005574282,0.1550725974899823,-0.035727953081446,1.5881873136033955,-0.7364917055211523,-0.0655603510819285,-0.5419659118744913,1.3475149939416382,2.32390207845731,2.3419949152693325,-0.0772876646662124,-0.3268931938081161,-0.3083377446810467,-0.8098223407189619,-0.4681088999587199,-0.2384087807768838,-0.0523423922590192,-0.300546798411165,-1.2467346299197746,-0.1641803421344108,1.4409472720464236,-0.2137781291549796,-0.0,0.6030449458318551,0.5,0.9130434782608696,7.0,0.0012029998208298,0.3142857142857143,7.75,0.0002400878035395,0.032258064516129,0.0057142857142857,1.0,0.0476190476190476,0
10,0xbd57c912ff8c0d58ebcb69a959c0e1ea1af6db4d5f5607569ff9e2cb45f34a1b,1,0x859d231d76c0d796bcf46a7304b086e6328682d5,0xd654bdd32fc99471455e86c2e7f7d7b6437e9179,2016-06-10 15:42:17+00:00,150000,20000000000,273254,35747,0.0,7,,11,330,351,0.9401709401709402,42,10,10,1.0,2,19,0xbd57c912ff8c0d58ebcb69a959c0e1ea1af6db4d5f5607569ff9e2cb45f34a1b,3,2,2,50,45,273530,3,37,225997,2,1.0,1.0,1,1,-0.0369863360727654,0.8978996908111322,0.7837505163508384,2.2305251360068152,-0.8903696088739645,-0.8970991228056837,-0.7425620518819458,1.597644577780978,-0.6480692143875647,-0.0655603510819285,-0.5419659118744913,1.3475149939416382,2.32390207845731,2.3426325357030606,-0.6703125130484722,-0.2815882109363822,-0.2458744284677986,-0.8098223407189619,-0.4681088999587199,-0.2384087807768838,-0.0523423922590192,-0.300546798411165,-1.2467346299197746,-0.1641803421344108,-0.0160786167223369,-0.2139196066093649,-0.0,-0.8129953891663106,0.5,0.9130434782608696,7.02,0.0012064446077409,0.0526315789473684,3.333333333333333,4.424817918742644e-05,0.3,0.0085470085470085,1.5,0.0476190476190476,0
9,0xd248b77173c71b330e3a5f2c62021249863999064601c60e0118597fd766241b,1,0x9a63d185a79129fdab19b58bb631ea36a420544e,0xd654bdd32fc99471455e86c2e7f7d7b6437e9179,2016-06-10 15:53:40+00:00,150000,20000000000,41747,20747,0.0,15,,10,331,352,0.9403409090909092,42,18,18,1.0,9,20,0xd248b77173c71b330e3a5f2c62021249863999064601c60e0118597fd766241b,3,2,2,50,45,273586,6,294,1557579,2,1.0,1.0,1,1,-0.0369863360727654,0.9058467626166308,0.7907136362892888,2.2305251360068152,-0.7120215866551879,-0.7352265504525043,-0.1928021972593349,1.6071018419585603,-0.6480692143875647,-0.0655603510819285,-0.5419659118744913,1.3475149939416382,2.32390207845731,2.343376426209077,-0.3144976040191163,3.599538655075485,3.5510317858054297,-0.8098223407189619,-0.4681088999587199,-0.2384087807768838,-0.0523423922590192,-0.300546798411165,-1.2467346299197746,-0.1641803421344108,-0.4698613660839144,-0.2470783849809072,-0.0,-0.5818051303910999,0.5,0.9130434782608696,7.04,0.0012098528073336,0.0305084745762711,3.0,1.1556388756917783e-05,0.1666666666666666,0.0085227272727272,1.5,0.0476190476190476,0
8,0x011225f3d4a3e3977972264627b51ddbf1f9faa302ca92004e7eca6dca0bab1e,1,0x46b515cd71a19221ee768c88f492a741108ef3f0,0xd654bdd32fc99471455e86c2e7f7d7b6437e9179,2016-06-10 15:56:40+00:00,150000,20000000000,315582,15075,0.0,41,,9,332,353,0.9405099150141644,42,42,43,0.9767441860465116,3,21,0x011225f3d4a3e3977972264627b51ddbf1f9faa302ca92004e7eca6dca0bab1e,4,2,1,50,45,273600,3,3,18498,2,0.0,0.0,1,0,-0.0369863360727654,0.9137938344221292,0.7976767562277394,2.2305251360068152,-0.1769775199988578,-0.2293747618488187,-0.6640249297930014,1.616559106136143,-0.5596467232539771,-0.0655603510819285,-0.7112146522721566,1.3475149939416382,2.32390207845731,2.343562398835581,-0.6703125130484722,-0.7950446834826993,-0.8375422660891247,-0.8098223407189619,-0.8357652462782296,-0.8572571053466674,-0.0523423922590192,-1.1093712706059182,-1.2467346299197746,-0.1641803421344108,0.0668895709133581,-0.2596168243757997,-0.0,0.1695632106283349,1.0,0.9130434782608696,7.06,0.0012134458572885,0.75,14.333333333333334,0.0022703929942159,0.0930232558139534,0.0113314447592068,2.0,0.0476190476190476,0
7,0x27b8fcc22e15b4316fb322c8070c8ffbbfaed789cb5f3460bfb7c2f20a322c53,1,0x46b515cd71a19221ee768c88f492a741108ef3f0,0xd654bdd32fc99471455e86c2e7f7d7b6437e9179,2016-06-10 16:05:42+00:00,150000,20000000000,108459,45459,0.0,46,,8,333,354,0.940677966101695,42,47,48,0.9791666666666666,3,22,0x27b8fcc22e15b4316fb322c8070c8ffbbfaed789cb5f3460bfb7c2f20a322c53,5,2,1,50,45,273640,3,3,18538,2,0.0,0.0,1,0,-0.0369863360727654,0.9217409062276276,0.8046398761661898,2.2305251360068152,-0.0655100061121224,-0.1282044041280816,-0.6640249297930014,1.6260163703137256,-0.4712242321203895,-0.0655603510819285,-0.7112146522721566,1.3475149939416382,2.32390207845731,2.3440937491970213,-0.6703125130484722,-0.7950446834826993,-0.8374282090888266,-0.8098223407189619,-0.8357652462782296,-0.8572571053466674,-0.0523423922590192,-1.1093712706059182,-1.2467346299197746,-0.1641803421344108,-0.3390974808648516,-0.1924504029064037,-0.0,0.3140571223628416,1.0,0.9130434782608696,7.08,0.0012169229026352,0.75,16.0,0.0025351960731431,0.1041666666666666,0.0141242937853107,2.5,0.0476190476190476,0
6,0x2a886bb4daf44879b9b10d68f6ddc9f2e4688ba1b59fc528cbecc94b37ac383e,1,0x46b515cd71a19221ee768c88f492a741108ef3f0,0xd654bdd32fc99471455e86c2e7f7d7b6437e9179,2016-06-10 16:07:32+00:00,150000,20000000000,419683,20683,0.0,47,,7,334,355,0.9408450704225352,42,48,49,0.979591836734694,3,23,0x2a886bb4daf44879b9b10d68f6ddc9f2e4688ba1b59fc528cbecc94b37ac383e,6,2,2,50,45,273646,3,3,18544,2,1.0,1.0,1,1,-0.0369863360727654,0.929687978033126,0.8116029961046404,2.2305251360068152,-0.0432165033347753,-0.1079703325839341,-0.6640249297930014,1.635473634491308,-0.3828017409868019,-0.0655603510819285,-0.5419659118744913,1.3475149939416382,2.32390207845731,2.3441734517512374,-0.6703125130484722,-0.7950446834826993,-0.8374111005387819,-0.8098223407189619,-0.4681088999587199,-0.2384087807768838,-0.0523423922590192,-0.300546798411165,-1.2467346299197746,-0.1641803421344108,0.2709405844519966,-0.2472198624352924,-0.0,0.342955904709743,0.5,0.9130434782608696,7.1,0.0012205505633169,0.75,16.333333333333332,0.002588298732812,0.1224489795918367,0.0169014084507042,3.0,0.0476190476190476,0
5,0x3e525eca6dcc3950732a26bd896175548755ec8ec67e201cc9fbb55a466ece18,1,0x46b515cd71a19221ee768c88f492a741108ef3f0,0xd654bdd32fc99471455e86c2e7f7d7b6437e9179,2016-06-10 16:08:11+00:00,150000,20000000000,36075,15075,0.0,48,,6,335,356,0.9410112359550562,42,49,50,0.98,3,24,0x3e525eca6dcc3950732a26bd896175548755ec8ec67e201cc9fbb55a466ece18,7,2,1,50,45,273650,3,3,18548,2,0.0,0.0,1,0,-0.0369863360727654,0.9376350498386244,0.8185661160430908,2.2305251360068152,-0.0209230005574282,-0.0877362610397867,-0.6640249297930014,1.6449308986688906,-0.2943792498532143,-0.0655603510819285,-0.7112146522721566,1.3475149939416382,2.32390207845731,2.3442265867873813,-0.6703125130484722,-0.7950446834826993,-0.8373996948387521,-0.8098223407189619,-0.8357652462782296,-0.8572571053466674,-0.0523423922590192,-1.1093712706059182,-1.2467346299197746,-0.1641803421344108,-0.4809791973131164,-0.2596168243757997,-0.0,0.3718546870566443,1.0,0.9130434782608696,7.12,0.0012241870119239,0.75,16.666666666666668,0.0026416518410695,0.14,0.0196629213483146,3.5,0.0476190476190476,0
4,0xa761aca08ccd001fad5bbae41b7536de7e48f7b56b7510637b743444c192fde8,1,0x5586b392b5127598e9b3a4635131bc7bbda20c2b,0xd654bdd32fc99471455e86c2e7f7d7b6437e9179,2016-06-10 16:10:23+00:00,150000,20000000000,57075,15075,0.0,56,,5,336,357,0.9411764705882352,42,55,58,0.9482758620689656,13,25,0xa761aca08ccd001fad5bbae41b7536de7e48f7b56b7510637b743444c192fde8,16,7,1,50,45,273658,6,27,166338,2,0.0,0.0,1,0,-0.0369863360727654,0.9455821216441228,0.8255292359815414,2.2305251360068152,0.1128380161066542,0.0741363113133926,0.1213462910964428,1.6543881628464732,0.5014231703490739,2.8254141665067247,-0.7112146522721566,1.3475149939416382,2.32390207845731,2.344332856859669,-0.3144976040191163,-0.4326048205088284,-0.41598759298739,-0.8098223407189619,-0.8357652462782296,-0.8572571053466674,-0.0523423922590192,-1.1093712706059182,-1.2467346299197746,-0.1641803421344108,-0.4398165640597239,-0.2596168243757997,-0.0,0.6030449458318551,1.0,0.9130434782608696,7.14,0.0012278054074596,0.4642857142857143,9.666666666666666,0.000330650058014,0.2758620689655172,0.0448179271708683,2.2857142857142856,0.1666666666666666,0
3,0xd6643bb932a4395b1a02e187dd6607bd0f509d93f09cc87fdd5e6f552294aee0,1,0x35d68fb24df0e54d44e6cc32f75f1cc891f57811,0xd654bdd32fc99471455e86c2e7f7d7b6437e9179,2016-06-10 16:19:56+00:00,150000,20000000000,218308,35747,0.0,15,,4,337,358,0.9413407821229052,42,17,17,1.0,9,26,0xd6643bb932a4395b1a02e187dd6607bd0f509d93f09cc87fdd5e6f552294aee0,1,1,2,51,45,273704,6,135,765914,2,1.0,1.0,1,1,-0.0369863360727654,0.9535291934496212,0.8324923559199918,2.2305251360068152,-0.734315089432535,-0.7554606219966518,-0.1928021972593349,1.6638454270240557,-0.8249141966547399,-0.6437552545996592,-0.5419659118744913,1.4211474943570817,2.32390207845731,2.344943909775325,-0.3144976040191163,1.1983745628735905,1.2936584072807762,-0.8098223407189619,-0.4681088999587199,-0.2384087807768838,-0.0523423922590192,-0.300546798411165,-1.2467346299197746,-0.1641803421344108,-0.1237796665671417,-0.2139196066093649,-0.0,-0.5818051303910999,0.5,0.9130434782608696,7.019607843137255,0.0012312526260024,0.0661764705882353,2.833333333333333,2.2195674454737143e-05,0.0588235294117647,0.0027932960893854,1.0,0.0238095238095238,0
49,0x6037d60f3eb6d47fae44c4a4efa1e7554b8f2c8e446f89c8bfe1c8681ef8e483,1,0x417ab2c56f9509c2cc07a1ada72fbb382f662280,0xf51bc4633f5924465c8c6317169faf3e4312e82f,2016-06-06 02:00:06+00:00,300000,20000000000,222003,155395,0.0,47,,50,467,527,0.8861480075901328,40,84,86,0.9767441860465116,24,1,0x6037d60f3eb6d47fae44c4a4efa1e7554b8f2c8e446f89c8bfe1c8681ef8e483,2,1,3,49,41,245744,39,99,578017,4,2.0,1.0,1,2,-0.0369863360727654,1.986648528164419,2.0092596255181263,2.0578027833614128,0.7593495966497197,0.6406903145495205,0.9852546340748316,1.597644577780978,-0.7364917055211523,-0.6437552545996592,-0.3727171714768258,1.2738824935261948,2.00498638265102,1.9735300071286708,3.5994663953037977,0.6547147684127842,0.7578842026555282,-0.0637053446128824,-0.1004525536392102,-0.2384087807768838,-0.0523423922590192,0.508277673783588,-1.1428114211695335,-0.1641803421344108,-0.1165370032399377,0.0505724943638543,-0.0,0.342955904709743,0.3333333333333333,0.9523809523809524,10.755102040816327,0.0019003438523672,0.24,2.2051282051282053,0.0001453241940562,0.0232558139534883,0.0037950664136622,2.0,0.025,0
48,0x8cd53d90018f1f11936b6eb2d70a50ad6a1d8d0966002d3f062cc90394b3cb98,1,0x417ab2c56f9509c2cc07a1ada72fbb382f662280,0xf51bc4633f5924465c8c6317169faf3e4312e82f,2016-06-06 02:02:14+00:00,300000,23543062534,155395,155395,0.0,48,,49,468,528,0.8863636363636364,40,85,87,0.9770114942528736,24,2,0x8cd53d90018f1f11936b6eb2d70a50ad6a1d8d0966002d3f062cc90394b3cb98,3,1,3,49,41,245752,39,99,578025,4,2.0,1.0,1,2,-0.0369863360727654,1.9945955999699172,2.016222745456577,2.0578027833614128,0.7816430994270668,0.660924386093668,0.9852546340748316,1.6071018419585603,-0.6480692143875647,-0.6437552545996592,-0.3727171714768258,1.2738824935261948,2.00498638265102,1.9736362772009588,3.5994663953037977,0.6547147684127842,0.7579070140555879,-0.0637053446128824,-0.1004525536392102,-0.2384087807768838,-0.0523423922590192,0.508277673783588,-1.1428114211695335,2.668140532805792,-0.2470970354181265,0.0505724943638543,-0.0,0.3718546870566443,0.3333333333333333,0.9523809523809524,10.775510204081632,0.0019043511167717,0.24,2.230769230769231,0.0001470522087241,0.0344827586206896,0.0056818181818181,3.0,0.025,0
47,0x646c730067edbd9fba24a5cac484ec0b327ab46b9d900a78ce56409361c6c363,1,0x417ab2c56f9509c2cc07a1ada72fbb382f662280,0xf51bc4633f5924465c8c6317169faf3e4312e82f,2016-06-06 02:03:08+00:00,300000,22843343299,155395,155395,0.0,49,,48,469,529,0.8865784499054821,40,86,88,0.9772727272727272,24,3,0x646c730067edbd9fba24a5cac484ec0b327ab46b9d900a78ce56409361c6c363,4,1,3,49,41,245755,39,99,578028,4,2.0,1.0,1,2,-0.0369863360727654,2.002542671775416,2.0231858653950274,2.0578027833614128,0.8039366022044139,0.6811584576378154,0.9852546340748316,1.616559106136143,-0.5596467232539771,-0.6437552545996592,-0.3727171714768258,1.2738824935261948,2.00498638265102,1.9736761284780668,3.5994663953037977,0.6547147684127842,0.7579155683306102,-0.0637053446128824,-0.1004525536392102,-0.2384087807768838,-0.0523423922590192,0.508277673783588,-1.1428114211695335,2.1087856309745026,-0.2470970354181265,0.0505724943638543,-0.0,0.4007534694035456,0.3333333333333333,0.9523809523809524,10.79591836734694,0.0019083969465648,0.24,2.2564102564102564,0.0001487814625217,0.0454545454545454,0.0075614366729678,4.0,0.025,0
44,0x6adee21c7b2d34725f0b45f8384bcf2ce1a7fd796e03f86350e7634a16f3c0e2,1,0x417ab2c56f9509c2cc07a1ada72fbb382f662280,0xf51bc4633f5924465c8c6317169faf3e4312e82f,2016-06-06 02:09:32+00:00,150000,20000000000,228853,33882,0.0,52,,45,470,530,0.8867924528301887,40,89,91,0.978021978021978,24,4,0x6adee21c7b2d34725f0b45f8384bcf2ce1a7fd796e03f86350e7634a16f3c0e2,5,1,3,49,41,245776,39,99,578049,4,2.0,1.0,1,2,-0.0369863360727654,2.0104897435809144,2.030148985333478,2.0578027833614128,0.8708171105364552,0.7418606722702576,0.9852546340748316,1.6260163703137256,-0.4712242321203895,-0.6437552545996592,-0.3727171714768258,1.2738824935261948,2.00498638265102,1.9739550874178229,3.5994663953037977,0.6547147684127842,0.7579754482557668,-0.0637053446128824,-0.1004525536392102,-0.2384087807768838,-0.0523423922590192,0.508277673783588,-1.2467346299197746,-0.1641803421344108,-0.1031101442977596,-0.21804234805356,-0.0,0.4874498164442497,0.3333333333333333,0.9523809523809524,10.816326530612244,0.0019123026157858,0.24,2.333333333333333,0.0001539659199031,0.0549450549450549,0.0094339622641509,5.0,0.025,0
42,0x662c8197cbe754649715d78114bec2a05cb24aaf95dd28f85f4b2eb09e7c2b7c,1,0x417ab2c56f9509c2cc07a1ada72fbb382f662280,0xf51bc4633f5924465c8c6317169faf3e4312e82f,2016-06-06 02:11:02+00:00,300000,20000000000,260395,155395,0.0,54,,43,471,531,0.8870056497175142,40,91,93,0.978494623655914,24,5,0x662c8197cbe754649715d78114bec2a05cb24aaf95dd28f85f4b2eb09e7c2b7c,6,1,3,49,41,245780,39,99,578053,4,2.0,1.0,1,2,-0.0369863360727654,2.018436815386413,2.0371121052719285,2.0578027833614128,0.9154041160911494,0.7823288153585525,0.9852546340748316,1.635473634491308,-0.3828017409868019,-0.6437552545996592,-0.3727171714768258,1.2738824935261948,2.00498638265102,1.9740082224539668,3.5994663953037977,0.6547147684127842,0.7579868539557966,-0.0637053446128824,-0.1004525536392102,-0.2384087807768838,-0.0523423922590192,0.508277673783588,-1.1428114211695335,-0.1641803421344108,-0.0412838691511642,0.0505724943638543,-0.0,0.5452473811380524,0.3333333333333333,0.9523809523809524,10.83673469387755,0.0019163401564807,0.24,2.3846153846153846,0.0001574247388652,0.064516129032258,0.0112994350282485,6.0,0.025,0
41,0xe112a6ba950a3bafbe405943f593f57e5e6aa84bb8cbf5241deb67b989b849a6,1,0x417ab2c56f9509c2cc07a1ada72fbb382f662280,0xf51bc4633f5924465c8c6317169faf3e4312e82f,2016-06-06 02:12:26+00:00,300000,20000000000,327495,96495,0.0,55,,42,472,532,0.8872180451127819,40,92,94,0.9787234042553192,24,6,0xe112a6ba950a3bafbe405943f593f57e5e6aa84bb8cbf5241deb67b989b849a6,7,1,13,49,41,245784,39,99,578057,8,5.0,4.0,1,3,-0.0369863360727654,2.026383887191911,2.044075225210379,2.0578027833614128,0.9376976188684965,0.8025628869027,0.9852546340748316,1.6449308986688906,-0.2943792498532143,-0.6437552545996592,1.319770232499828,1.2738824935261948,2.00498638265102,1.974061357490111,3.5994663953037977,0.6547147684127842,0.7579982596558263,1.428528647599277,1.0025164853193187,1.618136192932467,-0.0523423922590192,1.3171021459783412,-1.1428114211695335,-0.1641803421344108,0.0902405447203897,-0.0796309753750682,-0.0,0.5741461634849537,0.0769230769230769,0.9523809523809524,10.857142857142858,0.0019203775657586,0.24,2.41025641025641,0.0001591535797445,0.0744680851063829,0.0131578947368421,7.0,0.025,0
39,0xe65f2459ae60d5cd3dd865153b1cea6ad4f59d7d4a3e77de4c252d9af87f2a7c,1,0x417ab2c56f9509c2cc07a1ada72fbb382f662280,0xf51bc4633f5924465c8c6317169faf3e4312e82f,2016-06-07 02:05:27+00:00,150000,21002233507,33882,33882,0.0,56,,41,474,535,0.8859813084112149,41,93,96,0.96875,25,7,0xe65f2459ae60d5cd3dd865153b1cea6ad4f59d7d4a3e77de4c252d9af87f2a7c,9,2,3,49,42,251903,39,100,584176,4,2.0,1.0,1,2,-0.0369863360727654,2.0422780308029083,2.0649645850257303,2.144163959684114,0.9599911216458434,0.8430310299909948,1.063791756163776,1.6543881628464732,-0.1175342675860391,-0.0655603510819285,-0.3727171714768258,1.2738824935261948,2.0847153066025923,2.0553446790314154,3.5994663953037977,0.6698164293700288,0.7754461292764264,-0.0637053446128824,-0.1004525536392102,-0.2384087807768838,-0.0523423922590192,0.508277673783588,-1.2467346299197746,0.6370041857141252,-0.4852777523000063,-0.21804234805356,-0.0,0.6030449458318551,0.3333333333333333,0.9534883720930232,10.918367346938776,0.001881669207317,0.2475247524752475,2.4615384615384617,0.0001591983251651,0.09375,0.016822429906542,4.5,0.048780487804878,0
40,0xc34adaa5bff4d4c48ca1a5e7ddcc989753a58813e7df60f5bd1f300750db4efd,1,0x417ab2c56f9509c2cc07a1ada72fbb382f662280,0xf51bc4633f5924465c8c6317169faf3e4312e82f,2016-06-07 02:05:27+00:00,150000,20774779317,67764,33882,0.0,57,,40,474,535,0.8859813084112149,41,93,96,0.96875,25,8,0xc34adaa5bff4d4c48ca1a5e7ddcc989753a58813e7df60f5bd1f300750db4efd,9,2,3,49,42,251903,39,100,584176,4,2.0,1.0,1,2,-0.0369863360727654,2.0422780308029083,2.0649645850257303,2.144163959684114,0.9599911216458434,0.8430310299909948,1.063791756163776,1.6638454270240557,-0.1175342675860391,-0.0655603510819285,-0.3727171714768258,1.2738824935261948,2.0847153066025923,2.0553446790314154,3.5994663953037977,0.6698164293700288,0.7754461292764264,-0.0637053446128824,-0.1004525536392102,-0.2384087807768838,-0.0523423922590192,0.508277673783588,-1.2467346299197746,0.4551775190246416,-0.4188647837337471,-0.21804234805356,-0.0,0.6319437281787564,0.3333333333333333,0.9534883720930232,10.918367346938776,0.001881669207317,0.2475247524752475,2.4615384615384617,0.0001591983251651,0.09375,0.016822429906542,4.5,0.048780487804878,0
37,0xabd80122c21d7515fa68ba3e1a51293516d9b09fc4d5fc9ac907e9eee00fcf67,1,0x417ab2c56f9509c2cc07a1ada72fbb382f662280,0xf51bc4633f5924465c8c6317169faf3e4312e82f,2016-06-07 02:06:01+00:00,150000,20580119634,109764,33882,0.0,59,,38,475,537,0.8845437616387337,41,94,98,0.9591836734693876,25,9,0xabd80122c21d7515fa68ba3e1a51293516d9b09fc4d5fc9ac907e9eee00fcf67,11,2,3,49,42,251904,39,100,584177,4,2.0,1.0,1,2,-0.0369863360727654,2.0502251026084064,2.0788908249026314,2.144163959684114,0.9822846244231904,0.8834991730792896,1.063791756163776,1.6827599553792203,0.0593107146811359,-0.0655603510819285,-0.3727171714768258,1.2738824935261948,2.0847153066025923,2.055357962790452,3.5994663953037977,0.6698164293700288,0.7754489807014339,-0.0637053446128824,-0.1004525536392102,-0.2384087807768838,-0.0523423922590192,0.508277673783588,-1.2467346299197746,0.2995667505498048,-0.3365395172269622,-0.21804234805356,-0.0,0.6897412928725591,0.3333333333333333,0.9534883720930232,10.959183673469388,0.0018856314880609,0.2475247524752475,2.5128205128205128,0.000160909859666,0.1122448979591836,0.0204841713221601,5.5,0.048780487804878,0
38,0x8f1e20dfe61ad16e061961a564790fb29601cd575a9385f4dd0bbc8849efaa95,1,0x417ab2c56f9509c2cc07a1ada72fbb382f662280,0xf51bc4633f5924465c8c6317169faf3e4312e82f,2016-06-07 02:06:01+00:00,150000,20580119634,75882,33882,0.0,58,,39,475,537,0.8845437616387337,41,94,98,0.9591836734693876,25,10,0x8f1e20dfe61ad16e061961a564790fb29601cd575a9385f4dd0bbc8849efaa95,11,2,3,49,42,251904,39,100,584177,4,2.0,1.0,1,2,-0.0369863360727654,2.0502251026084064,2.0788908249026314,2.144163959684114,0.9822846244231904,0.8834991730792896,1.063791756163776,1.673302691201638,0.0593107146811359,-0.0655603510819285,-0.3727171714768258,1.2738824935261948,2.0847153066025923,2.055357962790452,3.5994663953037977,0.6698164293700288,0.7754489807014339,-0.0637053446128824,-0.1004525536392102,-0.2384087807768838,-0.0523423922590192,0.508277673783588,-1.2467346299197746,0.2995667505498048,-0.4029524857932214,-0.21804234805356,-0.0,0.6608425105256578,0.3333333333333333,0.9534883720930232,10.959183673469388,0.0018856314880609,0.2475247524752475,2.5128205128205128,0.000160909859666,0.1122448979591836,0.0204841713221601,5.5,0.048780487804878,0
35,0xe0ac3d8c51af27595009eea9f6271836819793a4757b6a5d1c0227389fe3153f,1,0x417ab2c56f9509c2cc07a1ada72fbb382f662280,0xf51bc4633f5924465c8c6317169faf3e4312e82f,2016-06-07 02:08:11+00:00,300000,20000000000,321000,300000,0.0,61,,36,476,538,0.8847583643122676,41,96,100,0.96,25,11,0xe0ac3d8c51af27595009eea9f6271836819793a4757b6a5d1c0227389fe3153f,12,2,3,49,42,251911,39,100,584184,4,2.0,1.0,1,2,-0.0369863360727654,2.058172174413905,2.085853944841082,2.144163959684114,1.0268716299778848,0.9239673161675844,1.063791756163776,1.692217219556803,0.1477332058147235,-0.0655603510819285,-0.3727171714768258,1.2738824935261948,2.0847153066025923,2.055450949103704,3.5994663953037977,0.6698164293700288,0.7754689406764861,-0.0637053446128824,-0.1004525536392102,-0.2384087807768838,-0.0523423922590192,0.508277673783588,-1.1428114211695335,-0.1641803421344108,0.0775095302927333,0.3702341707916456,-0.0,0.7475388575663617,0.3333333333333333,0.9534883720930232,10.979591836734691,0.0018895487313029,0.2475247524752475,2.5641025641025643,0.0001643315045747,0.12,0.0223048327137546,6.0,0.048780487804878,0
34,0x71a0702c6433dc2a59923b8ba3250fd534ce8ab76c1a1da0906425d860c02094,1,0x417ab2c56f9509c2cc07a1ada72fbb382f662280,0xf51bc4633f5924465c8c6317169faf3e4312e82f,2016-06-07 02:09:44+00:00,300000,20000000000,102623,81623,0.0,62,,35,477,539,0.8849721706864564,41,97,101,0.9603960396039604,25,12,0x71a0702c6433dc2a59923b8ba3250fd534ce8ab76c1a1da0906425d860c02094,13,2,13,49,42,251919,39,100,584192,8,5.0,4.0,1,3,-0.0369863360727654,2.066119246219404,2.092817064779533,2.144163959684114,1.0491651327552318,0.944201387711732,1.063791756163776,1.7016744837343856,0.2361556969483111,-0.0655603510819285,1.319770232499828,1.2738824935261948,2.0847153066025923,2.0555572191759914,3.5994663953037977,0.6698164293700288,0.7754917520765457,1.428528647599277,1.0025164853193187,1.618136192932467,-0.0523423922590192,1.3171021459783412,-1.1428114211695335,-0.1641803421344108,-0.3505367726585087,-0.11250679883784,-0.0,0.7764376399132631,0.0769230769230769,0.9534883720930232,11.0,0.0018934582407113,0.2475247524752475,2.58974358974359,0.0001660410172665,0.1287128712871287,0.0241187384044526,6.5,0.048780487804878,0
33,0x3c64071201fd89a3286172bc184df61121b5476d0baa216f0d68b6e7e0c7c402,1,0x417ab2c56f9509c2cc07a1ada72fbb382f662280,0xf51bc4633f5924465c8c6317169faf3e4312e82f,2016-06-07 02:10:16+00:00,300000,20000000000,1257623,81623,0.0,63,,34,478,540,0.8851851851851852,41,98,102,0.9607843137254902,25,13,0x3c64071201fd89a3286172bc184df61121b5476d0baa216f0d68b6e7e0c7c402,14,2,13,49,42,251923,39,100,584196,8,5.0,4.0,1,3,-0.0369863360727654,2.0740663180249017,2.099780184717983,2.144163959684114,1.0714586355325788,0.9644354592558794,1.063791756163776,1.711131747911968,0.3245781880818987,-0.0655603510819285,1.319770232499828,1.2738824935261948,2.0847153066025923,2.055610354212136,3.5994663953037977,0.6698164293700288,0.7755031577765755,1.428528647599277,1.0025164853193187,1.618136192932467,-0.0523423922590192,1.3171021459783412,-1.1428114211695335,-0.1641803421344108,1.913408056278076,-0.11250679883784,-0.0,0.8053364222601644,0.0769230769230769,0.9534883720930232,11.020408163265309,0.001897397627856,0.2475247524752475,2.6153846153846154,0.0001677516317269,0.1372549019607843,0.0259259259259259,7.0,0.048780487804878,0
32,0x2c7c0e8ea16c2ac815b802771da4c459ac40d990d4d0171ce0857ccabcd502fa,1,0x417ab2c56f9509c2cc07a1ada72fbb382f662280,0xf51bc4633f5924465c8c6317169faf3e4312e82f,2016-06-07 02:11:33+00:00,300000,20000000000,377523,81623,0.0,64,,33,479,541,0.8853974121996303,41,99,103,0.9611650485436892,25,14,0x2c7c0e8ea16c2ac815b802771da4c459ac40d990d4d0171ce0857ccabcd502fa,15,2,13,49,42,251930,39,100,584203,8,5.0,4.0,1,3,-0.0369863360727654,2.0820133898304003,2.106743304656433,2.144163959684114,1.093752138309926,0.9846695308000268,1.063791756163776,1.7205890120895506,0.4130006792154863,-0.0655603510819285,1.319770232499828,1.2738824935261948,2.0847153066025923,2.055703340525388,3.5994663953037977,0.6698164293700288,0.7755231177516276,1.428528647599277,1.0025164853193187,1.618136192932467,-0.0523423922590192,1.3171021459783412,-1.1428114211695335,-0.1641803421344108,0.1883016978823286,-0.11250679883784,-0.0,0.8342352046070658,0.0769230769230769,0.9534883720930232,11.040816326530612,0.0019013142487427,0.2475247524752475,2.641025641025641,0.0001694613525412,0.145631067961165,0.0277264325323475,7.5,0.048780487804878,0
31,0x486e8d940494d477759210fd9c4e6d88f16df9182f657bae950c0997d4af35f3,1,0x417ab2c56f9509c2cc07a1ada72fbb382f662280,0xf51bc4633f5924465c8c6317169faf3e4312e82f,2016-06-07 02:12:36+00:00,300000,20000000000,144623,81623,0.0,65,,32,480,542,0.8856088560885609,41,100,104,0.9615384615384616,25,15,0x486e8d940494d477759210fd9c4e6d88f16df9182f657bae950c0997d4af35f3,16,2,13,49,42,251935,39,100,584208,8,5.0,4.0,1,3,-0.0369863360727654,2.089960461635899,2.113706424594884,2.144163959684114,1.116045641087273,1.0049036023441742,1.063791756163776,1.7300462762671331,0.5014231703490739,-0.0655603510819285,1.319770232499828,1.2738824935261948,2.0847153066025923,2.0557697593205675,3.5994663953037977,0.6698164293700288,0.775537374876665,1.428528647599277,1.0025164853193187,1.618136192932467,-0.0523423922590192,1.3171021459783412,-1.1428114211695335,-0.1641803421344108,-0.2682115061517238,-0.11250679883784,-0.0,0.8631339869539671,0.0769230769230769,0.9534883720930232,11.06122448979592,0.0019052457767051,0.2475247524752475,2.6666666666666665,0.0001711716183763,0.1538461538461538,0.029520295202952,8.0,0.048780487804878,0
23,0x777d166c9b0c12ce3bc33ae38ac5d505c482fdcaff9e760056ea20966286c5ac,1,0xc44f4ab5bc60397c737eb0683391b633f83c48fa,0xf51bc4633f5924465c8c6317169faf3e4312e82f,2016-06-09 12:29:16+00:00,300000,18074862080,140523,140523,0.0,5,,24,511,574,0.8902439024390244,43,5,6,0.8333333333333334,4,16,0x777d166c9b0c12ce3bc33ae38ac5d505c482fdcaff9e760056ea20966286c5ac,1,1,3,51,44,266654,3,134,759508,4,2.0,1.0,1,2,-0.0369863360727654,2.3363196876063506,2.3365262626253,2.3168863123295163,-1.0018371227607,-0.9780354089822736,-0.585487807704057,1.7395035404447157,-0.8249141966547399,-0.6437552545996592,-0.3727171714768258,1.4211474943570817,2.244173154505737,2.251293408571501,-0.6703125130484722,1.1832729019163457,1.2753921786830371,-0.0637053446128824,-0.1004525536392102,-0.2384087807768838,-0.0523423922590192,0.508277673783588,-1.1428114211695335,-1.7031337943048268,-0.2762480202631004,0.0176966709010825,-0.0,-0.8707929538601134,0.3333333333333333,0.9555555555555556,11.254901960784316,0.0019163338396054,0.0296296296296296,2.0,6.583200462404e-06,0.1666666666666666,0.0017421602787456,1.0,0.0232558139534883,0
22,0x6381a82896f36ac19e757b7c467f4e80cda2b8c12796d2a7f973034d3dfd2ec7,1,0x90f011a326b6ecb37284eb5e2113d71228d0187f,0xf51bc4633f5924465c8c6317169faf3e4312e82f,2016-06-09 12:48:38+00:00,300000,20000000000,487299,60637,0.0,52,,23,512,577,0.8873483535528596,43,46,58,0.7931034482758621,10,17,0x6381a82896f36ac19e757b7c467f4e80cda2b8c12796d2a7f973034d3dfd2ec7,21,4,17,51,44,266731,8,33,197439,9,8.0,4.0,1,3,-0.0369863360727654,2.3442667594118487,2.3574156224406515,2.3168863123295163,-0.0878035088894695,0.0741363113133926,-0.1142650751703904,1.7489608046222982,0.9435356260170118,1.090829455953533,1.9967651940904891,1.4211474943570817,2.244173154505737,2.2523162580172738,-0.0772876646662124,-0.3419948547653607,-0.3273054238306188,1.8015871456523165,2.105485524277848,1.618136192932467,-0.0523423922590192,1.3171021459783412,-1.1428114211695335,-0.1641803421344108,0.4034764230263482,-0.1588981403648524,-0.0,0.4874498164442497,0.0588235294117647,0.9555555555555556,11.31372549019608,0.0019195297152197,0.2941176470588235,7.25,0.000232982171799,0.3620689655172414,0.0363951473136915,5.25,0.0930232558139534,0
21,0xab1c8457aabd7a7c3a164e8ec877ffc906a9e32117c52ec37f04236566104b46,1,0x90f011a326b6ecb37284eb5e2113d71228d0187f,0xf51bc4633f5924465c8c6317169faf3e4312e82f,2016-06-09 12:49:01+00:00,300000,20000000000,107426,86426,0.0,53,,22,513,578,0.8875432525951558,43,47,59,0.7966101694915254,10,18,0xab1c8457aabd7a7c3a164e8ec877ffc906a9e32117c52ec37f04236566104b46,22,4,17,51,44,266732,8,33,197440,9,8.0,4.0,1,3,-0.0369863360727654,2.3522138312173477,2.364378742379102,2.3168863123295163,-0.0655100061121224,0.09437038285754,-0.1142650751703904,1.7584180687998807,1.0319581171505994,1.090829455953533,1.9967651940904891,1.4211474943570817,2.244173154505737,2.2523295417763096,-0.0772876646662124,-0.3419948547653607,-0.3273025724056114,1.8015871456523165,2.105485524277848,1.618136192932467,-0.0523423922590192,1.3171021459783412,-1.1428114211695335,-0.1641803421344108,-0.3411222903958399,-0.1018893580032722,-0.0,0.516348598791151,0.0588235294117647,0.9555555555555556,11.333333333333334,0.0019232715861929,0.2941176470588235,7.375,0.0002380457959592,0.3728813559322034,0.0380622837370242,5.5,0.0930232558139534,0
18,0xc0b9fac79714f65630e622174e2c654ec665d21441608a51d2a1946f8e83ed2b,1,0x26bdce6e4ea9afd060049993ed11f153eb1e322f,0xf51bc4633f5924465c8c6317169faf3e4312e82f,2016-06-09 14:14:37+00:00,300000,20000000000,218735,50735,0.0,42,,19,515,581,0.8864027538726333,43,50,50,1.0,11,19,0xc0b9fac79714f65630e622174e2c654ec665d21441608a51d2a1946f8e83ed2b,10,6,13,51,44,267131,6,40,241357,8,5.0,4.0,1,3,-0.0369863360727654,2.3681079748283445,2.3852681021944533,2.3168863123295163,0.0013705022199188,-0.0877362610397867,-0.035727953081446,1.7678753329774632,-0.0291117764524515,2.2472192629889944,1.319770232499828,1.4211474943570817,2.244173154505737,2.257629761631675,-0.3144976040191163,-0.2362832280646483,-0.2020765403533327,1.428528647599277,1.0025164853193187,1.618136192932467,-0.0523423922590192,1.3171021459783412,-1.1428114211695335,-0.1641803421344108,-0.1229426930243227,-0.1807873552605199,-0.0,0.1984619929752362,0.0769230769230769,0.9555555555555556,11.392156862745098,0.0019278858392105,0.2682926829268293,8.333333333333334,0.0002071611465126,0.2,0.0172117039586919,1.6666666666666667,0.1395348837209302,0
15,0x5a950c328734a9baafb8f62cdca409e0c308fdad84a874eeb26d155985310e41,1,0x26bdce6e4ea9afd060049993ed11f153eb1e322f,0xf51bc4633f5924465c8c6317169faf3e4312e82f,2016-06-09 14:22:46+00:00,300000,20000000000,71735,50735,0.0,45,,16,516,582,0.8865979381443299,43,54,54,1.0,11,20,0x5a950c328734a9baafb8f62cdca409e0c308fdad84a874eeb26d155985310e41,11,6,13,51,44,267158,6,40,241384,8,5.0,4.0,1,3,-0.0369863360727654,2.3760550466338426,2.392231222132904,2.3168863123295163,0.0905445133293071,-0.006799974863197,-0.035727953081446,1.7773325971550458,0.0593107146811359,2.2472192629889944,1.319770232499828,1.4211474943570817,2.244173154505737,2.257988423125647,-0.3144976040191163,-0.2362832280646483,-0.2019995518781314,1.428528647599277,1.0025164853193187,1.618136192932467,-0.0523423922590192,1.3171021459783412,-1.1428114211695335,-0.1641803421344108,-0.4110811257980699,-0.1807873552605199,-0.0,0.2851583400159403,0.0769230769230769,0.9555555555555556,11.411764705882351,0.0019314340898116,0.2682926829268293,9.0,0.0002237090125732,0.2037037037037037,0.0189003436426116,1.8333333333333333,0.1395348837209302,0
12,0x5c55f220adc40c027d1bb4535f8f0322cd32c7b2843df98f923064e974789d96,1,0x26bdce6e4ea9afd060049993ed11f153eb1e322f,0xf51bc4633f5924465c8c6317169faf3e4312e82f,2016-06-09 14:30:12+00:00,300000,20000000000,273561,140459,0.0,48,,13,517,583,0.8867924528301887,43,58,58,1.0,11,21,0x5c55f220adc40c027d1bb4535f8f0322cd32c7b2843df98f923064e974789d96,12,6,3,51,44,267183,6,40,241409,4,2.0,1.0,1,2,-0.0369863360727654,2.384002118439341,2.3991943420713544,2.3168863123295163,0.1797185244386955,0.0741363113133926,-0.035727953081446,1.7867898613326283,0.1477332058147235,2.2472192629889944,-0.3727171714768258,1.4211474943570817,2.244173154505737,2.2583205171015472,-0.3144976040191163,-0.2362832280646483,-0.2019282662529451,-0.0637053446128824,-0.1004525536392102,-0.2384087807768838,-0.0523423922590192,0.508277673783588,-1.1428114211695335,-0.1641803421344108,-0.0154768582266801,0.0175551934466973,-0.0,0.3718546870566443,0.3333333333333333,0.9555555555555556,11.431372549019608,0.0019349961075513,0.2682926829268293,9.666666666666666,0.0002402551675572,0.2068965517241379,0.0205831903945111,2.0,0.1395348837209302,0
