index,transaction_hash,trace_involved_amt,from_address,to_address,block_timestamp,contract_block_involved,contract_tx_count,contract_block_per_tx,contract_main_active_days,sender_block_involved,sender_tx_count,sender_block_per_tx,sender_main_active_days,contract_interact,add_feat_hash,sender_tx_count_call_contract,sender_days_call_contract,trace_amt,distinct_sender_in_contract,contract_lifetime_days,contract_lifetime_block,distinct_contract_sender_called,sender_lifetime_days,sender_lifetime_block,contract_involved_amt,max_breadth,depth,distinct_was_called_in_sample,distinct_sender_call_in_sample,gas,gas_price,receipt_cumulative_gas_used,receipt_gas_used,value,nonce,transaction_type,z_trace_involved_amt,z_contract_block_involved,z_contract_tx_count,z_contract_main_active_days,z_sender_block_involved,z_sender_tx_count,z_sender_main_active_days,z_contract_interact,z_sender_tx_count_call_contract,z_sender_days_call_contract,z_trace_amt,z_distinct_sender_in_contract,z_contract_lifetime_days,z_contract_lifetime_block,z_distinct_contract_sender_called,z_sender_lifetime_days,z_sender_lifetime_block,z_contract_involved_amt,z_max_breadth,z_depth,z_distinct_was_called_in_sample,z_distinct_sender_call_in_sample,z_gas,z_gas_price,z_receipt_cumulative_gas_used,z_receipt_gas_used,z_value,z_nonce,involved_trace_ratio,contract_active_day_ratio,tx_count_per_distinct_caller,contract_block_ratio,sender_active_day_ratio,sender_tx_count_per_contract,sender_block_ratio,tx_sender_call_contract,sender_call_contract_tx_ratio,sender_tx_count_call_contract_per_days,sender_call_contract_day_ratio,is_sus
49,0xa64dc66815c127125c5813cc31c95f160bc773d9e0f0b5bec766c2a7da1fa321,1,0x391473f3e818e4b81ab0d1c58b7f5e827b780a86,0x46161158b1947d9149e066d6d31af1283b2d377c,2022-10-20 01:02:59+00:00,4,4,1.0,3,247,248,0.995967741935484,35,1,0xa64dc66815c127125c5813cc31c95f160bc773d9e0f0b5bec766c2a7da1fa321,1,1,26,3,3,21274,39,148,946212,9,5,4,1,5,187534,39584719249,16930578,182963,0.0,238,2,-0.3886962194999266,-0.6188369856268453,-0.6188369856268453,-0.5818486916079758,-0.5494552276584249,-0.5606534082651446,-0.6576576576576577,-0.8322104367697224,-0.5875418959121594,-0.5464307572219582,-0.3517824471584811,-0.7012494219947709,-0.7057615139379293,-0.7075474486025862,-0.4424778741177279,-0.4019835681537846,-0.4062485997229473,-0.4217404735605062,-0.3848715345266611,-0.0846288436748181,-0.3172206342872574,0.9614444456192744,-0.5494771203459874,0.3650881273702597,1.4051580602059377,-0.4343661256942687,0.0,-0.5541747560913303,0.0384615384615384,0.75,1.3333333333333333,0.0001880141010575,0.2348993288590604,6.358974358974359,0.0002610405902265,0.0040322580645161,0.25,1.0,0.3333333333333333,0
48,0xa96d4a93d16040ef3d86eae6ba40b24de23954158f2838f832e51c2966a2f476,1,0x391473f3e818e4b81ab0d1c58b7f5e827b780a86,0x46161158b1947d9149e066d6d31af1283b2d377c,2022-10-20 01:04:35+00:00,5,5,1.0,3,248,249,0.9959839357429718,35,2,0xa96d4a93d16040ef3d86eae6ba40b24de23954158f2838f832e51c2966a2f476,2,1,2,3,3,21282,39,148,946220,3,2,1,1,1,57631,33042999336,6989873,52697,0.0,239,2,-0.3886962194999266,-0.605976699142497,-0.605976699142497,-0.5818486916079758,-0.546854871635432,-0.558249646439278,-0.6576576576576577,-0.5902887981738729,-0.5175964321130928,-0.5464307572219582,-0.5129041786814496,-0.7012494219947709,-0.7057615139379293,-0.7073968409016523,-0.4424778741177279,-0.4019835681537846,-0.4062458765655933,-1.7127827395620554,-0.5658456103228967,-1.671419662577657,-0.3172206342872574,-1.6370540560544402,-0.8545981512729572,0.115388221875447,-0.2792816270492859,-0.7506960264572178,0.0,-0.5517132887550447,0.5,0.75,1.6666666666666667,0.0002349292862848,0.2348993288590604,6.384615384615385,0.0002620952187702,0.0080321285140562,0.4,2.0,0.3333333333333333,0
46,0xa7a6c4df1314087db7b11091c8925eb4f3ab947b247d0bb32a1a92d4bd47c9cd,1,0x05b0e0b39309bd0ffe8700cd91dee76ebb1394ee,0x46161158b1947d9149e066d6d31af1283b2d377c,2022-10-20 01:18:35+00:00,6,6,1.0,3,393,399,0.9849624060150376,108,3,0xa7a6c4df1314087db7b11091c8925eb4f3ab947b247d0bb32a1a92d4bd47c9cd,2,2,2,3,3,21352,62,1632,10241281,3,2,1,1,1,57631,20201676724,9746652,52697,0.0,369,2,-0.3886962194999266,-0.5931164126581485,-0.5931164126581485,-0.5818486916079758,-0.1698032483014441,-0.1976853725592758,0.4030804998546933,-0.3483671595780234,-0.5175964321130928,-0.3362650813673589,-0.5129041786814496,-0.7012494219947709,-0.7057615139379293,-0.7060790235184804,-0.0876316012897035,2.767075160810391,2.757743338143484,-1.7127827395620554,-0.5658456103228967,-1.671419662577657,-0.3172206342872574,-1.6370540560544402,-0.8545981512729572,-0.3747698841407925,0.187851031710004,-0.7506960264572178,0.0,-0.2317225350379223,0.5,0.75,2.0,0.0002809909614574,0.0661359461114513,6.435483870967742,3.8374101992309166e-05,0.0050125313283208,0.3333333333333333,1.0,0.6666666666666666,0
44,0x8707831b6c18a1b1ec638fba33fb7d78d4efa04c7dc7ea72b5287dee97c03883,1,0x11d67fa925877813b744abc0917900c2b1d6eb81,0x46161158b1947d9149e066d6d31af1283b2d377c,2022-10-20 02:00:23+00:00,7,7,1.0,3,925,977,0.946775844421699,186,4,0x8707831b6c18a1b1ec638fba33fb7d78d4efa04c7dc7ea72b5287dee97c03883,1,1,26,4,3,21560,184,284,1817515,9,5,4,1,5,187534,19388784326,14713377,182963,0.0,940,2,-0.3886962194999266,-0.5802561261738002,-0.5802561261738002,-0.5818486916079758,1.213586155930842,1.1916889627916656,1.5364719558267943,-0.1064455209821738,-0.5875418959121594,-0.5464307572219582,-0.3517824471584811,-0.6471406702976435,-0.7057615139379293,-0.702163223294198,1.7945964545806865,-0.1115577008093588,-0.1096617032255856,-0.4217404735605062,-0.3848715345266611,-0.0846288436748181,-0.3172206342872574,0.9614444456192744,-0.5494771203459874,-0.4057982922135201,1.0294562001243872,-0.4343661256942687,0.0,1.1737753139811309,0.0384615384615384,0.75,1.75,0.0003246602662214,0.6526315789473685,5.309782608695652,0.0005089363724996,0.0010235414534288,0.1428571428571428,1.0,0.3333333333333333,0
43,0x0d7ec42a41ca718b81a9830382495c1b738e95b562b24ca97ef691d3175832c5,1,0x11d67fa925877813b744abc0917900c2b1d6eb81,0x46161158b1947d9149e066d6d31af1283b2d377c,2022-10-20 02:02:59+00:00,8,8,1.0,3,926,978,0.9468302658486708,186,5,0x0d7ec42a41ca718b81a9830382495c1b738e95b562b24ca97ef691d3175832c5,2,1,2,4,3,21572,184,284,1817527,3,2,1,1,1,57631,19229564986,5102108,52697,0.0,941,2,-0.3886962194999266,-0.5673958396894517,-0.5673958396894517,-0.5818486916079758,1.216186511953835,1.1940927246175324,1.5364719558267943,0.1354761176136756,-0.5175964321130928,-0.5464307572219582,-0.5129041786814496,-0.6471406702976435,-0.7057615139379293,-0.7019373117427972,1.7945964545806865,-0.1115577008093588,-0.1096576184895546,-1.7127827395620554,-0.5658456103228967,-1.671419662577657,-0.3172206342872574,-1.6370540560544402,-0.8545981512729572,-0.4118757542081768,-0.599160980295495,-0.7506960264572178,0.0,1.1762367813174164,0.5,0.75,2.0,0.0003708339127613,0.6526315789473685,5.315217391304348,0.0005094832101623,0.0020449897750511,0.25,2.0,0.3333333333333333,0
38,0x1a848c5ec11515d78abfe39d79ada2fa63af1c48073b3ad9d67a9934d14dc471,1,0x05b0e0b39309bd0ffe8700cd91dee76ebb1394ee,0x46161158b1947d9149e066d6d31af1283b2d377c,2022-10-20 03:33:35+00:00,9,9,1.0,3,398,404,0.9851485148514852,108,6,0x1a848c5ec11515d78abfe39d79ada2fa63af1c48073b3ad9d67a9934d14dc471,3,2,22,4,3,22019,64,1632,10241948,13,5,4,1,7,183119,17122825655,13130726,173716,0.0,374,2,-0.3886962194999266,-0.5545355532051033,-0.5545355532051033,-0.5818486916079758,-0.156801468186479,-0.1856665634299424,0.4030804998546933,0.3773977562095251,-0.4476509683140262,-0.3362650813673589,-0.3786360690789758,-0.6471406702976435,-0.7057615139379293,-0.6935221064531134,-0.056775403652484,2.767075160810391,2.7579703813878704,0.4389543704405265,-0.3848715345266611,-0.0846288436748181,-0.3172206342872574,2.260693696456132,-0.559847237676169,-0.4922907855529932,0.7612780220701982,-0.4568209688026391,0.0,-0.2194151983564945,0.0454545454545454,0.75,2.25,0.000408719346049,0.0661359461114513,6.3125,3.885979123699991e-05,0.0074257425742574,0.3333333333333333,1.5,0.6666666666666666,0
34,0xe2d56644a4d766123833d8519e31e0b5e0d197d689f1c0e5ad7cd0532186ea3d,1,0x1b04d574d4a3d57fb724848937a926aa21c59271,0x46161158b1947d9149e066d6d31af1283b2d377c,2022-10-21 07:39:59+00:00,10,10,1.0,4,94,94,1.0,22,7,0xe2d56644a4d766123833d8519e31e0b5e0d197d689f1c0e5ad7cd0532186ea3d,1,1,26,5,4,30417,17,94,622564,9,5,4,1,5,562602,29679472319,680430,182963,0.0,71,0,-0.3886962194999266,-0.5416752667207549,-0.5416752667207549,-0.4483971568355043,-0.9473096991763568,-0.9308327294486136,-0.8465562336530078,0.6193193948053747,-0.5875418959121594,-0.5464307572219582,-0.3517824471584811,-0.5930319186005162,-0.5689860267406561,-0.5354216723977138,-0.7818960481271424,-0.5172997213640713,-0.5164166536348219,-0.4217404735605062,-0.3848715345266611,-0.0846288436748181,-0.3172206342872574,0.9614444456192744,0.3314966433678352,-0.0129988673677222,-1.3484086350104576,-0.4343661256942687,0.0,-0.9652398012510184,0.0384615384615384,0.8,2.0,0.0003287527122098,0.231578947368421,5.529411764705882,0.0001509882502228,0.0106382978723404,0.1,1.0,0.25,0
33,0x493578d1169f1a6241e51f0a778b4033baa089b78b2fbb22c92c2849f60d8e35,1,0x1b04d574d4a3d57fb724848937a926aa21c59271,0x46161158b1947d9149e066d6d31af1283b2d377c,2022-10-21 07:44:23+00:00,11,11,1.0,4,95,95,1.0,22,8,0x493578d1169f1a6241e51f0a778b4033baa089b78b2fbb22c92c2849f60d8e35,2,1,2,5,4,30438,17,94,622585,3,2,1,1,1,172893,27608516869,537947,52697,0.0,72,0,-0.3886962194999266,-0.5288149802364065,-0.5288149802364065,-0.4483971568355043,-0.944709343153364,-0.9284289676227468,-0.8465562336530078,0.8612410334012242,-0.5175964321130928,-0.5464307572219582,-0.5129041786814496,-0.5930319186005162,-0.5689860267406561,-0.5350263271827622,-0.7818960481271424,-0.5172997213640713,-0.5164095053467678,-1.7127827395620554,-0.5658456103228967,-1.671419662577657,-0.3172206342872574,-1.6370540560544402,-0.5838664494130741,-0.0920480145379225,-1.3725521962527625,-0.7506960264572178,0.0,-0.9627783339147328,0.5,0.8,2.2,0.0003613784946943,0.231578947368421,5.588235294117647,0.0001525893611484,0.0210526315789473,0.1818181818181818,2.0,0.25,0
29,0x688a436916e8eaac4b86549cd630a8731c649091d4f0076fadd13401f7fa3116,1,0xd178f2d93b92ac47cf51a899463eca8acc37a8d5,0x46161158b1947d9149e066d6d31af1283b2d377c,2022-10-23 13:38:59+00:00,12,12,1.0,5,1061,1157,0.9170267934312878,142,9,0x688a436916e8eaac4b86549cd630a8731c649091d4f0076fadd13401f7fa3116,1,1,2,6,6,46533,72,607,3895964,3,2,1,1,1,57631,25161939467,6761453,52697,0.0,1134,2,-0.3886962194999266,-0.515954693752058,-0.515954693752058,-0.3149456220630328,1.5672345750578929,1.6243660914476683,0.8971229293809937,1.1031626719970735,-0.5875418959121594,-0.5464307572219582,-0.5129041786814496,-0.5389231669033888,-0.2954350523461099,-0.2320224588662989,0.066649386896394,0.5782037341336523,0.5978312566724577,-1.7127827395620554,-0.5658456103228967,-1.671419662577657,-0.3172206342872574,-1.6370540560544402,-0.8545981512729572,-0.1854347926619929,-0.3179871025022682,-0.7506960264572178,0.0,1.6512999772205288,0.5,0.7142857142857143,2.0,0.0002578759616624,0.2335526315789473,16.069444444444443,0.0002723330420062,0.0008643042350907,0.0833333333333333,1.0,0.2,0
26,0xd8a390c00105092cd74ff4709dc7b0ed03e7c9c056e76654ffda3d93469317eb,1,0xd178f2d93b92ac47cf51a899463eca8acc37a8d5,0x46161158b1947d9149e066d6d31af1283b2d377c,2022-10-23 13:43:47+00:00,13,13,1.0,5,1064,1160,0.9172413793103448,142,10,0xd8a390c00105092cd74ff4709dc7b0ed03e7c9c056e76654ffda3d93469317eb,2,1,22,6,6,46557,73,607,3895988,13,5,4,1,7,183107,19405991784,8915143,173704,0.0,1137,2,-0.3886962194999266,-0.5030944072677097,-0.5030944072677097,-0.3149456220630328,1.5750356431268715,1.6315773769252682,0.8971229293809937,1.345084310592923,-0.5175964321130928,-0.5464307572219582,-0.3786360690789758,-0.5389231669033888,-0.2954350523461099,-0.2315706357634971,0.0820774857150037,0.5782037341336523,0.5978394261445197,0.4389543704405265,-0.3848715345266611,-0.0846288436748181,-0.3172206342872574,2.260693696456132,-0.5598754237255376,-0.4051414770802602,0.0469529002485128,-0.4568501088607445,0.0,1.6586843792293855,0.0454545454545454,0.7142857142857143,2.1666666666666665,0.0002792216160487,0.2335526315789473,15.89041095890411,0.0002731013870932,0.0017241379310344,0.1538461538461538,2.0,0.2,0
23,0xd8df37eabf8de671dd8172ca636a2a5f26d77574ec92e08b9d56e52003ec818c,1,0x9ecf82bf1fe738fe5e41ab46f38e37781cbfb349,0x46161158b1947d9149e066d6d31af1283b2d377c,2022-10-23 14:26:23+00:00,14,14,1.0,5,430,430,1.0,60,11,0xd8df37eabf8de671dd8172ca636a2a5f26d77574ec92e08b9d56e52003ec818c,1,1,2,7,6,46770,69,156,997729,3,2,1,1,1,57631,15369637874,5463570,52697,0.0,419,2,-0.3886962194999266,-0.4902341207833612,-0.4902341207833612,-0.3149456220630328,-0.0735900754507024,-0.1231687559574087,-0.2943911653589073,1.5870059491887727,-0.5875418959121594,-0.5464307572219582,-0.5129041786814496,-0.4848144152062614,-0.2954350523461099,-0.2275607057261311,0.0203650904405647,-0.3848996936041125,-0.3887124875474416,-1.7127827395620554,-0.5658456103228967,-1.671419662577657,-0.3172206342872574,-1.6370540560544402,-0.8545981512729572,-0.5592106214757148,-0.5379117089173938,-0.7506960264572178,0.0,-0.1086491682236444,0.5,0.7142857142857143,2.0,0.0002993307818947,0.3821656050955414,6.231884057971015,0.0004309783207881,0.0023255813953488,0.0714285714285714,1.0,0.2,0
21,0x7d7de4597f9c43d6329062d724a0d8da47602f9e869f2fd56a847067b646e36f,1,0x9ecf82bf1fe738fe5e41ab46f38e37781cbfb349,0x46161158b1947d9149e066d6d31af1283b2d377c,2022-10-24 08:46:23+00:00,15,15,1.0,6,445,445,1.0,61,12,0x7d7de4597f9c43d6329062d724a0d8da47602f9e869f2fd56a847067b646e36f,2,2,26,7,7,52233,70,157,1003192,9,5,4,1,5,187522,11638958622,5039486,182951,0.0,434,2,-0.3886962194999266,-0.4773738342990128,-0.4773738342990128,-0.1814940872905613,-0.0345847351058071,-0.0871123285694085,-0.2798605056669573,1.828927587784622,-0.5175964321130928,-0.3362650813673589,-0.3517824471584811,-0.4848144152062614,-0.1586595651488368,-0.1247144719508693,0.0357931892591745,-0.3827642092854035,-0.3868529114693551,-0.4217404735605062,-0.3848715345266611,-0.0846288436748181,-0.3172206342872574,0.9614444456192744,-0.549505306395356,-0.7016120493944857,-0.6097721977187358,-0.4343952657523741,0.0,-0.0717271581793611,0.0384615384615384,0.75,2.142857142857143,0.0002871692767163,0.3860759493670886,6.357142857142857,0.0004435836374456,0.0044943820224719,0.1333333333333333,1.0,0.3333333333333333,0
5,0x390def749b71f516d8bf4329a4cb07bb3568a3627c25e607556621182a17f1f9,5,0x14c19962e4a899f29b3dd9ff52ebfb5e4cb9a067,0x6cfa86a352339e766ff1ca119c8c40824f41f22d,2022-11-10 19:21:59+00:00,2,2,1.0,1,4,4,1.0,1,1,0x390def749b71f516d8bf4329a4cb07bb3568a3627c25e607556621182a17f1f9,2,1,138,1,0,23,1,0,27,17,12,11,4,5,689710,25142654613,9210346,640467,0.0,2,2,0.0530040299318082,-0.6445575585955422,-0.6445575585955422,-0.848751761152919,-1.1813417412457283,-1.1471712937766148,-1.151700087183958,-1.5579753525572708,-0.5175964321130928,-0.5464307572219582,0.4001189666153715,-0.8094669253890256,-1.1160879755297486,-1.1076179801709714,-1.0287456292248984,-0.7180352473227186,-0.728324929842729,1.2996492144415592,0.0374013089978886,3.617883067098473,5.630666258598821,0.9614444456192744,0.6300526736293786,-0.186170902780635,0.0969746692273532,0.676608302926033,0.0,-1.1350810474547215,0.036231884057971,1.0,2.0,0.0833333333333333,1.0,4.0,0.1428571428571428,0.5,1.0,2.0,1.0,1
4,0x6bfd9e286e37061ed279e4f139fbc03c8bd707a2cdd15f7260549052cbba79b7,5,0x14c19962e4a899f29b3dd9ff52ebfb5e4cb9a067,0x6cfa86a352339e766ff1ca119c8c40824f41f22d,2022-11-10 19:27:59+00:00,5,5,1.0,1,10,10,1.0,1,2,0x6bfd9e286e37061ed279e4f139fbc03c8bd707a2cdd15f7260549052cbba79b7,5,1,94,1,0,53,3,0,57,14,12,7,2,1,412332,24767197621,6529254,375210,0.0,8,2,0.0530040299318082,-0.605976699142497,-0.605976699142497,-0.848751761152919,-1.1657396051077704,-1.1327487228214146,-1.151700087183958,-1.3160537139614217,-0.307760040715893,-0.5464307572219582,0.1047291254899294,-0.8094669253890256,-1.1160879755297486,-1.1070532012924692,-0.9978894315876792,-0.7180352473227186,-0.7283147180026516,0.6541280814407847,0.0374013089978886,1.5021619752280206,1.6654083300081022,-1.6370540560544402,-0.0214631598499176,-0.2005022371493625,-0.3573329246487835,0.0324746035211417,0.0,-1.1203122434370083,0.0531914893617021,1.0,5.0,0.0925925925925925,1.0,3.333333333333333,0.1724137931034483,0.5,1.0,5.0,1.0,1
3,0xc5a8f6d30b22d46f3e5f13e67b5044547f1c11e04a029bbd6baba4ced6bcc9ec,5,0x14c19962e4a899f29b3dd9ff52ebfb5e4cb9a067,0x6cfa86a352339e766ff1ca119c8c40824f41f22d,2022-11-10 19:29:23+00:00,6,6,1.0,1,11,11,1.0,1,3,0xc5a8f6d30b22d46f3e5f13e67b5044547f1c11e04a029bbd6baba4ced6bcc9ec,6,1,94,1,0,60,3,0,64,14,12,7,2,1,412332,22738301103,8999252,375210,0.0,9,2,0.0530040299318082,-0.5931164126581485,-0.5931164126581485,-0.848751761152919,-1.1631392490847774,-1.130344960995548,-1.151700087183958,-1.074132075365572,-0.2378145769168264,-0.5464307572219582,0.1047291254899294,-0.8094669253890256,-1.1160879755297486,-1.106921419554152,-0.9978894315876792,-0.7180352473227186,-0.7283123352399669,0.6541280814407847,0.0374013089978886,1.5021619752280206,1.6654083300081022,-1.6370540560544402,-0.0214631598499176,-0.2779459790919954,0.0612050622083888,0.0324746035211417,0.0,-1.1178507761007228,0.0531914893617021,1.0,6.0,0.0983606557377049,1.0,3.6666666666666665,0.1692307692307692,0.5454545454545454,1.0,6.0,1.0,1
2,0x0249d39723c2a69308ce43b11f37a2687b79d4077a7defcc34dc56f71fb4abb9,5,0x14c19962e4a899f29b3dd9ff52ebfb5e4cb9a067,0x6cfa86a352339e766ff1ca119c8c40824f41f22d,2022-11-10 19:31:47+00:00,7,7,1.0,1,12,12,1.0,1,4,0x0249d39723c2a69308ce43b11f37a2687b79d4077a7defcc34dc56f71fb4abb9,7,1,94,1,0,72,3,0,76,14,12,7,2,1,412332,24460135579,6148290,375210,0.0,10,2,0.0530040299318082,-0.5802561261738002,-0.5802561261738002,-0.848751761152919,-1.1605388930617844,-1.1279411991696813,-1.151700087183958,-0.8322104367697224,-0.1678691131177598,-0.5464307572219582,0.1047291254899294,-0.8094669253890256,-1.1160879755297486,-1.1066955080027512,-0.9978894315876792,-0.7180352473227186,-0.728308250503936,0.6541280814407847,0.0374013089978886,1.5021619752280206,1.6654083300081022,-1.6370540560544402,-0.0214631598499176,-0.2122229105942888,-0.4218867848644824,0.0324746035211417,0.0,-1.115389308764437,0.0531914893617021,1.0,7.0,0.0958904109589041,1.0,4.0,0.1558441558441558,0.5833333333333334,1.0,7.0,1.0,1
1,0x52c53c5a2ae3082b8765dd5924d6ad0dc704223f6d0c98325a1b9ccd9d134ef7,5,0x14c19962e4a899f29b3dd9ff52ebfb5e4cb9a067,0x6cfa86a352339e766ff1ca119c8c40824f41f22d,2022-11-10 19:32:11+00:00,8,8,1.0,1,13,13,1.0,1,5,0x52c53c5a2ae3082b8765dd5924d6ad0dc704223f6d0c98325a1b9ccd9d134ef7,8,1,94,1,0,74,3,0,78,14,12,7,2,1,412332,23834038926,5304540,375210,0.0,11,2,0.0530040299318082,-0.5673958396894517,-0.5673958396894517,-0.848751761152919,-1.1579385370387911,-1.1255374373438147,-1.151700087183958,-0.5902887981738729,-0.0979236493186932,-0.5464307572219582,0.1047291254899294,-0.8094669253890256,-1.1160879755297486,-1.1066578560775175,-0.9978894315876792,-0.7180352473227186,-0.7283075697145974,0.6541280814407847,0.0374013089978886,1.5021619752280206,1.6654083300081022,-1.6370540560544402,-0.0214631598499176,-0.2361212549385705,-0.5648591380448247,0.0324746035211417,0.0,-1.1129278414281518,0.0531914893617021,1.0,8.0,0.1066666666666666,1.0,4.333333333333333,0.1645569620253164,0.6153846153846154,1.0,8.0,1.0,1
0,0x86b43f0ec7f8893b7cedfdc98ecfa64e47d20d6d4ceac26c22263aa4c23a19a0,5,0x14c19962e4a899f29b3dd9ff52ebfb5e4cb9a067,0x6cfa86a352339e766ff1ca119c8c40824f41f22d,2022-11-10 19:32:47+00:00,9,9,1.0,1,14,14,1.0,1,6,0x86b43f0ec7f8893b7cedfdc98ecfa64e47d20d6d4ceac26c22263aa4c23a19a0,9,1,94,1,0,77,3,0,81,14,12,7,2,1,420744,23167610784,3799380,383622,0.0,12,2,0.0530040299318082,-0.5545355532051033,-0.5545355532051033,-0.848751761152919,-1.1553381810157983,-1.123133675517948,-1.151700087183958,-0.3483671595780234,-0.0279781855196266,-0.5464307572219582,0.1047291254899294,-0.8094669253890256,-1.1160879755297486,-1.1066013781896673,-0.9978894315876792,-0.7180352473227186,-0.7283065485305897,0.6541280814407847,0.0374013089978886,1.5021619752280206,1.6654083300081022,-1.6370540560544402,-0.0017047392425593,-0.2615590673624549,-0.8199065657342162,0.0529017842530129,0.0,-1.110466374091866,0.0531914893617021,1.0,9.0,0.1153846153846153,1.0,4.666666666666667,0.1707317073170731,0.6428571428571429,1.0,9.0,1.0,1
37,0x4b47db1276d9ad07094bd4f0a6e6e9e986cced7a28184a951130d2eec12daee9,1,0x05b0e0b39309bd0ffe8700cd91dee76ebb1394ee,0xa06943f16e0bcd73025807428c0ab1088575f1b7,2022-10-20 03:38:59+00:00,19,19,1.0,4,400,406,0.9852216748768472,108,1,0x4b47db1276d9ad07094bd4f0a6e6e9e986cced7a28184a951130d2eec12daee9,2,2,36,11,3,21564,64,1632,10241975,15,7,5,1,4,332588,19570834101,2210592,266071,0.0,376,2,-0.3886962194999266,-0.4259326883616192,-0.4259326883616192,-0.4483971568355043,-0.151600756140493,-0.180859039778209,0.4030804998546933,-1.074132075365572,-0.5175964321130928,-0.3362650813673589,-0.2846483923572442,-0.2683794084177519,-0.7057615139379293,-0.7020879194437311,-0.056775403652484,2.767075160810391,2.75797957204394,0.8693017924410429,-0.264222150662504,0.4443014292927948,-0.3172206342872574,0.3118198202008457,-0.2087688532537673,-0.3988493839420858,-1.0891246505516263,-0.2325517966091109,0.0,-0.2144922636839234,0.0277777777777777,1.0,1.7272727272727273,0.0008810572687224,0.0661359461114513,6.34375,3.90549636124904e-05,0.0049261083743842,0.1052631578947368,1.0,0.5,0
25,0x610623426d5d50bd52af4448f61435de2d0b7db5c389d93e7efcc5f7306c4de4,1,0xd178f2d93b92ac47cf51a899463eca8acc37a8d5,0xa06943f16e0bcd73025807428c0ab1088575f1b7,2022-10-23 13:45:35+00:00,58,58,1.0,7,1066,1162,0.9173838209982788,142,2,0x610623426d5d50bd52af4448f61435de2d0b7db5c389d93e7efcc5f7306c4de4,1,1,36,24,6,46084,75,607,3895997,15,7,5,1,4,332588,18131507095,9253923,266071,0.0,1139,2,-0.3886962194999266,0.0756184845279686,0.0756184845279686,-0.0480425525180897,1.5802363551728578,1.6363849005770017,0.8971229293809937,-0.8322104367697224,-0.5875418959121594,-0.5464307572219582,-0.2846483923572442,0.4350343636449041,-0.2954350523461099,-0.2404753160812161,0.1129336833522233,0.5782037341336523,0.5978424896965429,0.8693017924410429,-0.264222150662504,0.4443014292927948,-0.3172206342872574,0.3118198202008457,-0.2087688532537673,-0.4537890362283471,0.1043587358756966,-0.2325517966091109,0.0,1.6636073139019565,0.0277777777777777,1.0,2.4166666666666665,0.0012585439947922,0.2335526315789473,15.493333333333334,0.0002736141034979,0.0008605851979345,0.0172413793103448,1.0,0.1428571428571428,0
18,0x2207812896997e0e128c9a04805e8e625e13a3303b3d4fa578a78d89205b6dee,1,0x11d67fa925877813b744abc0917900c2b1d6eb81,0xa06943f16e0bcd73025807428c0ab1088575f1b7,2022-10-26 02:15:47+00:00,72,72,1.0,10,973,1033,0.9419167473378508,192,3,0x2207812896997e0e128c9a04805e8e625e13a3303b3d4fa578a78d89205b6dee,2,2,36,27,9,64087,191,290,1860524,15,7,5,1,4,332600,14370262611,4886307,270100,0.0,996,2,-0.3886962194999266,0.2556624953088464,0.2556624953088464,0.3523120517993248,1.3384032450345071,1.3262996250401995,1.6236559139784943,-0.5902887981738729,-0.5175964321130928,-0.3362650813673589,-0.2846483923572442,0.5973606187362862,0.1148914092457094,0.0984484889079908,1.9025931463109549,-0.0987447948971047,-0.0950216688960182,0.8693017924410429,-0.264222150662504,0.4443014292927948,-0.3172206342872574,0.3118198202008457,-0.2087406672043987,-0.5973571505298017,-0.6357281824154014,-0.2227680221002296,0.0,1.311617484813122,0.0277777777777777,1.0,2.6666666666666665,0.0011234552490325,0.6597938144329897,5.408376963350785,0.0005229706668816,0.0019361084220716,0.0277777777777777,1.0,0.2,0
17,0x2ae706cc57867093c12c62bfd177efeecb7672324347524906e901c55f3d4e13,1,0x55639dac6e3d86d3d291716c63efcd9b209b9a3c,0xa06943f16e0bcd73025807428c0ab1088575f1b7,2022-10-28 06:37:59+00:00,112,112,1.0,12,67,67,1.0,11,4,0x2ae706cc57867093c12c62bfd177efeecb7672324347524906e901c55f3d4e13,15,6,37,34,11,79703,11,24,168479,15,8,5,1,4,353384,12279562216,1457510,290591,0.0,64,2,-0.3886962194999266,0.7700739546827827,0.7700739546827827,0.6192151213442678,-1.0175193117971684,-0.995734298747014,-1.006393490264458,-0.3483671595780234,0.3916945972747729,0.5043976220510383,-0.2779349868771205,0.976121880616178,0.3884423836402556,0.3924347211310346,-0.874464641038801,-0.6667836236737023,-0.6709847670190344,0.8693017924410429,-0.2038974587304255,0.4443014292927948,-0.3172206342872574,0.3118198202008457,-0.1599224296980583,-0.6771599696648781,-1.216733427651192,-0.1730089445471184,0.0,-0.9824700726050172,0.027027027027027,1.0,3.294117647058824,0.0014051992371775,0.44,6.090909090909091,0.0003976733143399,0.2238805970149253,0.1339285714285714,2.5,0.5,0
16,0x87c742bfd098aea93817c9eb9fcfba2ec84369aa5979944a44ee7263f41e4a7e,1,0x55639dac6e3d86d3d291716c63efcd9b209b9a3c,0xa06943f16e0bcd73025807428c0ab1088575f1b7,2022-10-28 06:39:59+00:00,113,113,1.0,12,70,70,1.0,11,5,0x87c742bfd098aea93817c9eb9fcfba2ec84369aa5979944a44ee7263f41e4a7e,16,6,37,34,11,79713,12,24,168489,15,8,5,1,4,335991,12606155469,1081863,273491,0.0,67,2,-0.3886962194999266,0.7829342411671311,0.7829342411671311,0.6192151213442678,-1.0097182437281893,-0.9885230132694138,-1.006393490264458,-0.1064455209821738,0.4616400610738395,0.5043976220510383,-0.2779349868771205,0.976121880616178,0.3884423836402556,0.392622980757202,-0.8590365422201912,-0.6667836236737023,-0.6709813630723419,0.8693017924410429,-0.2038974587304255,0.4443014292927948,-0.3172206342872574,0.3118198202008457,-0.200775759420334,-0.6646937825621129,-1.2803863290498718,-0.2145335273472844,0.0,-0.9750856705961604,0.027027027027027,1.0,3.323529411764706,0.0014175678049025,0.44,5.833333333333333,0.0004154549231408,0.2285714285714285,0.1415929203539823,2.6666666666666665,0.5,0
13,0xb7edcb3cbe6b1ac41035423e30a4dcd11ac41dbc513cb4ea6b3124d1c0ade677,1,0x55639dac6e3d86d3d291716c63efcd9b209b9a3c,0xa06943f16e0bcd73025807428c0ab1088575f1b7,2022-11-03 11:53:35+00:00,166,166,1.0,18,115,115,1.0,17,6,0xb7edcb3cbe6b1ac41035423e30a4dcd11ac41dbc513cb4ea6b3124d1c0ade677,28,10,37,47,17,124215,13,30,212991,15,8,5,1,4,335991,18070553476,7891513,273491,0.0,111,2,-0.3886962194999266,1.4645294248375966,1.4645294248375966,1.4199243299790971,-0.8927022226935035,-0.8803537311054132,-0.919209532112758,0.1354761176136756,1.3009856266626387,1.3450603254694355,-0.2779349868771205,1.679535652678834,1.2090953068238943,1.2304159691274563,-0.8436084434015815,-0.6539707177614482,-0.6558331195015915,0.8693017924410429,-0.2038974587304255,0.4443014292927948,-0.3172206342872574,0.3118198202008457,-0.200775759420334,-0.456115658753659,-0.1264998877645169,-0.2145335273472844,0.0,-0.866781107799596,0.027027027027027,1.0,3.5319148936170213,0.0013363817865653,0.5483870967741935,8.846153846153847,0.0005399263822115,0.2434782608695652,0.1686746987951807,2.8,0.5555555555555556,0
12,0xdcf853bffea5423f69a88fea4caf4a139ac26e442ae9f41787dc1bc29dd55fc8,1,0x55639dac6e3d86d3d291716c63efcd9b209b9a3c,0xa06943f16e0bcd73025807428c0ab1088575f1b7,2022-11-08 19:19:23+00:00,214,214,1.0,23,137,137,1.0,21,7,0xdcf853bffea5423f69a88fea4caf4a139ac26e442ae9f41787dc1bc29dd55fc8,36,14,36,54,22,162250,13,35,251026,15,7,5,1,4,349984,116195284180,1519976,282412,0.0,131,2,-0.3886962194999266,2.08182317608632,2.08182317608632,2.0871820038414546,-0.835494390187657,-0.8274709709363463,-0.8610868933449578,0.3773977562095251,1.860549337055172,2.185723028887833,-0.2846483923572442,2.058296914558725,1.89297274281026,1.94646145725524,-0.8436084434015815,-0.6432932961679031,-0.6428862082568498,0.8693017924410429,-0.264222150662504,0.4443014292927948,-0.3172206342872574,0.3118198202008457,-0.1679084770191494,3.2893421580510296,-1.2061486442274725,-0.1928703224841101,0.0,-0.8175517610738848,0.0277777777777777,1.0,3.962962962962963,0.001318944105121,0.5833333333333334,10.538461538461538,0.000545758026029,0.2627737226277372,0.1682242990654205,2.571428571428572,0.6086956521739131,0
11,0x50e8eaa3a6d075a0ba3b466a43875ddcb85aac49b86ea09504823caaea5da5e8,1,0x55639dac6e3d86d3d291716c63efcd9b209b9a3c,0xa06943f16e0bcd73025807428c0ab1088575f1b7,2022-11-08 21:32:11+00:00,218,218,1.0,23,144,144,1.0,21,8,0x50e8eaa3a6d075a0ba3b466a43875ddcb85aac49b86ea09504823caaea5da5e8,38,14,36,54,22,162910,13,35,251686,15,7,5,1,4,332612,55338914743,7408988,266090,0.0,137,2,-0.3886962194999266,2.133264322023714,2.133264322023714,2.0871820038414546,-0.817291898026706,-0.8106446381552794,-0.8610868933449578,0.6193193948053747,2.000440264653305,2.185723028887833,-0.2846483923572442,2.058296914558725,1.89297274281026,1.9588865925822896,-0.8436084434015815,-0.6432932961679031,-0.642661547775148,0.8693017924410429,-0.264222150662504,0.4443014292927948,-0.3172206342872574,0.3118198202008457,-0.2087124811550301,0.9664316850761064,-0.2082631289121846,-0.2325056581837774,0.0,-0.8027829570561715,0.0277777777777777,1.0,4.037037037037037,0.0013381539613654,0.5833333333333334,11.076923076923077,0.000572139204647,0.2638888888888889,0.1743119266055046,2.7142857142857144,0.6086956521739131,0
10,0xe4c5cd89144d0bd469425ae43c8c9effef62436c9d785e4c275941dfa411acfe,1,0x55639dac6e3d86d3d291716c63efcd9b209b9a3c,0xa06943f16e0bcd73025807428c0ab1088575f1b7,2022-11-09 08:02:35+00:00,222,222,1.0,24,146,146,1.0,22,9,0xe4c5cd89144d0bd469425ae43c8c9effef62436c9d785e4c275941dfa411acfe,39,15,36,54,23,166046,13,36,254822,15,7,5,1,4,332600,16248250328,10180145,266080,0.0,139,2,-0.3886962194999266,2.1847054679611078,2.1847054679611078,2.220633538613926,-0.8120911859807199,-0.8058371145035461,-0.8465562336530078,0.8612410334012242,2.0703857284523712,2.395888704742432,-0.2846483923572442,2.058296914558725,2.029748230007533,2.0179248113483927,-0.8436084434015815,-0.6411578118491942,-0.641594070092395,0.8693017924410429,-0.264222150662504,0.4443014292927948,-0.3172206342872574,0.3118198202008457,-0.2087406672043987,-0.5256736541875885,0.2613058634696558,-0.2325299415655318,0.0,-0.7978600223836004,0.0277777777777777,1.0,4.111111111111111,0.0013369708576487,0.5945945945945946,11.23076923076923,0.0005729467120314,0.2671232876712329,0.1756756756756756,2.6,0.625,0
9,0x824f26233be8a81f657a02084843a572cc974145c47a59bd6324c1e64843b3d1,1,0x55639dac6e3d86d3d291716c63efcd9b209b9a3c,0xa06943f16e0bcd73025807428c0ab1088575f1b7,2022-11-09 10:38:59+00:00,226,226,1.0,24,151,151,1.0,22,10,0x824f26233be8a81f657a02084843a572cc974145c47a59bd6324c1e64843b3d1,41,15,36,55,23,166820,13,36,255596,15,7,5,1,4,332612,104257931296,12339358,266090,0.0,144,2,-0.3886962194999266,2.236146613898501,2.236146613898501,2.220633538613926,-0.7990894058657548,-0.7938183053742127,-0.8465562336530078,1.1031626719970735,2.2102766560505045,2.395888704742432,-0.2846483923572442,2.112405666255853,2.029748230007533,2.0324961064137512,-0.8436084434015815,-0.6411578118491942,-0.6413306046183992,0.8693017924410429,-0.264222150662504,0.4443014292927948,-0.3172206342872574,0.3118198202008457,-0.2087124811550301,2.8336889159931515,0.6271817314727213,-0.2325056581837774,0.0,-0.7855526857021726,0.0277777777777777,1.0,4.109090909090909,0.0013547455056617,0.5945945945945946,11.615384615384617,0.0005907737571254,0.271523178807947,0.1814159292035398,2.7333333333333334,0.625,0
8,0xa348118a1f10b102e51aa9f7d2a31e6896ae94ae70ac0e656b87e9c3c17defaf,1,0x55639dac6e3d86d3d291716c63efcd9b209b9a3c,0xa06943f16e0bcd73025807428c0ab1088575f1b7,2022-11-09 16:04:35+00:00,232,232,1.0,24,153,153,1.0,22,11,0xa348118a1f10b102e51aa9f7d2a31e6896ae94ae70ac0e656b87e9c3c17defaf,42,15,36,56,23,168431,13,36,257207,15,7,5,1,4,332612,91867667442,14863063,266090,0.0,146,2,-0.3886962194999266,2.313308332804592,2.313308332804592,2.220633538613926,-0.7938886938197688,-0.7890107817224793,-0.8465562336530078,1.345084310592923,2.280222119849571,2.395888704742432,-0.2846483923572442,2.1665144179529805,2.029748230007533,2.0628247321893225,-0.8436084434015815,-0.6411578118491942,-0.6407822288062451,0.8693017924410429,-0.264222150662504,0.4443014292927948,-0.3172206342872574,0.3118198202008457,-0.2087124811550301,2.3607478921423204,1.0548203004599757,-0.2325056581837774,0.0,-0.7806297510296015,0.0277777777777777,1.0,4.142857142857143,0.0013774104683195,0.5945945945945946,11.76923076923077,0.0005948493048427,0.2745098039215686,0.1810344827586207,2.8,0.625,0
7,0x67e002d106f90da797cff60eae5ba2bf3a6459873535a990d146748d9f70045b,1,0x55639dac6e3d86d3d291716c63efcd9b209b9a3c,0xa06943f16e0bcd73025807428c0ab1088575f1b7,2022-11-09 23:13:11+00:00,244,244,1.0,24,170,170,1.0,22,12,0x67e002d106f90da797cff60eae5ba2bf3a6459873535a990d146748d9f70045b,50,15,36,56,23,170556,13,36,259332,15,7,5,1,4,332612,121335933172,12680093,266090,0.0,162,2,-0.3886962194999266,2.4676317706167725,2.4676317706167725,2.220633538613926,-0.7496826414288874,-0.7481468306827458,-0.8465562336530078,1.5870059491887727,2.839785830242104,2.395888704742432,-0.2846483923572442,2.1665144179529805,2.029748230007533,2.1028299027499,-0.8436084434015815,-0.6411578118491942,-0.6400588901340991,0.8693017924410429,-0.264222150662504,0.4443014292927948,-0.3172206342872574,0.3118198202008457,-0.2087124811550301,3.4855626603891894,0.6849188393374963,-0.2325056581837774,0.0,-0.7412462736490326,0.0277777777777777,1.0,4.357142857142857,0.0014306067766201,0.5945945945945946,13.076923076923077,0.0006555278348686,0.2941176470588235,0.2049180327868852,3.333333333333333,0.625,0
6,0x471f37f07beb1e36ede6a2e53984550782836e4867a92abd7f5c5eeefc1e9d8b,1,0x55639dac6e3d86d3d291716c63efcd9b209b9a3c,0xa06943f16e0bcd73025807428c0ab1088575f1b7,2022-11-09 23:26:11+00:00,245,245,1.0,24,173,173,1.0,22,13,0x471f37f07beb1e36ede6a2e53984550782836e4867a92abd7f5c5eeefc1e9d8b,51,15,36,56,23,170621,13,36,259397,15,7,5,1,4,332600,84174517784,9360833,266080,0.0,164,2,-0.3886962194999266,2.4804920571011206,2.4804920571011206,2.220633538613926,-0.7418815733599083,-0.7409355452051457,-0.8465562336530078,1.828927587784622,2.9097312940411704,2.395888704742432,-0.2846483923572442,2.1665144179529805,2.029748230007533,2.1040535903199875,-0.8436084434015815,-0.6411578118491942,-0.6400367644805981,0.8693017924410429,-0.264222150662504,0.4443014292927948,-0.3172206342872574,0.3118198202008457,-0.2087406672043987,2.067097480919028,0.1224744979835608,-0.2325299415655318,0.0,-0.7363233389764615,0.0277777777777777,1.0,4.375,0.0014359226828896,0.5945945945945946,13.307692307692308,0.0006669288120956,0.2947976878612717,0.2081632653061224,3.4,0.625,0
47,0xd622188781c4c9eb21b777c7aab7013c3ba25253d74bbfb90c9c7df66f7c282e,1,0x391473f3e818e4b81ab0d1c58b7f5e827b780a86,0xa45f70ad02445c5c23510e93375021edc591c6d2,2022-10-20 01:05:11+00:00,3,3,1.0,2,249,250,0.996,35,1,0xd622188781c4c9eb21b777c7aab7013c3ba25253d74bbfb90c9c7df66f7c282e,1,1,7,3,6,37751,40,148,946223,7,4,3,1,4,280573,29238024747,16178379,246973,0.0,240,2,-0.3886962194999266,-0.6316972721111938,-0.6316972721111938,-0.7153002263804474,-0.544254515612439,-0.5558458846134113,-0.6576576576576577,-1.5579753525572708,-0.5875418959121594,-0.5464307572219582,-0.4793371512808311,-0.7012494219947709,-0.2954350523461099,-0.3973520625665276,-0.4270497752991181,-0.4019835681537846,-0.4062448553815855,-0.8520878955610226,-0.4451962264587396,-0.6135591166424311,-0.3172206342872574,0.3118198202008457,-0.3309436330792242,-0.0298490869545103,1.277698906321611,-0.2789281990838226,0.0,-0.5492518214187592,0.1428571428571428,0.2857142857142857,1.0,7.946598855689765e-05,0.2348993288590604,6.25,0.0002631512200071,0.004,0.3333333333333333,1.0,0.5,0
45,0xc07f22fd45e9dec2c44cb87c69b332f0a50d9978fbda9d5b91902d4c407cc3e6,1,0x05b0e0b39309bd0ffe8700cd91dee76ebb1394ee,0xa45f70ad02445c5c23510e93375021edc591c6d2,2022-10-20 01:19:35+00:00,4,4,1.0,2,394,400,0.985,108,2,0xc07f22fd45e9dec2c44cb87c69b332f0a50d9978fbda9d5b91902d4c407cc3e6,1,1,7,4,6,37823,63,1632,10241286,7,4,3,1,4,269159,21118528005,881367,235738,0.0,370,2,-0.3886962194999266,-0.6188369856268453,-0.6188369856268453,-0.7153002263804474,-0.1672028922784511,-0.1952816107334091,0.4030804998546933,-1.3160537139614217,-0.5875418959121594,-0.5464307572219582,-0.4793371512808311,-0.6471406702976435,-0.2954350523461099,-0.3959965932581222,-0.0722035024710937,2.767075160810391,2.75774504011683,-0.8520878955610226,-0.4451962264587396,-0.6135591166424311,-0.3172206342872574,0.3118198202008457,-0.3577532637036165,-0.339773326467398,-1.3143601185885336,-0.3062105784849843,0.0,-0.2292610677016367,0.1428571428571428,0.2857142857142857,1.0,0.0001057529610829,0.0661359461114513,6.349206349206349,3.8471727235063325e-05,0.0025,0.25,1.0,0.5,0
42,0x7f3114cde95a715de18e615493f35f3110783b17f305ab9afff794420728dfa5,1,0x11d67fa925877813b744abc0917900c2b1d6eb81,0xa45f70ad02445c5c23510e93375021edc591c6d2,2022-10-20 02:03:35+00:00,5,5,1.0,2,927,979,0.9468845760980592,186,3,0x7f3114cde95a715de18e615493f35f3110783b17f305ab9afff794420728dfa5,1,1,7,5,6,38041,185,284,1817530,7,4,3,1,4,261093,19083666559,8068383,227798,0.0,942,2,-0.3886962194999266,-0.605976699142497,-0.605976699142497,-0.7153002263804474,1.218786867976828,1.1964964864433991,1.5364719558267943,-1.074132075365572,-0.5875418959121594,-0.5464307572219582,-0.4793371512808311,-0.5930319186005162,-0.2954350523461099,-0.3918925334076724,1.810024553399296,-0.1115577008093588,-0.1096565973055469,-0.8520878955610226,-0.4451962264587396,-0.6135591166424311,-0.3172206342872574,0.3118198202008457,-0.3766989865541815,-0.4174447519516211,-0.0965294935636195,-0.3254915835980439,0.0,1.178698248653702,0.1428571428571428,0.2857142857142857,1.0,0.0001314336785657,0.6526315789473685,5.291891891891892,0.000510032566157,0.0010214504596527,0.2,1.0,0.5,0
40,0xb2d662cb9dbc2800276450f9a312f1fc6be0e070634f987c5e28100ee69ba415,1,0x11d67fa925877813b744abc0917900c2b1d6eb81,0xa45f70ad02445c5c23510e93375021edc591c6d2,2022-10-20 02:13:23+00:00,6,6,1.0,2,930,982,0.9470468431771896,186,4,0xb2d662cb9dbc2800276450f9a312f1fc6be0e070634f987c5e28100ee69ba415,2,1,7,5,6,38089,186,284,1817578,7,4,3,1,4,212232,17668829856,5086249,179700,0.0,945,2,-0.3886962194999266,-0.5931164126581485,-0.5931164126581485,-0.7153002263804474,1.2265879360458072,1.203707771920999,1.5364719558267943,-0.8322104367697224,-0.5175964321130928,-0.5464307572219582,-0.4793371512808311,-0.5930319186005162,-0.2954350523461099,-0.3909888872020688,1.825452652217906,-0.1115577008093588,-0.1096402583614231,-0.8520878955610226,-0.4451962264587396,-0.6135591166424311,-0.3172206342872574,0.3118198202008457,-0.4914655330706027,-0.4714496001762644,-0.6018482674647834,-0.4422897931607565,0.0,1.1860826506625586,0.1428571428571428,0.2857142857142857,1.2,0.0001575216592281,0.6526315789473685,5.279569892473118,0.0005116696440704,0.0020366598778004,0.3333333333333333,2.0,0.5,0
39,0xe351713b5a32b569464a125c6dd184c22c6ee88bf095a6371f5003edbf87f430,1,0x05b0e0b39309bd0ffe8700cd91dee76ebb1394ee,0xa45f70ad02445c5c23510e93375021edc591c6d2,2022-10-20 03:31:47+00:00,7,7,1.0,2,397,403,0.9851116625310172,108,5,0xe351713b5a32b569464a125c6dd184c22c6ee88bf095a6371f5003edbf87f430,2,1,8,5,6,38476,64,1632,10241939,8,5,3,1,5,230952,18137158577,1319712,193330,0.0,373,2,-0.3886962194999266,-0.5802561261738002,-0.5802561261738002,-0.7153002263804474,-0.1594018242094721,-0.1880703252558091,0.4030804998546933,-0.5902887981738729,-0.5175964321130928,-0.5464307572219582,-0.4726237458007074,-0.5930319186005162,-0.2954350523461099,-0.3837032396693896,-0.056775403652484,2.767075160810391,2.7579673178358477,-0.6369141845607644,-0.3848715345266611,-0.6135591166424311,-0.3172206342872574,0.9614444456192744,-0.4474952960556541,-0.4535733170382758,-1.240083121664282,-0.4091915438293961,0.0,-0.22187666569278,0.125,0.2857142857142857,1.4,0.0001819268654001,0.0661359461114513,6.296875,3.87621876324212e-05,0.0049627791563275,0.2857142857142857,2.0,0.5,0
35,0x6e7b4239267eee2731d46ad16523ba9037e612711cba12f951d9ceb3962cfdbd,1,0x11d67fa925877813b744abc0917900c2b1d6eb81,0xa45f70ad02445c5c23510e93375021edc591c6d2,2022-10-20 15:22:23+00:00,8,8,1.0,2,943,995,0.9477386934673366,186,6,0x6e7b4239267eee2731d46ad16523ba9037e612711cba12f951d9ceb3962cfdbd,3,1,7,5,6,42012,189,284,1821501,7,4,3,1,4,194860,40051528608,18020514,162600,0.0,958,2,-0.3886962194999266,-0.5673958396894517,-0.5673958396894517,-0.7153002263804474,1.2603925643447162,1.234956675657266,1.5364719558267943,-0.3483671595780234,-0.4476509683140262,-0.5464307572219582,-0.4793371512808311,-0.5930319186005162,-0.2954350523461099,-0.3171346358565897,1.8717369486737356,-0.1115577008093588,-0.1083048900739741,-0.8520878955610226,-0.4451962264587396,-0.6135591166424311,-0.3172206342872574,0.3118198202008457,-0.5322695372064835,0.382906415890188,1.5898463147078274,-0.4838143759609226,0.0,1.218081726034271,0.1428571428571428,0.2857142857142857,1.6,0.000190417251803,0.6526315789473685,5.264550264550264,0.0005177046195941,0.0030150753768844,0.375,3.0,0.5,0
31,0x94053512a25ab12b6ce1fc1225996c248fb220534ef23e6e136cbc67831600bb,1,0x11d67fa925877813b744abc0917900c2b1d6eb81,0xa45f70ad02445c5c23510e93375021edc591c6d2,2022-10-21 12:24:11+00:00,10,10,1.0,3,949,1003,0.9461615154536392,187,7,0x94053512a25ab12b6ce1fc1225996c248fb220534ef23e6e136cbc67831600bb,5,2,7,5,7,48300,190,285,1827789,7,4,3,1,4,194860,22289355234,13539089,162600,0.0,966,2,-0.3886962194999266,-0.5416752667207549,-0.5416752667207549,-0.5818486916079758,1.2759947004826744,1.2541867702641991,1.5510026155187444,-0.1064455209821738,-0.307760040715893,-0.3362650813673589,-0.4793371512808311,-0.5930319186005162,-0.1586595651488368,-0.1987569829225157,1.8871650474923447,-0.1094222164906498,-0.1061644883937602,-0.8520878955610226,-0.4451962264587396,-0.6135591166424311,-0.3172206342872574,0.3118198202008457,-0.5322695372064835,-0.2950824114908837,0.8304746076249053,-0.4838143759609226,0.0,1.2377734647245553,0.1428571428571428,0.375,2.0,0.0002070350510341,0.6538461538461539,5.278947368421052,0.0005192062545478,0.0049850448654037,0.5,2.5,0.6666666666666666,0
28,0xbb1fa25c5273dd036b6403d9e08ea24a62e0cd216d72258bb323b74d23c3695c,1,0xd178f2d93b92ac47cf51a899463eca8acc37a8d5,0xa45f70ad02445c5c23510e93375021edc591c6d2,2022-10-23 13:39:23+00:00,13,13,1.0,5,1062,1158,0.917098445595855,142,8,0xbb1fa25c5273dd036b6403d9e08ea24a62e0cd216d72258bb323b74d23c3695c,1,1,7,6,9,63001,73,607,3895966,7,4,3,1,4,261081,22600197080,22402318,227786,0.0,1135,2,-0.3886962194999266,-0.5030944072677097,-0.5030944072677097,-0.3149456220630328,1.5698349310808857,1.6267698532735348,0.8971229293809937,0.1354761176136756,-0.5875418959121594,-0.5464307572219582,-0.4793371512808311,-0.5389231669033888,0.1148914092457094,0.078003493506209,0.0820774857150037,0.5782037341336523,0.5978319374617962,-0.8520878955610226,-0.4451962264587396,-0.6135591166424311,-0.3172206342872574,0.3118198202008457,-0.37672717260355,-0.2832174615079613,2.332337371365649,-0.3255207236561493,0.0,1.6537614445568145,0.1428571428571428,0.5,2.1666666666666665,0.0002063426557887,0.2335526315789473,15.863013698630136,0.0002725895778891,0.0008635578583765,0.0769230769230769,1.0,0.2,0
27,0x626c05594b7b4b6d7d659a936eb836fa992a8c8f3ece03a5709fa79e84bb976b,1,0xd178f2d93b92ac47cf51a899463eca8acc37a8d5,0xa45f70ad02445c5c23510e93375021edc591c6d2,2022-10-23 13:42:47+00:00,14,14,1.0,5,1063,1159,0.917169974115617,142,9,0x626c05594b7b4b6d7d659a936eb836fa992a8c8f3ece03a5709fa79e84bb976b,2,1,8,6,9,63018,73,607,3895983,8,5,3,1,5,257617,18069856365,20964231,219578,0.0,1136,2,-0.3886962194999266,-0.4902341207833612,-0.4902341207833612,-0.3149456220630328,1.5724352871038787,1.6291736150994016,0.8971229293809937,0.3773977562095251,-0.5175964321130928,-0.5464307572219582,-0.4726237458007074,-0.5389231669033888,0.1148914092457094,0.0783235348706936,0.0820774857150037,0.5782037341336523,0.5978377241711734,-0.6369141845607644,-0.3848715345266611,-0.6135591166424311,-0.3172206342872574,0.9614444456192744,-0.3848635455212734,-0.4561422677422941,2.088655377329431,-0.345452523400229,0.0,1.6562229118931,0.125,0.5,2.333333333333333,0.0002221552230279,0.2335526315789473,15.876712328767123,0.0002728450630187,0.0017256255392579,0.1428571428571428,2.0,0.2,0
22,0x020e17003a84fa20957d03ffc568aae7aaffe31ad04a2c464121de66cb0a2a93,1,0x9ecf82bf1fe738fe5e41ab46f38e37781cbfb349,0xa45f70ad02445c5c23510e93375021edc591c6d2,2022-10-23 14:27:47+00:00,15,15,1.0,5,431,431,1.0,60,10,0x020e17003a84fa20957d03ffc568aae7aaffe31ad04a2c464121de66cb0a2a93,1,1,7,7,9,63243,70,156,997736,7,4,3,1,4,261093,14469797567,8985653,227798,0.0,420,2,-0.3886962194999266,-0.4773738342990128,-0.4773738342990128,-0.3149456220630328,-0.0709897194277094,-0.120764994131542,-0.2943911653589073,0.6193193948053747,-0.5875418959121594,-0.5464307572219582,-0.4793371512808311,-0.4848144152062614,0.1148914092457094,0.0825593764594605,0.0357931892591745,-0.3848996936041125,-0.3887101047847569,-0.8520878955610226,-0.4451962264587396,-0.6135591166424311,-0.3172206342872574,0.3118198202008457,-0.3766989865541815,-0.5935578638839091,0.0589007291347302,-0.3254915835980439,0.0,-0.1061877008873588,0.1428571428571428,0.5,2.142857142857143,0.0002371766491683,0.3821656050955414,6.1571428571428575,0.0004319775652301,0.0023201856148491,0.0666666666666666,1.0,0.2,0
20,0x3880b1cad6eb4b381f5303e9a7c8af8c00142cf35ea85fdeb643f9c88d6668ec,1,0x9ecf82bf1fe738fe5e41ab46f38e37781cbfb349,0xa45f70ad02445c5c23510e93375021edc591c6d2,2022-10-24 08:47:47+00:00,17,17,1.0,6,446,446,1.0,61,11,0x3880b1cad6eb4b381f5303e9a7c8af8c00142cf35ea85fdeb643f9c88d6668ec,3,2,7,7,10,68706,70,157,1003199,7,4,3,1,4,194848,9867667422,8909812,162588,0.0,435,2,-0.3886962194999266,-0.451653261330316,-0.451653261330316,-0.1814940872905613,-0.0319843790828141,-0.0847085667435418,-0.2798605056669573,0.8612410334012242,-0.4476509683140262,-0.3362650813673589,-0.4793371512808311,-0.4848144152062614,0.2516668964429825,0.1854056102347223,0.0357931892591745,-0.3827642092854035,-0.3868505287066703,-0.8520878955610226,-0.4451962264587396,-0.6135591166424311,-0.3172206342872574,0.3118198202008457,-0.532297723255852,-0.7692228996182705,0.0460495691494853,-0.4838435160190279,0.0,-0.0692656908430755,0.1428571428571428,0.5454545454545454,2.4285714285714284,0.0002474274819159,0.3860759493670886,6.371428571428571,0.000444577352472,0.0067264573991031,0.1764705882352941,1.5,0.3333333333333333,0
19,0xa8fa1edf56f9a4a04fe54d6ec8992a7bdb964e2aea44e0fababcd7d0dc3114b8,1,0x1b04d574d4a3d57fb724848937a926aa21c59271,0xa45f70ad02445c5c23510e93375021edc591c6d2,2022-10-25 02:45:23+00:00,18,18,1.0,7,96,96,1.0,23,12,0xa8fa1edf56f9a4a04fe54d6ec8992a7bdb964e2aea44e0fababcd7d0dc3114b8,1,1,7,8,11,74032,18,98,649713,7,4,3,1,4,755364,14977874438,2295411,218638,0.0,73,0,-0.3886962194999266,-0.4387929748459676,-0.4387929748459676,-0.0480425525180897,-0.9421089871303708,-0.9260252057968802,-0.8320255739610578,1.1031626719970735,-0.5875418959121594,-0.5464307572219582,-0.4793371512808311,-0.430705663509134,0.3884423836402556,0.2856726871314905,-0.7664679493085327,-0.5087577840892353,-0.5071752787594836,-0.8520878955610226,-0.4451962264587396,-0.6135591166424311,-0.3172206342872574,0.3118198202008457,0.7842632473996477,-0.5741643789349915,-1.074752180004185,-0.3477351612851504,0.0,-0.9603168665784472,0.1428571428571428,0.5833333333333334,2.25,0.0002431348182567,0.2323232323232323,5.333333333333333,0.0001477573209135,0.0104166666666666,0.0555555555555555,1.0,0.1428571428571428,0
15,0x36e19bb36b6fe1b3d09261b7bd2bf234a295d3f0d20d0f047b7a6710a1f8dd63,1,0x391473f3e818e4b81ab0d1c58b7f5e827b780a86,0xa45f70ad02445c5c23510e93375021edc591c6d2,2022-11-02 03:54:59+00:00,25,25,1.0,13,282,285,0.9894736842105264,41,13,0x36e19bb36b6fe1b3d09261b7bd2bf234a295d3f0d20d0f047b7a6710a1f8dd63,3,3,8,8,19,131621,48,161,1040093,8,5,3,1,5,240258,12419499712,4273376,202490,0.0,275,2,-0.3886962194999266,-0.3487709694555287,-0.3487709694555287,0.7526666561167393,-0.4584427668536693,-0.4717142207080774,-0.5704736995059576,1.345084310592923,-0.4476509683140262,-0.1260994055127595,-0.4726237458007074,-0.430705663509134,1.4826462812184404,1.369841048267048,-0.3036249847502401,-0.3742222720105674,-0.3742920077795375,-0.6369141845607644,-0.3848715345266611,-0.6135591166424311,-0.3172206342872574,0.9614444456192744,-0.4256370147703383,-0.6718185028960332,-0.7395885526757634,-0.3869479661422896,0.0,-0.4631004646487646,0.125,0.65,3.125,0.0001899378523347,0.2530864197530864,5.9375,0.0002711293402327,0.0105263157894736,0.12,1.0,0.2307692307692307,0
14,0x783a64d91e39be4905227e27e2df4e5348bc58a1b65172ad9ea8ce6c5ea87d70,1,0x391473f3e818e4b81ab0d1c58b7f5e827b780a86,0xa45f70ad02445c5c23510e93375021edc591c6d2,2022-11-02 03:56:59+00:00,26,26,1.0,13,283,286,0.9895104895104896,41,14,0x783a64d91e39be4905227e27e2df4e5348bc58a1b65172ad9ea8ce6c5ea87d70,4,3,7,8,19,131631,48,161,1040103,7,4,3,1,4,226350,12019895330,5650424,193598,0.0,276,2,-0.3886962194999266,-0.3359106829711804,-0.3359106829711804,0.7526666561167393,-0.4558424108306763,-0.4693104588822108,-0.5704736995059576,1.5870059491887727,-0.3777055045149596,-0.1260994055127595,-0.4793371512808311,-0.430705663509134,1.4826462812184404,1.3700293078932153,-0.3036249847502401,-0.3742222720105674,-0.374288603832845,-0.8520878955610226,-0.4451962264587396,-0.6135591166424311,-0.3172206342872574,0.3118198202008457,-0.4583046459884956,-0.687071552208405,-0.5062495387471305,-0.4085407491983759,0.0,-0.4606389973124791,0.1428571428571428,0.65,3.25,0.0001975203597909,0.2530864197530864,5.958333333333333,0.0002720881757978,0.0139860139860139,0.1538461538461538,1.3333333333333333,0.2307692307692307,0
41,0x8a4162bd211db6672f39e21228acd35528bef067d5a964d93fa1bc1a3ef53438,30,0x11d67fa925877813b744abc0917900c2b1d6eb81,0xeff6a7d39eeaa696d7421fa47b498b31f3bd0e39,2022-10-20 02:10:23+00:00,9,9,1.0,2,929,981,0.9469928644240572,186,1,0x8a4162bd211db6672f39e21228acd35528bef067d5a964d93fa1bc1a3ef53438,1,1,495,6,1,7512,186,284,1817563,17,59,5,1,3,1602708,21314579429,5107501,1514708,0.0,944,2,2.813630588880152,-0.5545355532051033,-0.5545355532051033,-0.7153002263804474,1.2239875800228142,1.2013040100951324,1.5364719558267943,-1.5579753525572708,-0.5875418959121594,-0.5464307572219582,2.7968047230195268,-0.5389231669033888,-0.9793124883324756,-0.9666303461341904,1.825452652217906,-0.1115577008093588,-0.1096453642814618,1.2996492144415592,2.87266182980558,0.4443014292927948,-0.3172206342872574,-0.3378048052175829,2.7745365654121823,-0.332289969996015,-0.598247143376145,2.799561097768135,0.0,1.183621183326273,0.0606060606060606,1.0,1.5,0.0011979235990949,0.6526315789473685,5.274193548387097,0.0005111236798264,0.001019367991845,0.1111111111111111,1.0,0.5,0
36,0xce76002b475f3cb6484a2224d9102dc0e2700f45257ce9e6ea1168598ee8998f,32,0x11d67fa925877813b744abc0917900c2b1d6eb81,0xeff6a7d39eeaa696d7421fa47b498b31f3bd0e39,2022-10-20 15:21:35+00:00,22,22,1.0,2,942,994,0.9476861167002012,186,2,0xce76002b475f3cb6484a2224d9102dc0e2700f45257ce9e6ea1168598ee8998f,2,1,525,18,1,11446,189,284,1821497,17,61,5,1,3,1652700,36013362705,14611313,1584381,0.0,957,2,3.034480713596019,-0.387351828908574,-0.387351828908574,-0.7153002263804474,1.2577922083217232,1.2325529138313993,1.5364719558267943,-1.3160537139614217,-0.5175964321130928,-0.5464307572219582,2.9982068874232377,0.1103818534621398,-0.9793124883324756,-0.8925690091999271,1.8717369486737356,-0.1115577008093588,-0.1083062516526511,1.2996492144415592,2.993311213669737,0.4443014292927948,-0.3172206342872574,-0.3378048052175829,2.89195964708159,0.2287681070415201,1.0121615864888334,2.9687507034661453,0.0,1.2156202586979852,0.0609523809523809,1.0,1.2222222222222223,0.0019219009347427,0.6526315789473685,5.25925925925926,0.0005171567577894,0.0020120724346076,0.0909090909090909,2.0,0.5,0
32,0x1703c53b2cb465f4eec50f603a38f3d2ae1facf55874a9172efd335efc136221,32,0x11d67fa925877813b744abc0917900c2b1d6eb81,0xeff6a7d39eeaa696d7421fa47b498b31f3bd0e39,2022-10-21 12:19:23+00:00,24,24,1.0,3,948,1002,0.9461077844311376,187,3,0x1703c53b2cb465f4eec50f603a38f3d2ae1facf55874a9172efd335efc136221,3,2,525,19,2,17714,190,285,1827765,17,61,5,1,3,1635417,23867947091,7550892,1567317,0.0,965,2,3.034480713596019,-0.3616312559398772,-0.3616312559398772,-0.5818486916079758,1.2733943444596814,1.2517830084383328,1.5510026155187444,-1.074132075365572,-0.4476509683140262,-0.3362650813673589,2.9982068874232377,0.1644906051592672,-0.8425370011352024,-0.774567875518188,1.8871650474923447,-0.1094222164906498,-0.1061726578658221,1.2996492144415592,2.993311213669737,0.4443014292927948,-0.3172206342872574,-0.3378048052175829,2.851364689478526,-0.2348269675480057,-0.1842176784757956,2.927313540840295,0.0,1.2353119973882696,0.0609523809523809,1.0,1.263157894736842,0.001354784081287,0.6538461538461539,5.273684210526316,0.0005186659561453,0.0029940119760479,0.125,1.5,0.6666666666666666,0
30,0x081b57fbadbd2f9c8577751e015d3f0dac4b2f03951ed0c110b19df2aa9ba5fa,31,0xd178f2d93b92ac47cf51a899463eca8acc37a8d5,0xeff6a7d39eeaa696d7421fa47b498b31f3bd0e39,2022-10-23 13:38:11+00:00,43,43,1.0,5,1060,1156,0.916955017301038,142,4,0x081b57fbadbd2f9c8577751e015d3f0dac4b2f03951ed0c110b19df2aa9ba5fa,12,3,510,24,4,32433,71,607,3895960,17,60,5,1,3,1608934,23495762586,27209493,1540834,0.0,1133,2,2.9240556512380853,-0.1172858127372574,-0.1172858127372574,-0.3149456220630328,1.5646342190348996,1.6219623296218015,0.8971229293809937,-0.8322104367697224,0.1818582058775731,-0.1260994055127595,2.8975058052213822,0.4350343636449041,-0.5689860267406561,-0.4974685317623618,0.0512212880777842,0.5782037341336523,0.5978298950937808,1.2996492144415592,2.932986521737658,0.4443014292927948,-0.3172206342872574,-0.3378048052175829,2.7891604273595685,-0.2490333898591245,3.146906997320864,2.8630038609398976,0.0,1.6488385098842433,0.0607843137254901,1.0,1.7916666666666667,0.001325769254486,0.2335526315789473,16.281690140845072,0.0002720766455311,0.0103806228373702,0.2790697674418604,4.0,0.6,0
24,0x4c0fa70cd8bd86d0fb3f65e0cdc837035630007760099fc0f7305b1367a3545d,32,0x9ecf82bf1fe738fe5e41ab46f38e37781cbfb349,0xeff6a7d39eeaa696d7421fa47b498b31f3bd0e39,2022-10-23 14:24:35+00:00,45,45,1.0,5,429,429,1.0,60,5,0x4c0fa70cd8bd86d0fb3f65e0cdc837035630007760099fc0f7305b1367a3545d,4,2,525,24,4,32665,68,156,997720,17,61,5,1,3,1652368,18305114142,11711859,1584268,0.0,418,2,3.034480713596019,-0.0915652397685606,-0.0915652397685606,-0.3149456220630328,-0.0761904314736954,-0.1255725177832754,-0.2943911653589073,-0.5902887981738729,-0.3777055045149596,-0.3362650813673589,2.9982068874232377,0.4350343636449041,-0.5689860267406561,-0.4931009084352776,0.004936991621955,-0.3848996936041125,-0.3887155510994649,1.2996492144415592,2.993311213669737,0.4443014292927948,-0.3172206342872574,-0.3378048052175829,2.89117983304906,-0.4471623900549169,0.5208528323339816,2.9684763012523194,0.0,-0.11111063555993,0.0609523809523809,1.0,1.875,0.001377579134268,0.3821656050955414,6.3088235294117645,0.0004299799242473,0.0093240093240093,0.0888888888888888,2.0,0.4,0
