index,transaction_hash,trace_involved_amt,from_address,to_address,block_timestamp,contract_block_involved,contract_tx_count,contract_block_per_tx,contract_main_active_days,sender_block_involved,sender_tx_count,sender_block_per_tx,sender_main_active_days,contract_interact,sender_tx_count_call_contract,sender_days_call_contract,trace_amt,distinct_sender_in_contract,contract_lifetime_days,contract_lifetime_block,distinct_contract_sender_called,sender_lifetime_days,sender_lifetime_block,contract_involved_amt,max_breadth,depth,distinct_was_called_in_sample,distinct_sender_call_in_sample,gas,gas_price,receipt_cumulative_gas_used,receipt_gas_used,value,nonce,transaction_type,z_trace_involved_amt,z_contract_block_involved,z_contract_tx_count,z_contract_main_active_days,z_sender_block_involved,z_sender_tx_count,z_sender_main_active_days,z_contract_interact,z_sender_tx_count_call_contract,z_sender_days_call_contract,z_trace_amt,z_distinct_sender_in_contract,z_contract_lifetime_days,z_contract_lifetime_block,z_distinct_contract_sender_called,z_sender_lifetime_days,z_sender_lifetime_block,z_contract_involved_amt,z_max_breadth,z_depth,z_distinct_was_called_in_sample,z_distinct_sender_call_in_sample,z_gas,z_gas_price,z_receipt_cumulative_gas_used,z_receipt_gas_used,z_value,z_nonce,involved_trace_ratio,contract_active_day_ratio,tx_count_per_distinct_caller,contract_block_ratio,sender_active_day_ratio,sender_tx_count_per_contract,sender_block_ratio,tx_sender_call_contract,sender_call_contract_tx_ratio,sender_tx_count_call_contract_per_days,sender_call_contract_day_ratio,is_sus
17,0x69272d8c84d67d1da2f6425b339192fa472898dce936f24818fda415c1c1ff3f,6,0x8efab89b497b887cdaa2fb08ff71e4b3827774b2,0x10c509aa9ab291c76c45414e7cdbd375e1d5ace8,2021-12-21 14:18:15+00:00,2,2,1.0,1,3,3,1.0,1,1,2,1,15,1,0,24,1,0,25,5,7.0,4.0,2,1,10000000,52770827300,14328034,190098,0.0,2,2.0,5.440074043099561,-6.987348263836506,-6.987920612224972,-6.85841673416737,-0.5902161578160501,-0.5631539718802416,-0.9963642389288316,-6.963246004491024,-0.3565929832876472,-0.8209857747498552,3.1378581622109443,-6.997823594818347,-6.890328298334834,-6.893271830666544,-0.6445858188357455,-1.2257217390318722,-1.2611382451888284,-1.7854624004277009,2.2912878474779195,1.8953530702995451,7.000000000000001,-4.644198375781977,6.99534461378355,-0.3047943123699227,0.378875043382642,2.081120399936274,0.0,-0.5461158937939932,0.4,1.0,2.0,0.08,1.0,3.0,0.1153846153846153,0.6666666666666666,1.0,2.0,1.0,1
75,0x5f3356a59da9e74ae0f71fb0face2c5c43c6321fd34954829a56538674ce8d0a,2,0x05e362bef8c3519a945a65e187e052e23613902c,0xc9f27a50f82571c1c8423a42970613b8dbda14ef,2021-12-13 12:47:15+00:00,1639,1678,0.9767580452920144,90,2693,2742,0.9821298322392414,328,1,8,6,8,921,102,648222,268,1466,9102814,7,6.0,3.0,1,3,140908,39592978670,12572222,93641,0.0,2696,2.0,-0.4730499167912659,0.039577431220787,0.0419443013939073,-0.1418774588494127,1.701604190537167,1.5051218319492818,1.8397352225068224,-0.0333337551235394,2.0206935719633345,1.682019636072874,-0.2941742027072758,0.0982654063862462,-0.1077237197770938,-0.1112269259139408,0.6960000483487385,1.5014114669488907,1.5114443351320028,0.3656971181598903,-0.4364357804719851,0.2891216547914563,-0.142857142857143,0.3495633186072459,-0.1677281444254,-0.986030145892124,0.150159702799367,-0.6002182217102022,0.0,1.5025601552786358,0.25,0.8737864077669902,1.8219326818675352,0.0025284508571895,0.2235855487389229,10.23134328358209,0.0002958425498046,0.0029175784099197,0.0047675804529201,1.3333333333333333,0.0666666666666666,0
343,0x4b25719d1d5d5da4e4f9bb6166c4ee5f55f8fa37d4496a3eb8f78ac76bc9f612,2,0x4721a43133d1a13f3651a415b68f81e73edb5dc6,0xc9f27a50f82571c1c8423a42970613b8dbda14ef,2021-12-13 13:40:53+00:00,1640,1679,0.9767718880285884,90,565,588,0.9608843537414966,122,2,14,12,8,921,102,648487,73,308,1979001,7,6.0,3.0,1,3,166558,50630968054,3949435,110741,0.0,556,2.0,-0.4730499167912659,0.0438699942599179,0.0461387315332981,-0.1418774588494127,-0.1114046203534076,-0.1214083182693357,0.0530792926727407,-0.0260237211052192,4.397980127214317,4.685626129060148,-0.2941742027072758,0.0982654063862462,-0.1077237197770938,-0.1084542516697138,-0.2830795175725139,-0.6527633301355045,-0.6583697547324422,0.3656971181598903,-0.4364357804719851,0.2891216547914563,-0.142857142857143,0.3495633186072459,-0.1490922683986766,-0.415415464425833,-0.9730605881441026,-0.124867646530021,0.0,-0.124821709983215,0.25,0.8737864077669902,1.8230184581976112,0.0025289596723455,0.3948220064724919,8.054794520547945,0.0002854974375973,0.0238095238095238,0.008338296605122,1.1666666666666667,0.1333333333333333,0
355,0xb54f46644ab29633c61f227ce1a0a1ab2d17237a49585cb4f0bd8eb82a2618a6,3,0xbae1d68661b98ba3b7dca7468b014a05a8c5e64f,0xc9f27a50f82571c1c8423a42970613b8dbda14ef,2021-12-13 13:59:15+00:00,1641,1680,0.9767857142857144,90,41,42,0.9761904761904762,25,3,1,1,12,922,102,648575,22,425,2745997,7,7.0,3.0,1,3,284239,42439597740,4440642,183103,0.0,38,2.0,1.005231073181441,0.0481625572990488,0.0503331616726888,-0.1418774588494127,-0.5578410004787184,-0.5337042616395146,-0.788210150016123,-0.0187136870868991,-0.752807409162811,-0.8209857747498552,1.6669871486745644,0.1059785466049469,-0.1077237197770938,-0.107533514562197,-0.539146480967303,-0.4351135449378583,-0.4247534697921062,0.3656971181598903,2.2912878474779195,0.2891216547914563,-0.142857142857143,0.3495633186072459,-0.0635917410419193,-0.8388726720646498,-0.9090750496571298,1.8866714365804045,0.0,-0.518739376434448,0.25,0.8737864077669902,1.822125813449024,0.0025301583777383,0.0586854460093896,1.9090909090909087,1.4930819323247867e-05,0.0238095238095238,0.000595238095238,1.0,0.0111111111111111,0
899,0x82c81f9adc710e754a425594d0bc9c0ed03baf8353b8fd9f516578acd09975f1,2,0xbae1d68661b98ba3b7dca7468b014a05a8c5e64f,0xc9f27a50f82571c1c8423a42970613b8dbda14ef,2021-12-13 14:19:25+00:00,1642,1681,0.976799524092802,90,42,43,0.9767441860465116,25,4,2,1,8,922,102,648650,22,425,2746072,7,6.0,3.0,1,3,166576,63833814028,6409387,105953,0.0,39,2.0,-0.4730499167912659,0.0524551203381797,0.0545275918120796,-0.1418774588494127,-0.5569890226540517,-0.5329491408641114,-0.788210150016123,-0.011403653068579,-0.3565929832876472,-0.8209857747498552,-0.2941742027072758,0.1059785466049469,-0.1077237197770938,-0.1067487954364723,-0.539146480967303,-0.4351135449378583,-0.4247306258380692,0.3656971181598903,-0.4364357804719851,0.2891216547914563,-0.142857142857143,0.3495633186072459,-0.1490791905909386,0.2671126199753861,-0.6526226599954692,-0.2579658075804718,0.0,-0.5179789176189051,0.25,0.8737864077669902,1.8232104121475052,0.0025314074903145,0.0586854460093896,1.9545454545454544,1.5294567915710908e-05,0.0465116279069767,0.0011897679952409,2.0,0.0111111111111111,0
664,0x8d8ee96453f1cb59c2ddf88eec21d2faf7f72947e8deb36fd5df51376c1a1a26,3,0x0b025d49201314db012911a95ec7e4609027a693,0xc9f27a50f82571c1c8423a42970613b8dbda14ef,2021-12-13 14:46:09+00:00,1643,1682,0.9768133174791914,90,1032,1115,0.925560538116592,168,5,2,2,13,922,102,648777,200,328,2111109,7,7.0,3.0,1,3,163582,45002384697,5097147,103958,0.0,1093,2.0,1.005231073181441,0.0567476833773107,0.0587220219514703,-0.1418774588494127,0.2864690237659055,0.2765403303681811,0.4520412964220988,-0.0040936190502588,-0.3565929832876472,-0.3203846925853094,2.1572774865200244,0.1059785466049469,-0.1077237197770938,-0.1054200043835787,0.3545774304890197,-0.6155582386487274,-0.6181315003335954,0.3656971181598903,2.2912878474779195,0.2891216547914563,-0.142857142857143,0.3495633186072459,-0.1512544659447011,-0.7063880489815478,-0.8235574858919756,-0.3134233746848262,0.0,0.2835446739633335,0.2307692307692307,0.8737864077669902,1.824295010845987,0.0025324533199337,0.5106382978723404,5.575,0.0004888423625486,0.0017937219730941,0.0011890606420927,1.0,0.0222222222222222,0
998,0x619b87dae8dd189ac0f3eb268d53e4d6f99ccef58efad4cb62667d1bc8125a34,2,0x10690227d831a2daef1e7728226bf2501eb8beca,0xc9f27a50f82571c1c8423a42970613b8dbda14ef,2021-12-13 21:31:51+00:00,1644,1683,0.9768270944741532,90,181,184,0.9836956521739132,59,6,2,2,8,922,102,650631,59,1664,10042267,7,6.0,3.0,1,3,140926,91370029140,12354015,88853,0.0,170,2.0,-0.4730499167912659,0.0610402464164416,0.0629164520908611,-0.1418774588494127,-0.4385641050253911,-0.426477111532252,-0.4933251907231192,0.0032164149680612,-0.3565929832876472,-0.3203846925853094,-0.2941742027072758,0.1059785466049469,-0.1077237197770938,-0.0860217475956661,-0.3533724094848089,1.869741872667984,1.7975886171570117,0.3656971181598903,-0.4364357804719851,0.2891216547914563,-0.142857142857143,0.3495633186072459,-0.1677150666176619,1.690611779858357,0.1217356526603689,-0.733316382760653,0.0,-0.4183588127827825,0.25,0.8737864077669902,1.8253796095444683,0.0025267739674654,0.0354354354354354,3.1186440677966103,1.802381693059775e-05,0.0108695652173913,0.0011883541295306,1.0,0.0222222222222222,0
680,0xeab93827cecb1e6d8f0ea0e55d37161f0e705d0359bd549c9a9a8972a4fed509,2,0xccff041faeb4afda1cf84b0c082d907387291453,0xc9f27a50f82571c1c8423a42970613b8dbda14ef,2021-12-14 08:30:06+00:00,1645,1684,0.9768408551068885,91,168,172,0.9767441860465116,49,7,2,2,8,922,103,653523,50,1541,9490620,7,6.0,3.0,1,3,140890,52817541281,5214578,93629,0.0,153,2.0,-0.4730499167912659,0.0653328094555725,0.0671108822302518,-0.0664107254188738,-0.4496398167460572,-0.4355385608370911,-0.5800560611034145,0.0105264489863813,-0.3565929832876472,-0.3203846925853094,-0.2941742027072758,0.1059785466049469,-0.0412275964579003,-0.0557629781077249,-0.3985606971427128,1.6409305600243047,1.6295646343220531,0.3656971181598903,-0.4364357804719851,0.2891216547914563,-0.142857142857143,0.3495633186072459,-0.167741222233138,-0.3023794084901477,-0.8082607051660012,-0.6005518010612059,0.0,-0.4312866126470121,0.25,0.875,1.82646420824295,0.0025171225540301,0.0317769130998702,3.44,1.770168674947614e-05,0.0116279069767441,0.001187648456057,1.0,0.0219780219780219,0
432,0x404c8dc7365d8d77cad320b682f0aac8494fa3563ef45d5e2383656af7a5b95f,3,0x32a59b87352e980dd6ab1baf462696d28e63525d,0xc9f27a50f82571c1c8423a42970613b8dbda14ef,2021-12-14 09:59:30+00:00,1646,1685,0.9768545994065282,91,6286,7384,0.8513001083423619,534,8,1,1,6,923,103,653935,1273,1422,8847922,4,6.0,1.0,1,2,250959,38664348926,25144672,165716,0.0,7318,2.0,1.005231073181441,0.0696253724947034,0.0713053123696425,-0.0664107254188738,4.762760514564345,5.010392471371206,3.6263911523409047,0.0178364830047015,-0.752807409162811,-0.8209857747498552,-1.274754878398196,0.1136916868236475,-0.0412275964579003,-0.0514522543770777,5.742025503481346,1.4195602656779809,1.433807786700183,-2.861042159721496,-0.4364357804719851,-2.9233411762247217,-0.142857142857143,-2.1473175285873656,-0.0877711544598277,-1.034036150168662,1.7878704507132637,1.4033427552553863,0.0,5.017400800718016,0.5,0.875,1.8255687973997836,0.00251706589024,0.3752635277582572,5.800471327572663,0.0007104492206815,0.0001354279523293,0.000593471810089,1.0,0.0109890109890109,0
732,0x57f9cc3caa0d804e4f40364ee42bdd547642e5f1716af137b1b8bdf14dcf8473,2,0xd8047842874e3be4a1155ad052dbd5395d3a154f,0xc9f27a50f82571c1c8423a42970613b8dbda14ef,2021-12-14 13:45:08+00:00,1647,1686,0.9768683274021353,91,28,29,0.9655172413793104,9,9,4,4,8,923,103,654942,13,95,606631,7,6.0,3.0,1,3,140944,103069156692,2613294,88865,0.0,25,2.0,-0.4730499167912659,0.0739179355338343,0.0754997425090333,-0.0664107254188738,-0.5689167121993844,-0.543520831719757,-0.9269795426245956,0.0251465170230216,0.4358358684626801,0.6808174717437823,-0.2941742027072758,0.1136916868236475,-0.0412275964579003,-0.0409160922490151,-0.584334768625207,-1.0489975544696808,-1.0763745174216466,0.3656971181598903,-0.4364357804719851,0.2891216547914563,-0.142857142857143,0.3495633186072459,-0.1677019888099238,2.295404347533288,-1.1471088028061949,-0.7329828034096494,0.0,-0.528625341036506,0.25,0.875,1.8266522210184184,0.0025147226552539,0.09375,2.230769230769231,4.615648366719857e-05,0.1379310344827586,0.0023724792408066,1.0,0.0439560439560439,0
178,0xc03900f5a755543ade9666b0d8db91324ed86b3cb05bfbf7bd299f7417b87334,2,0x6721139dbafef557ed9a74642cad6af7666ad461,0xc9f27a50f82571c1c8423a42970613b8dbda14ef,2021-12-14 14:18:07+00:00,1648,1687,0.976882039122703,91,168,169,0.9940828402366864,58,10,2,2,8,923,103,655086,48,420,2711180,7,6.0,3.0,1,3,93951,54640196733,22611679,88853,0.0,157,2.0,-0.4730499167912659,0.0782104985729652,0.079694172648424,-0.0664107254188738,-0.4496398167460572,-0.4378039231633008,-0.5019982777611488,0.0324565510413417,-0.3565929832876472,-0.3203846925853094,-0.2941742027072758,0.1136916868236475,-0.0412275964579003,-0.0394094315276239,-0.4086025388444693,-0.4444148178095526,-0.4353582424281664,0.3656971181598903,-0.4364357804719851,0.2891216547914563,-0.142857142857143,0.3495633186072459,-0.2018445120896045,-0.2081562738245763,1.457918065896409,-0.733316382760653,0.0,-0.4282447773848404,0.25,0.875,1.8277356446370527,0.0025156963884186,0.1377672209026128,3.520833333333333,6.196561572244716e-05,0.0118343195266272,0.0011855364552459,1.0,0.0219780219780219,0
97,0x0795e71d7bf6a4ad5b81f451ec70af66fe47539a8035a799da16715d4f3701bc,2,0xe9eea3829349eeb1c1a27437446ca85c11280463,0xc9f27a50f82571c1c8423a42970613b8dbda14ef,2021-12-14 15:11:44+00:00,1649,1688,0.9768957345971564,91,652,670,0.9731343283582088,68,11,2,2,8,923,103,655351,100,417,2691753,7,6.0,3.0,1,3,140926,61570761972,5797922,88853,0.0,655,2.0,-0.4730499167912659,0.0825030616120961,0.0838886027878147,-0.0664107254188738,-0.0372825496074114,-0.0594884146862686,-0.4152674073808535,0.0397665850596619,-0.3565929832876472,-0.3203846925853094,-0.2941742027072758,0.1136916868236475,-0.0412275964579003,-0.0366367572833969,-0.147514654598802,-0.4499955815325692,-0.4412754356958444,0.3656971181598903,-0.4364357804719851,0.2891216547914563,-0.142857142857143,0.3495633186072459,-0.1677150666176619,0.1501229506477539,-0.7322732294925179,-0.733316382760653,0.0,-0.0495362872444658,0.25,0.875,1.828819068255688,0.0025162050317997,0.1626794258373205,6.7,0.0002422212431002,0.0029850746268656,0.0011848341232227,1.0,0.0219780219780219,0
322,0xf3ff50bb8418c9d83134e21694283b2ba0e9853968337e021a971a8d172db9ae,2,0x01a9166c6492713e939f85e23cccfa88e5ef671f,0xc9f27a50f82571c1c8423a42970613b8dbda14ef,2021-12-14 18:11:31+00:00,1650,1689,0.9769094138543516,91,70,70,1.0,17,12,3,3,8,923,103,656146,14,130,836183,7,6.0,3.0,1,3,140926,66302210859,4575888,88853,0.0,52,2.0,-0.4730499167912659,0.086795624651227,0.0880830329272055,-0.0664107254188738,-0.5331336435633863,-0.5125608799282234,-0.8575948463203593,0.047076619077982,0.0396214425875164,0.1802163895792364,-0.2941742027072758,0.1136916868236475,-0.0412275964579003,-0.028318734550716,-0.5793138477743287,-0.9838886443678208,-1.006456179593778,0.3656971181598903,-0.4364357804719851,0.2891216547914563,-0.142857142857143,0.3495633186072459,-0.1677150666176619,0.3947176957236151,-0.8914576538581914,-0.733316382760653,0.0,-0.5080929530168472,0.25,0.875,1.829902491874323,0.0025146803993617,0.1297709923664122,5.0,8.371363240626465e-05,0.0428571428571428,0.0017761989342806,1.0,0.0329670329670329,0
104,0x699dde4890a5dc86fc0543c0c8b293b5587f08a0eb3ff93cb8492c13febcf2e7,2,0x05e362bef8c3519a945a65e187e052e23613902c,0xc9f27a50f82571c1c8423a42970613b8dbda14ef,2021-12-14 18:20:41+00:00,1651,1690,0.9769230769230768,91,2713,2762,0.9822592324402608,329,13,9,7,8,923,103,656188,270,1467,9110780,7,6.0,3.0,1,3,166558,61940298662,15117631,110741,0.0,2717,2.0,-0.4730499167912659,0.0910881876903579,0.0922774630665962,-0.0664107254188738,1.7186437470304996,1.5202242474573469,1.848408309544852,0.0543866530963021,2.416907997838498,2.18262071823742,-0.2941742027072758,0.1136916868236475,-0.0412275964579003,-0.0278792918403102,0.706041890050495,1.5032717215232294,1.5138706676367808,0.3656971181598903,-0.4364357804719851,0.2891216547914563,-0.142857142857143,0.3495633186072459,-0.1490922683986766,0.1692263446916105,0.4817294188958131,-0.124867646530021,0.0,1.5185297904050372,0.25,0.875,1.8309859154929575,0.0025160433960337,0.2241144414168937,10.22962962962963,0.0002977790817274,0.003258508327299,0.0053254437869822,1.2857142857142858,0.0769230769230769,0
298,0x7632c8e44a12406a38b7095c708be03cf5afc559bf6451fceb6a34cb70681a32,3,0xcbc6d27dd9ad183faf892637c67d274c617b4d78,0xc9f27a50f82571c1c8423a42970613b8dbda14ef,2021-12-14 18:44:10+00:00,1652,1691,0.976936723832052,91,287,301,0.9534883720930232,92,14,1,1,13,924,103,656293,116,1019,6518253,7,7.0,3.0,1,3,287719,68669600638,8524596,185423,0.0,259,2.0,1.005231073181441,0.0953807507294888,0.096471893205987,-0.0664107254188738,-0.348254455610729,-0.3381279808100708,-0.2071133184681449,0.0616966871146223,-0.752807409162811,-0.8209857747498552,2.1572774865200244,0.1214048270423482,-0.0412275964579003,-0.0267806850642957,-0.0671799209847505,0.6698776722194221,0.7242230992693912,0.3656971181598903,2.2912878474779195,0.2891216547914563,-0.142857142857143,0.3495633186072459,-0.0610633648792293,0.5171011586583389,-0.3770915969660512,1.9511634444411077,0.0,-0.3506779781994625,0.2307692307692307,0.875,1.83008658008658,0.0025171645634426,0.0901960784313725,2.5948275862068964,4.403019581624159e-05,0.0033222591362126,0.0005913660555884,1.0,0.0109890109890109,0
554,0x7bc150321aa4682d07dadc9c0f5697d2b381d452765896a647173266fe79d604,3,0xf5b0befc14cac8f0647237876f4258fd0d3d6337,0xc9f27a50f82571c1c8423a42970613b8dbda14ef,2021-12-14 18:54:28+00:00,1653,1692,0.9769503546099292,91,5,5,1.0,2,15,1,1,6,925,103,656346,4,8,54069,4,6.0,1.0,1,2,250941,53697673212,23289771,165704,0.0,3,-1.0,1.005231073181441,0.0996733137686197,0.1006663233453777,-0.0664107254188738,-0.5885122021667168,-0.5616437303294352,-0.987691151890802,0.0690067211329424,-0.752807409162811,-0.8209857747498552,-1.274754878398196,0.1291179672610488,-0.0412275964579003,-0.0262261502154503,-0.6295230562831109,-1.210839702437161,-1.2446771964958554,-2.861042159721496,-0.4364357804719851,-2.9233411762247217,-0.142857142857143,-2.1473175285873656,-0.0877842322675658,-0.2568805242292279,1.5462475924782948,1.4030091759043826,0.0,-0.5453554349784503,0.5,0.875,1.8291891891891887,0.0025184848868053,0.2222222222222222,1.25,9.24727205474385e-05,0.2,0.0005910165484633,1.0,0.0109890109890109,0
552,0x586db3b91ae2946a6733777187654b37d435238ebdeb719f72e2c65fc5b81acb,2,0x24244ef4839fda2084df4b7c0e4db4d806819cf3,0xc9f27a50f82571c1c8423a42970613b8dbda14ef,2021-12-14 21:45:40+00:00,1654,1693,0.9769639692852924,91,333,346,0.96242774566474,104,16,2,2,8,925,103,657104,116,438,2832398,7,6.0,3.0,1,3,166594,127282957903,6607210,105965,0.0,333,2.0,-0.4730499167912659,0.1039658768077506,0.1048607534847684,-0.0664107254188738,-0.3090634756760643,-0.3041475459169242,-0.1030362740117907,0.0763167551512625,-0.3565929832876472,-0.3203846925853094,-0.2941742027072758,0.1291179672610488,-0.0412275964579003,-0.0182952555847935,-0.0671799209847505,-0.4109302354714532,-0.3984369301554849,0.3656971181598903,-0.4364357804719851,0.2891216547914563,-0.142857142857143,0.3495633186072459,-0.1490661127832006,3.5471495689167027,-0.6268538676531198,-0.2576322282294681,0.0,-0.2944040258492864,0.25,0.875,1.8302702702702704,0.002517101528675,0.2369020501138952,2.9827586206896552,0.0001175681816015,0.0057803468208092,0.0011813349084465,1.0,0.0219780219780219,0
926,0x94ce7bd57a6f9e2f2d73b63182d39b66b78b7bd994407b9fe786b72cd31c8b28,2,0x80196c4dc520d87f3d9c619e547d8d5bc0d3502d,0xc9f27a50f82571c1c8423a42970613b8dbda14ef,2021-12-14 22:19:15+00:00,1655,1694,0.9769775678866588,91,370,374,0.9893048128342246,123,17,2,2,8,925,103,657260,90,362,2332313,7,6.0,3.0,1,3,166576,69406249484,23421264,105953,0.0,314,2.0,-0.4730499167912659,0.1082584398468815,0.1090551836241592,-0.0664107254188738,-0.2775402961633992,-0.2830041642056329,0.0617523797107702,0.0836267891695827,-0.3565929832876472,-0.3203846925853094,-0.2941742027072758,0.1291179672610488,-0.0412275964579003,-0.0166630398032863,-0.1977238631075842,-0.5523095831212063,-0.5507558468830662,0.3656971181598903,-0.4364357804719851,0.2891216547914563,-0.142857142857143,0.3495633186072459,-0.1490791905909386,0.555182609182481,1.563376115508845,-0.2579658075804718,0.0,-0.3088527433446019,0.25,0.875,1.8313513513513515,0.0025180255636649,0.3388429752066115,4.155555555555556,0.0001586407319083,0.0053475935828877,0.0011806375442739,1.0,0.0219780219780219,0
892,0x7f54c5524d77d059a2b26ec296e74d58af31c79451347fbadb37f686f68bbbc6,2,0x72b223de2f773c814465c4a8f2ef9faae702cfb3,0xc9f27a50f82571c1c8423a42970613b8dbda14ef,2021-12-15 07:26:18+00:00,1656,1695,0.976991150442478,92,2527,2865,0.8820244328097732,270,18,4,4,8,925,104,659677,324,458,2955896,7,6.0,3.0,1,3,140944,49118280930,15098598,88865,0.0,2854,2.0,-0.4730499167912659,0.1125510028860124,0.1132496137635499,0.009056008011665,1.5601758716425076,1.5980016873238827,1.3366961743011103,0.0909368231879028,0.4358358684626801,0.6808174717437823,-0.2941742027072758,0.1291179672610488,0.0252685268612932,0.0086258418883989,0.9771716159979188,-0.3737251439846761,-0.36082116168008,0.3656971181598903,-0.4364357804719851,0.2891216547914563,-0.142857142857143,0.3495633186072459,-0.1677019888099238,-0.4936146229311498,0.4792501448748351,-0.7329828034096494,0.0,1.6227126481344172,0.25,0.8761904761904762,1.8324324324324324,0.0025103156388419,0.5882352941176471,8.842592592592593,0.0008549012364097,0.0013961605584642,0.0023598820058997,1.0,0.0434782608695652,0
907,0xac23743211a40a137df4202febd43cf913c313b922a34797bd54290298cb2db0,3,0xd0af26b04197ab1ef5550b397943b7dafd6ce90e,0xc9f27a50f82571c1c8423a42970613b8dbda14ef,2021-12-15 09:04:13+00:00,1657,1696,0.977004716981132,92,18,18,1.0,5,19,1,1,6,926,104,660105,11,81,512534,4,6.0,1.0,1,2,250977,69665962286,9630455,165728,0.0,17,2.0,1.005231073181441,0.1168435659251433,0.1174440439029406,0.009056008011665,-0.5774364904460507,-0.5518271602491928,-0.9616718907767136,0.0982468572062229,-0.752807409162811,-0.8209857747498552,-1.274754878398196,0.1368311074797495,0.0252685268612932,0.0131039723658674,-0.5943766103269633,-1.0750411185104247,-1.1050351513285128,-2.861042159721496,-0.4364357804719851,-2.9233411762247217,-0.142857142857143,-2.1473175285873656,-0.0877580766520897,0.5686085994267517,-0.2330403444275791,1.40367633460639,0.0,-0.5347090115608494,0.5,0.8761904761904762,1.8315334773218144,0.0025102029068058,0.0609756097560975,1.6363636363636365,3.511955281102754e-05,0.0555555555555555,0.0005896226415094,1.0,0.0108695652173913,0
660,0xc984d53e704f140d5e85b8dd4fc1a7ad2a2f23d8243c8bad6caa3c13fe0e2bbe,2,0xb6f951f9fc00e430f09e0bb6881e553fc0c87ac4,0xc9f27a50f82571c1c8423a42970613b8dbda14ef,2021-12-15 11:36:37+00:00,1658,1697,0.9770182675309368,92,42,42,1.0,19,20,2,2,8,926,104,660803,19,237,1520132,7,6.0,3.0,1,3,140908,50100000000,689699,88841,0.0,34,-1.0,-0.4730499167912659,0.1211361289642742,0.1216384740423314,0.009056008011665,-0.5569890226540517,-0.5337042616395146,-0.8402486722443002,0.1055568912245431,-0.3565929832876472,-0.3203846925853094,-0.2941742027072758,0.1368311074797495,0.0252685268612932,0.0204070916959445,-0.5542092435199376,-0.7848414049135632,-0.7981348526655306,0.3656971181598903,-0.4364357804719851,0.2891216547914563,-0.142857142857143,0.3495633186072459,-0.1677281444254,-0.4428641379533837,-1.397679869394921,-0.7336499621116567,0.0,-0.5217812116966197,0.25,0.8761904761904762,1.8326133909287257,0.0025090647151046,0.0798319327731092,2.210526315789474,2.762916139574629e-05,0.0476190476190476,0.0011785503830288,1.0,0.0217391304347826,0
805,0x16273640fc6e6c4def95c51a16bb1550a435f13d41ad6101855a225c5e51138a,3,0x4da86804c5cc2b8d0a48618e6e1da4a3cae07793,0xc9f27a50f82571c1c8423a42970613b8dbda14ef,2021-12-16 03:37:35+00:00,1659,1698,0.9770318021201412,93,51,52,0.9807692307692308,20,21,1,1,6,927,105,665123,24,1403,8736066,4,6.0,1.0,1,2,250959,75857217673,11231570,165716,0.0,44,2.0,1.005231073181441,0.1254286920034052,0.1258329041817222,0.0845227414422038,-0.5493212222320522,-0.5261530538854821,-0.8315755852062707,0.1128669252428632,-0.752807409162811,-0.8209857747498552,-1.274754878398196,0.1445442476984501,0.0917646501804867,0.0656069133376824,-0.5291046392655465,1.3842154287655426,1.3997380090634206,-2.861042159721496,-0.4364357804719851,-2.9233411762247217,-0.142857142857143,-2.1473175285873656,-0.0877711544598277,0.8886688112666387,-0.0244761231225702,1.4033427552553863,0.0,-0.5141766235411905,0.5,0.8773584905660378,1.831715210355987,0.0024942717448175,0.0142450142450142,2.1666666666666665,5.837867314891243e-06,0.0192307692307692,0.0005889281507656,1.0,0.010752688172043,0
807,0x481c75c63b72f5161693b737dcb581ebe14a4ec8d129f1cf0b15df577351153a,2,0xe905fceb934d98c75022fda23b491ddfccd47f83,0xc9f27a50f82571c1c8423a42970613b8dbda14ef,2021-12-16 09:47:42+00:00,1660,1699,0.9770453207769276,93,137,142,0.9647887323943662,37,22,2,2,8,927,105,666826,54,265,1700128,7,6.0,3.0,1,3,140908,51537240250,10236334,88841,0.0,133,2.0,-0.4730499167912659,0.1297212550425361,0.1300273343211129,0.0845227414422038,-0.4760511293107225,-0.4581921840991888,-0.6841331055597688,0.1201769592611833,-0.3565929832876472,-0.3203846925853094,-0.2941742027072758,0.1445442476984501,0.0917646501804867,0.0834252689524694,-0.3784770137392,-0.7327542768320753,-0.7433105813210638,0.3656971181598903,-0.4364357804719851,0.2891216547914563,-0.142857142857143,0.3495633186072459,-0.1677281444254,-0.3685652453821457,-0.154117417692112,-0.7336499621116567,0.0,-0.4464957889578705,0.25,0.8773584905660378,1.8327939590075517,0.0024894012989875,0.1390977443609022,2.6296296296296298,8.05821205332066e-05,0.0140845070422535,0.0011771630370806,1.0,0.021505376344086,0
577,0x4a40ae815999bbd4ca994ad7d6d8ddb2d3f8ccba3f3d90d84bc246f8638a47fb,2,0xccff041faeb4afda1cf84b0c082d907387291453,0xc9f27a50f82571c1c8423a42970613b8dbda14ef,2021-12-17 07:24:58+00:00,1661,1700,0.9770588235294118,94,175,179,0.9776536312849162,50,23,3,3,8,927,106,672634,51,1544,9509731,7,6.0,3.0,1,3,166558,47327558603,20162406,105941,0.0,159,2.0,-0.4730499167912659,0.134013818081667,0.1342217644605036,0.1599894748727427,-0.4436759719733908,-0.4302527154092683,-0.571382974065385,0.1274869932795035,0.0396214425875164,0.1802163895792364,-0.2941742027072758,0.1445442476984501,0.1582607734996803,0.1441939180485837,-0.3935397762918347,1.6465113237473217,1.6353855783967222,0.3656971181598903,-0.4364357804719851,0.2891216547914563,-0.142857142857143,0.3495633186072459,-0.1490922683986766,-0.5861869578617159,1.1388712041729332,-0.2582993869314753,0.0,-0.4267238597537546,0.25,0.8785046728971962,1.8338727076591157,0.0024693927613044,0.0323624595469255,3.5098039215686274,1.840220102942964e-05,0.0167597765363128,0.0017647058823529,1.0,0.0319148936170212,0
461,0x4283f9d3882774c126f45efe7cacabbdda3137e5125015f7fbb8fe55195b7183,2,0xe29bdd620872e4daea7cfd491a39798a1f564915,0xc9f27a50f82571c1c8423a42970613b8dbda14ef,2021-12-17 09:36:26+00:00,1662,1701,0.9770723104056436,94,298,311,0.9581993569131833,92,24,3,3,8,927,106,673210,59,299,1920567,7,6.0,3.0,1,3,166540,49427507694,3968874,110729,0.0,286,2.0,-0.4730499167912659,0.1383063811207979,0.1384161945998944,0.1599894748727427,-0.3388826995393961,-0.3305767730560382,-0.2071133184681449,0.1347970272978236,0.0396214425875164,0.1802163895792364,-0.2941742027072758,0.1445442476984501,0.1582607734996803,0.1502205609341488,-0.3533724094848089,-0.6695056213045542,-0.6761679362017115,0.3656971181598903,-0.4364357804719851,0.2891216547914563,-0.142857142857143,0.3495633186072459,-0.1491053462064147,-0.4776289823128972,-0.97052842780712,-0.1252012258810246,0.0,-0.3301455901798036,0.25,0.8785046728971962,1.83495145631068,0.0024687653647964,0.3066666666666666,5.271186440677966,0.0001551624311141,0.0096463022508038,0.001763668430335,1.0,0.0319148936170212,0
138,0xaa3665e6415be904b011c4168ff6bc210794416303598262c824074b2a44d086,2,0x4da86804c5cc2b8d0a48618e6e1da4a3cae07793,0xc9f27a50f82571c1c8423a42970613b8dbda14ef,2021-12-17 12:36:06+00:00,1663,1702,0.9770857814336076,94,52,53,0.981132075471698,21,25,2,2,8,927,106,673975,24,1404,8744918,7,6.0,3.0,1,3,140926,98985582915,7014109,88853,0.0,45,2.0,-0.4730499167912659,0.1425989441599288,0.1426106247392851,0.1599894748727427,-0.5484692444073855,-0.5253979331100788,-0.8229024981682411,0.1421070613161437,-0.3565929832876472,-0.3203846925853094,-0.2941742027072758,0.1445442476984501,0.1582607734996803,0.1582246960165399,-0.5291046392655465,1.3860756833398815,1.4024342048118883,0.3656971181598903,-0.4364357804719851,0.2891216547914563,-0.142857142857143,0.3495633186072459,-0.1677150666176619,2.084301847889232,-0.5738504462344292,-0.733316382760653,0.0,-0.5134161647256476,0.25,0.8785046728971962,1.836030204962244,0.0024674469120562,0.0149466192170818,2.208333333333333,5.9463100801734125e-06,0.0377358490566037,0.0011750881316098,1.0,0.0212765957446808,0
584,0xbaab16b87806a10999effa9cd754f035475b50f8d5f1859e7db33d83d9ee93a4,2,0xc96aea91ec00b495b3d91dd139a206558a1c5497,0xc9f27a50f82571c1c8423a42970613b8dbda14ef,2021-12-17 13:32:33+00:00,1664,1703,0.9770992366412212,94,581,636,0.9135220125786164,140,26,2,2,8,927,106,674215,148,496,3200741,7,6.0,3.0,1,3,140926,49934092065,26604597,88853,0.0,627,-1.0,-0.4730499167912659,0.1468915071990597,0.1468050548786758,0.1599894748727427,-0.0977729751587417,-0.0851625210499794,0.2091948593572721,0.1494170953344639,-0.3565929832876472,-0.3203846925853094,-0.2941742027072758,0.1445442476984501,0.1582607734996803,0.1607357972188587,0.0934895462433524,-0.3030354701597996,-0.2862447893310501,0.3656971181598903,-0.4364357804719851,0.2891216547914563,-0.142857142857143,0.3495633186072459,-0.1677150666176619,-0.4514408361353898,1.978042999711128,-0.733316382760653,0.0,-0.0708291340796676,0.25,0.8785046728971962,1.837108953613808,0.0024680517816248,0.2816901408450704,4.297297297297297,0.0001815204099549,0.0031446540880503,0.001174398120963,1.0,0.0212765957446808,0
200,0xc97fca12aadd36b7258b24f07114fc5328963cac9d586215cb115b97a9acb277,3,0x13906045e62f0c0aa6b01fd14ca164817e3e474f,0xc9f27a50f82571c1c8423a42970613b8dbda14ef,2021-12-17 13:34:26+00:00,1665,1704,0.977112676056338,94,337,342,0.9853801169590644,266,27,1,1,13,928,106,674222,39,2045,12317259,7,7.0,3.0,1,3,287719,54982322676,27621894,185423,0.0,123,2.0,1.005231073181441,0.1511840702381906,0.1509994850180666,0.1599894748727427,-0.3056555643773978,-0.3071680290185372,1.302003826148992,0.156727129352784,-0.752807409162811,-0.8209857747498552,2.1572774865200244,0.1522573879171508,0.1582607734996803,0.1608090376705929,-0.4537908265023733,2.578498865491088,2.4905194529227583,0.3656971181598903,2.2912878474779195,0.2891216547914563,-0.142857142857143,0.3495633186072459,-0.0610633648792293,-0.1904698928003944,2.110558001220028,1.9511634444411077,0.0,-0.4541003771132997,0.2307692307692307,0.8785046728971962,1.836206896551724,0.0024695093463142,0.1300097751710655,8.76923076923077,2.735998103474312e-05,0.0029239766081871,0.0005868544600938,1.0,0.0106382978723404,0
879,0x523233604e889ade938e2e629e6b01878283709329714093c7553c54ff7c6252,3,0x9ef7b6db1547ae9827a036838f633808feb9e24d,0xc9f27a50f82571c1c8423a42970613b8dbda14ef,2021-12-17 15:55:09+00:00,1666,1705,0.9771260997067448,94,564,599,0.9415692821368948,134,28,1,1,13,929,106,674843,173,514,3319139,7,7.0,3.0,1,3,287701,79619823196,12777100,185411,0.0,588,2.0,1.005231073181441,0.1554766332773215,0.1551939151574573,0.1599894748727427,-0.1122565981780743,-0.1131019897398999,0.157156337129095,0.1640371633711041,-0.752807409162811,-0.8209857747498552,2.1572774865200244,0.1599705281358514,0.1582607734996803,0.1673065120315928,0.2190125675153078,-0.2695508878217001,-0.2501824097301579,0.3656971181598903,2.2912878474779195,0.2891216547914563,-0.142857142857143,0.3495633186072459,-0.0610764426869674,1.0831786877756804,0.1768474925786943,1.950829865090104,0.0,-0.1004870278858415,0.2307692307692307,0.8785046728971962,1.835306781485468,0.0024687186964691,0.2601941747572815,3.46242774566474,0.0001699235344095,0.001669449081803,0.0005865102639296,1.0,0.0106382978723404,0
808,0x6c91e55a54299c2879252380c694636ad117d7b41f6b919294f08eeaacd560c2,2,0x941d8b7b8f6088d04bfa271d6754f3164898c78e,0xc9f27a50f82571c1c8423a42970613b8dbda14ef,2021-12-18 09:50:44+00:00,1667,1706,0.977139507620164,95,96,109,0.8807339449541285,40,29,2,2,8,929,107,679744,26,363,2336722,7,6.0,3.0,1,3,140926,45693964995,18513548,88853,0.0,91,2.0,-0.4730499167912659,0.1597691963164524,0.1593883452968481,0.2354562083032815,-0.5109822201220541,-0.4831111696874963,-0.6581138444456802,0.1713471973894242,-0.3565929832876472,-0.3203846925853094,-0.2941742027072758,0.1599705281358514,0.2247568968188738,0.2185852911672774,-0.5190627975637901,-0.5504493285468675,-0.5494129269717473,0.3656971181598903,-0.4364357804719851,0.2891216547914563,-0.142857142857143,0.3495633186072459,-0.1677150666176619,-0.6706364408106197,0.9240878907866154,-0.733316382760653,0.0,-0.4784350592106732,0.25,0.8796296296296297,1.836383207750269,0.0024523902345732,0.1098901098901098,4.1923076923076925,4.108317502759206e-05,0.018348623853211,0.0011723329425556,1.0,0.0210526315789473,0
635,0x93a1e1e9f565a5cea83853dfb28e5e65f4f595882b302d6a84df9c5812941285,2,0xe29bdd620872e4daea7cfd491a39798a1f564915,0xc9f27a50f82571c1c8423a42970613b8dbda14ef,2021-12-18 19:13:31+00:00,1668,1707,0.9771528998242532,95,301,314,0.9585987261146496,93,30,4,4,8,929,107,682247,59,300,1929604,7,6.0,3.0,1,3,166576,42936233280,16610658,105953,0.0,288,2.0,-0.4730499167912659,0.1640617593555833,0.1635827754362388,0.2354562083032815,-0.3363267660653963,-0.3283114107298284,-0.1984402314301154,0.1786572314077444,0.4358358684626801,0.6808174717437823,-0.2941742027072758,0.1599705281358514,0.2247568968188738,0.244773984123127,-0.3533724094848089,-0.6676453667302154,-0.6734153920332857,0.3656971181598903,-0.4364357804719851,0.2891216547914563,-0.142857142857143,0.3495633186072459,-0.1490791905909386,-0.8131988359516417,0.6762138960522657,-0.2579658075804718,0.0,-0.3286246725487178,0.25,0.8796296296296297,1.83745963401507,0.002444858761037,0.3089700996677741,5.322033898305085,0.0001559904747344,0.0127388535031847,0.0023432923257176,1.0,0.0421052631578947,0
981,0xcd94d5058d1936701584d5f556ff6a7495b37d3ae5cb0784a9ff0074e58ab331,2,0xcf0de3dea22ff2b1ec918c13fdc31f3874fc72e9,0xc9f27a50f82571c1c8423a42970613b8dbda14ef,2021-12-18 23:27:56+00:00,1669,1708,0.9771662763466042,95,267,275,0.9709090909090908,73,31,2,2,8,929,107,683405,67,1495,9283632,7,6.0,3.0,1,3,166576,54602606198,11489932,105953,0.0,252,2.0,-0.4730499167912659,0.1683543223947142,0.1677772055756295,0.2354562083032815,-0.3652940121040615,-0.3577611209705555,-0.3719019721907059,0.1859672654260645,-0.3565929832876472,-0.3203846925853094,-0.2941742027072758,0.1599705281358514,0.2247568968188738,0.2568900474243151,-0.3132050426777832,1.5553588496047177,1.5665189762127147,0.3656971181598903,-0.4364357804719851,0.2891216547914563,-0.142857142857143,0.3495633186072459,-0.1490791905909386,-0.2100995363526473,0.00917859208827,-0.2579658075804718,0.0,-0.3560011899082629,0.25,0.8796296296296297,1.8385360602798708,0.0024421793194674,0.0487967914438502,4.104477611940299,2.87602924415474e-05,0.0072727272727272,0.0011709601873536,1.0,0.0210526315789473,0
320,0x4b02f725f037fdc29f0cf181ce58219b0619933a205bda4757bf40d629af8737,2,0x267a6d716452082f5a45b6192436566e9b5b108f,0xc9f27a50f82571c1c8423a42970613b8dbda14ef,2021-12-19 01:26:46+00:00,1670,1709,0.9771796372147454,96,474,510,0.9294117647058824,97,32,8,6,8,929,108,683927,49,468,3017071,7,6.0,3.0,1,3,166576,80000000000,2879615,105953,0.0,449,-1.0,-0.4730499167912659,0.1726468854338451,0.1719716357150203,0.3109229417338204,-0.1889346023980704,-0.1803077387507899,-0.1637478832779973,0.1932772994443846,2.0206935719633345,1.682019636072874,-0.2941742027072758,0.1599705281358514,0.2912530201380674,0.2623516925393584,-0.4035816179935911,-0.3551225982412875,-0.3421881098372737,0.3656971181598903,-0.4364357804719851,0.2891216547914563,-0.142857142857143,0.3495633186072459,-0.1490791905909386,1.1028321281232305,-1.1124173334350558,-0.2579658075804718,0.0,-0.2061908032463075,0.25,0.8807339449541285,1.839612486544672,0.0024417774970464,0.2068230277185501,10.408163265306122,0.0001571059623369,0.0156862745098039,0.0046811000585137,1.3333333333333333,0.0625,0
160,0xcd4690e5d9f1a09b7c5eea96aab5cddee9a92c44c8f05ac1b6742aa86e5191ac,2,0x267a6d716452082f5a45b6192436566e9b5b108f,0xc9f27a50f82571c1c8423a42970613b8dbda14ef,2021-12-19 01:29:44+00:00,1671,1710,0.9771929824561404,96,475,513,0.925925925925926,97,33,9,6,8,929,108,683940,49,468,3017084,7,6.0,3.0,1,3,166576,60135550576,9650201,86140,0.0,450,-1.0,-0.4730499167912659,0.176939448472976,0.176166065854411,0.3109229417338204,-0.1880826245734038,-0.1780423764245801,-0.1637478832779973,0.2005873334627048,2.416907997838498,1.682019636072874,-0.2941742027072758,0.1599705281358514,0.2912530201380674,0.2624877105211506,-0.4035816179935911,-0.3551225982412875,-0.342184150218574,0.3656971181598903,-0.4364357804719851,0.2891216547914563,-0.142857142857143,0.3495633186072459,-0.1490791905909386,0.0759289407538474,-0.2304681936989377,-0.808733114366725,0.0,-0.2054303444307646,0.25,0.8807339449541285,1.8406889128094728,0.0024431931994133,0.2068230277185501,10.46938775510204,0.0001574367311494,0.0175438596491228,0.0052631578947368,1.5,0.0625,0
844,0xf049243074034e3d02f7573d0a4c7beb2646739f81754a04241c94ee1ceafc68,2,0xa58a950cc6083863d8179171d8a18a3537f46c5c,0xc9f27a50f82571c1c8423a42970613b8dbda14ef,2021-12-19 07:46:16+00:00,1672,1711,0.9772063120981882,96,359,372,0.9650537634408602,126,34,3,3,8,929,108,685613,88,363,2334720,7,6.0,3.0,1,3,140944,41912118303,4805573,88865,0.0,322,2.0,-0.4730499167912659,0.1812320115121069,0.1803604959938017,0.3109229417338204,-0.2869120522347321,-0.2845144057564395,0.0877716408248588,0.2078973674810249,0.0396214425875164,0.1802163895792364,-0.2941742027072758,0.1599705281358514,0.2912530201380674,0.2799921784856478,-0.2077657048093406,-0.5504493285468675,-0.550022708251507,0.3656971181598903,-0.4364357804719851,0.2891216547914563,-0.142857142857143,0.3495633186072459,-0.1677019888099238,-0.8661409996968603,-0.8615384580662333,-0.7329828034096494,0.0,-0.3027690728202585,0.25,0.8807339449541285,1.8417653390742732,0.0024386899917446,0.3461538461538461,4.227272727272728,0.0001537656962009,0.0080645161290322,0.0017533606078316,1.0,0.03125,0
596,0x092122b234d819d81f4b9691b2a2b14a4ce834a26079b3daf61c6e5627565ded,2,0x35dcf2c2223f335266e17dacbe8777d7c5bf8a15,0xc9f27a50f82571c1c8423a42970613b8dbda14ef,2021-12-19 08:20:47+00:00,1673,1712,0.9772196261682244,96,1394,1469,0.9489448604492852,230,35,2,2,8,929,108,685757,352,1008,6450422,7,6.0,3.0,1,3,140944,48517598283,882530,88865,0.0,1425,2.0,-0.4730499167912659,0.1855245745512379,0.1845549261331925,0.3109229417338204,0.5948849962952232,0.5438530848609344,0.9897726927799292,0.215207401499345,-0.3565929832876472,-0.3203846925853094,-0.2941742027072758,0.1599705281358514,0.2912530201380674,0.281498839207039,1.1177573998225088,0.6494148719016947,0.7035627226523189,0.3656971181598903,-0.4364357804719851,0.2891216547914563,-0.142857142857143,0.3495633186072459,-0.1677019888099238,-0.5246672291038895,-1.3725613442680775,-0.7329828034096494,0.0,0.5360170007235833,0.25,0.8807339449541285,1.8428417653390743,0.0024396361398627,0.2279484638255698,4.173295454545454,0.0002161098582217,0.001361470388019,0.0011682242990654,1.0,0.0208333333333333,0
842,0xe89ded7c6aeb064810b810627844c8088eee5cb1bb120756c9e383bd093e43e6,2,0x9a560c3cebb3a8c0f28efcc43f4d12e942f4eed7,0xc9f27a50f82571c1c8423a42970613b8dbda14ef,2021-12-19 09:33:04+00:00,1674,1713,0.9772329246935202,96,4585,5025,0.9124378109452737,446,36,4,4,8,929,108,686062,583,699,4514810,7,6.0,3.0,1,3,166594,35678866329,24194920,105965,0.0,4971,2.0,-0.4730499167912659,0.1898171375903687,0.1887493562725832,0.3109229417338204,3.3135462348064184,3.22906256219492,2.8631594929943063,0.2225174355176652,0.4358358684626801,0.6808174717437823,-0.2941742027072758,0.1599705281358514,0.2912530201380674,0.2846900303183192,2.277590116375377,0.0745962084309881,0.1140023018340438,0.3656971181598903,-0.4364357804719851,0.2891216547914563,-0.142857142857143,0.3495633186072459,-0.1490661127832006,-1.188372247246241,1.664153986678591,-0.2576322282294681,0.0,3.2326039606387806,0.25,0.8807339449541285,1.8439181916038752,0.0024400091536783,0.6371428571428571,8.619210977701544,0.0010155463872131,0.0007960199004975,0.0023350846468184,1.0,0.0416666666666666,0
441,0x8ec841616aba57bc37568891ab47628b690409bc0915884af5796f95cf17ec63,2,0xef7d9be5a88af3c6bc4d87606b2747695485e50e,0xc9f27a50f82571c1c8423a42970613b8dbda14ef,2021-12-19 12:05:15+00:00,1675,1714,0.9772462077012836,96,1371,1382,0.992040520984081,313,37,2,2,8,929,108,686792,242,1449,9004518,7,6.0,3.0,1,3,140944,41000000000,9705362,88865,0.0,1314,2.0,-0.4730499167912659,0.1941097006294997,0.192943786411974,0.3109229417338204,0.5752895063278909,0.478157577400851,1.7096389169363797,0.2298274695359853,-0.3565929832876472,-0.3203846925853094,-0.2941742027072758,0.1599705281358514,0.2912530201380674,0.2923279631420388,0.5654561062259049,1.46978713918513,1.4815047443851213,0.3656971181598903,-0.4364357804719851,0.2891216547914563,-0.142857142857143,0.3495633186072459,-0.1677019888099238,-0.9132934363245272,-0.2232828191247156,-0.7329828034096494,0.0,0.451606072198319,0.25,0.8807339449541285,1.844994617868676,0.0024388716833165,0.2158620689655172,5.710743801652892,0.0001522568834604,0.0014471780028943,0.0011668611435239,1.0,0.0208333333333333,0
672,0xfb520a9d37827a41b5bdd21588d79bb407bdda05e80b834d688ac28d53dcc964,2,0x382bc51a164aba74afdd0024f2ad6f81ff261553,0xc9f27a50f82571c1c8423a42970613b8dbda14ef,2021-12-19 14:48:57+00:00,1676,1715,0.9772594752186587,96,212,217,0.976958525345622,50,38,2,2,8,929,108,687544,83,126,806054,7,6.0,3.0,1,3,140926,56606304457,2975821,88853,0.0,206,2.0,-0.4730499167912659,0.1984022636686306,0.1971382165513647,0.3109229417338204,-0.4121527924607258,-0.4015581259439444,-0.571382974065385,0.2371375035543054,-0.3565929832876472,-0.3203846925853094,-0.2941742027072758,0.1599705281358514,0.2912530201380674,0.3001960802426376,-0.2328703090637317,-0.9913296626651764,-1.0156330528095017,0.3656971181598903,-0.4364357804719851,0.2891216547914563,-0.142857142857143,0.3495633186072459,-0.1677150666176619,-0.1065172983165098,-1.0998853607317398,-0.733316382760653,0.0,-0.3909822954232373,0.25,0.8807339449541285,1.846071044133477,0.0024376586259808,0.3937007874015748,2.6144578313253013,0.0002630093479973,0.0092165898617511,0.0011661807580174,1.0,0.0208333333333333,0
363,0x56d0adc3e4a81ec286466cc6ad08976bcfc9599669010275c4cf2c6b02e18860,2,0x3dce908e0bc371bd224433c22345500ebf1525e3,0xc9f27a50f82571c1c8423a42970613b8dbda14ef,2021-12-19 17:34:13+00:00,1677,1716,0.9772727272727272,96,65,67,0.9701492537313432,20,39,2,2,8,929,108,688276,33,578,3732398,7,6.0,3.0,1,3,140926,72731521715,7975168,88853,0.0,59,2.0,-0.4730499167912659,0.2026948267077615,0.2013326466907554,0.3109229417338204,-0.5373935326867194,-0.5148262422544332,-0.8315755852062707,0.2444475375726256,-0.3565929832876472,-0.3203846925853094,-0.2941742027072758,0.1599705281358514,0.2912530201380674,0.3078549389097099,-0.4839163516076425,-0.1504945950640134,-0.1243094817120739,0.3656971181598903,-0.4364357804719851,0.2891216547914563,-0.142857142857143,0.3495633186072459,-0.1677150666176619,0.7270843105585663,-0.4486611113252124,-0.733316382760653,0.0,-0.5027697413080467,0.25,0.8807339449541285,1.8471474703982775,0.0024365190177791,0.0345423143350604,2.0303030303030303,1.7415072718645567e-05,0.0298507462686567,0.0011655011655011,1.0,0.0208333333333333,0
538,0x49ce73ff1d197ebbb0387ad5a82780984567dd3b269c6475e81988009922c5ed,2,0xf0b14c66ea5036ac75ab58ca5dae0ade5f01712f,0xc9f27a50f82571c1c8423a42970613b8dbda14ef,2021-12-20 05:33:41+00:00,1678,1717,0.9772859638905068,97,178,178,1.0,41,40,2,2,8,929,109,691527,42,97,614192,7,6.0,3.0,1,3,140926,42259303306,17392583,88853,0.0,163,2.0,-0.4730499167912659,0.2069873897468924,0.2055270768301462,0.3863896751643592,-0.4411200384993909,-0.4310078361846715,-0.6494407574076507,0.2517575715909457,-0.3565929832876472,-0.3203846925853094,-0.2941742027072758,0.1599705281358514,0.3577491434572609,0.3418698972794529,-0.4387280639497386,-1.0452770453210032,-1.074071542268668,0.3656971181598903,-0.4364357804719851,0.2891216547914563,-0.142857142857143,0.3495633186072459,-0.1677150666176619,-0.8481930878983688,0.7780689025595553,-0.733316382760653,0.0,-0.4236820244915829,0.25,0.8818181818181818,1.8482238966630784,0.0024265105679018,0.4183673469387755,4.238095238095238,0.0002898111831297,0.0112359550561797,0.0011648223645894,1.0,0.0206185567010309,0
920,0x20d821fe2752fefc90c9a659a4bf623f5bbc66ef144a0253be4911ed0b015678,2,0x9f82226aae1f6900047da20c30dc836587157e03,0xc9f27a50f82571c1c8423a42970613b8dbda14ef,2021-12-20 09:55:50+00:00,1679,1718,0.9772991850989524,97,719,730,0.9849315068493152,134,41,4,4,8,929,109,692658,143,228,1459227,7,6.0,3.0,1,3,166576,55000000000,6969516,105953,0.0,714,-1.0,-0.4730499167912659,0.2112799527860233,0.2097215069695369,0.3863896751643592,0.0197999646452523,-0.0141811681620731,0.157156337129095,0.2590676056092658,0.4358358684626801,0.6808174717437823,-0.2941742027072758,0.1599705281358514,0.3577491434572609,0.3537034616953801,0.0683849419889613,-0.8015836960826129,-0.8166856662738039,0.3656971181598903,-0.4364357804719851,0.2891216547914563,-0.142857142857143,0.3495633186072459,-0.1490791905909386,-0.1895560542150758,-0.5796592134501847,-0.2579658075804718,0.0,-0.0046692171274335,0.25,0.8818181818181818,1.8493003229278795,0.0024239921808566,0.5851528384279476,5.104895104895105,0.000492726290888,0.0054794520547945,0.0023282887077997,1.0,0.0412371134020618,0
745,0xa62079f9fb5084b18c2be6403fdc05726d3ef68b9e6ab6976922b18c7adeee01,3,0x7d2ecc357cc50a0c2c59a2d1d1587ea27e096a05,0xc9f27a50f82571c1c8423a42970613b8dbda14ef,2021-12-20 11:19:37+00:00,1680,1719,0.9773123909249564,97,113,122,0.9262295081967212,49,42,1,1,6,930,109,693014,43,1559,9570964,4,6.0,1.0,1,2,250959,36362393394,16274939,165716,0.0,89,2.0,1.005231073181441,0.2155725158251542,0.2139159371089277,0.3863896751643592,-0.4964985971027215,-0.4732945996072539,-0.5800560611034145,0.266377639627586,-0.752807409162811,-0.8209857747498552,-1.274754878398196,0.1676836683545521,0.3577491434572609,0.357428261812153,-0.4337071430988604,1.6744151423624043,1.6540362962306503,-2.861042159721496,-0.4364357804719851,-2.9233411762247217,-0.142857142857143,-2.1473175285873656,-0.0877711544598277,-1.1530369552016655,0.6324825139764646,1.4033427552553863,0.0,-0.479955976841759,0.5,0.8818181818181818,1.848387096774193,0.0024241899525984,0.0314102564102564,2.8372093023255816,1.180654197356275e-05,0.0081967213114754,0.0005817335660267,1.0,0.0103092783505154,0
746,0x8091389ee234cbefc3bf0a4c8cce5fd820f77eb586f300560d135b9804b5d055,3,0xa3f76c31f57da65b0ce84c64c25e61bf38c86bed,0xc9f27a50f82571c1c8423a42970613b8dbda14ef,2021-12-20 11:22:08+00:00,1681,1720,0.9773255813953488,97,271,273,0.9926739926739928,112,43,1,1,13,931,109,693027,83,545,3519401,7,7.0,3.0,1,3,287701,31000000000,17393995,185411,0.0,269,2.0,1.005231073181441,0.2198650788642851,0.2181103672483184,0.3863896751643592,-0.3618861008053949,-0.359271362521362,-0.0336515777075545,0.2736876736459061,-0.752807409162811,-0.8209857747498552,2.1572774865200244,0.1753968085732527,0.3577491434572609,0.3575642797939453,-0.2328703090637317,-0.2118829960171956,-0.189185397418853,0.3656971181598903,2.2912878474779195,0.2891216547914563,-0.142857142857143,0.3495633186072459,-0.0610764426869674,-1.4302487092598497,0.778252832308813,1.950829865090104,0.0,-0.3430733900440333,0.2307692307692307,0.8818181818181818,1.8474758324382383,0.0024255874221532,0.2051282051282051,3.289156626506024,7.700171790548508e-05,0.0036630036630036,0.0005813953488372,1.0,0.0103092783505154,0
923,0x3425acd106ef5f78d9416f0c47940ea70d9aa383aa33d8ee3d13c4eac3126b38,2,0x1401528d8bc0031090d872ab9a92d95ec2ddac44,0xc9f27a50f82571c1c8423a42970613b8dbda14ef,2021-12-20 11:50:58+00:00,1682,1721,0.9773387565368972,97,511,546,0.935897435897436,116,44,3,3,8,931,109,693155,93,345,2222913,7,6.0,3.0,1,3,140944,33188790498,16534134,88865,0.0,510,2.0,-0.4730499167912659,0.224157641903416,0.2223047973877091,0.3863896751643592,-0.1574114228854053,-0.1531233908362726,0.0010407704445635,0.2809977076642262,0.0396214425875164,0.1802163895792364,-0.2941742027072758,0.1753968085732527,0.3577491434572609,0.3589035337685153,-0.1826611005549495,-0.5839339108849668,-0.5840775611716319,0.3656971181598903,-0.4364357804719851,0.2891216547914563,-0.142857142857143,0.3495633186072459,-0.1677019888099238,-1.3170980303306663,0.6662457373184181,-0.7329828034096494,0.0,-0.1598028154981894,0.25,0.8818181818181818,1.8485499462943071,0.00242658218352,0.3352601156069364,5.870967741935484,0.0002298784388419,0.0054945054945054,0.0017431725740848,1.0,0.0309278350515463,0
599,0xe78597998a8ffea3e4995a199bb971ef1247746547eeea58f91819dd77ae1c4f,2,0xa8005630cae7b7d2afadd38fd3b3040d13cbe2bc,0xc9f27a50f82571c1c8423a42970613b8dbda14ef,2021-12-20 15:40:05+00:00,1683,1722,0.9773519163763066,97,335,345,0.9710144927536232,105,45,2,2,8,931,109,694210,112,670,4329947,7,6.0,3.0,1,3,140908,80952684641,1796160,88841,0.0,325,2.0,-0.4730499167912659,0.2284502049425469,0.2264992275270999,0.3863896751643592,-0.307359520026731,-0.3049026666923274,-0.0943631869737611,0.2883077416825464,-0.3565929832876472,-0.3203846925853094,-0.2941742027072758,0.1753968085732527,0.3577491434572609,0.3699419161370416,-0.0872636043882634,0.0206488257751613,0.0576956101656057,0.3656971181598903,-0.4364357804719851,0.2891216547914563,-0.142857142857143,0.3495633186072459,-0.1677281444254,1.1520816629841746,-1.2535501992154765,-0.7336499621116567,0.0,-0.3004876963736297,0.25,0.8818181818181818,1.849624060150376,0.0024243349644416,0.1564828614008941,3.080357142857143,7.736813467505845e-05,0.0057971014492753,0.0011614401858304,1.0,0.0206185567010309,0
204,0x73d98f4b07f63a65c229fc87f7f21c7576c4f9903890321471df838e2b74bf1b,2,0xeb9072f14a376bf6d4bf9d0ae6c13eb30dd11681,0xc9f27a50f82571c1c8423a42970613b8dbda14ef,2021-12-20 22:54:42+00:00,1684,1723,0.9773650609402206,97,387,398,0.9723618090452262,103,46,2,2,8,931,109,696249,96,342,2203062,7,6.0,3.0,1,3,140944,60436991983,4638568,88865,0.0,392,2.0,-0.4730499167912659,0.2327427679816778,0.2306936576664906,0.3863896751643592,-0.2630566731440666,-0.2648812655959548,-0.1117093610498202,0.2956177757008665,-0.3565929832876472,-0.3203846925853094,-0.2941742027072758,0.1753968085732527,0.3577491434572609,0.3912758134350748,-0.1675983380023148,-0.5895146746079833,-0.5901238989261322,0.3656971181598903,-0.4364357804719851,0.2891216547914563,-0.142857142857143,0.3495633186072459,-0.1677019888099238,0.0915121132368166,-0.883292840342986,-0.7329828034096494,0.0,-0.249536955732254,0.25,0.8818181818181818,1.8506981740064448,0.002418671454219,0.3002915451895043,4.145833333333333,0.0001756645179915,0.0050251256281407,0.0011607661056297,1.0,0.0206185567010309,0
303,0x0f27686101cbe22c79f6c313251e4680866a752d123215d9838374168e3344bd,3,0x078d423dced327d331fc8915d15ddeaaee6414ac,0xc9f27a50f82571c1c8423a42970613b8dbda14ef,2021-12-21 00:38:51+00:00,1685,1724,0.9773781902552204,98,722,754,0.9575596816976129,99,47,1,1,12,932,110,696744,136,346,2227431,7,7.0,3.0,1,3,208455,91792340835,2048414,183115,0.0,744,-1.0,1.005231073181441,0.2370353310208087,0.2348880878058813,0.461856408594898,0.0223558981192522,0.003941730447605,-0.1464017092019383,0.3029278097191866,-0.752807409162811,-0.8209857747498552,1.6669871486745644,0.1831099487919533,0.4242452667764544,0.3964549596648573,0.0332384960328138,-0.5820736563106279,-0.582701441380446,0.3656971181598903,2.2912878474779195,0.2891216547914563,-0.142857142857143,0.3495633186072459,-0.1186522177986132,1.7124434056136075,-1.2206911234582238,1.887005015931408,0.0,0.0181445473388541,0.25,0.8828828828828829,1.849785407725322,0.0024183883630309,0.2853025936599423,5.544117647058823,0.0003241400859824,0.0013262599469496,0.0005800464037122,1.0,0.010204081632653,0
897,0xcf762a8f4502cbeb4ab79626cc5a7c65c6dde5b487c8fa9b58f421e10e4807e8,2,0x26eccf0498462fea34ba8713d66e953395d93e85,0xc9f27a50f82571c1c8423a42970613b8dbda14ef,2021-12-21 04:49:34+00:00,1686,1725,0.977391304347826,98,88,88,1.0,30,48,2,2,8,932,110,697819,33,278,1784528,7,6.0,3.0,1,3,166576,55075245103,5837166,105953,0.0,72,2.0,-0.4730499167912659,0.2413278940599396,0.2390825179452721,0.461856408594898,-0.5177980427193871,-0.4989687059709647,-0.7448447148259755,0.3102378437375068,-0.3565929832876472,-0.3203846925853094,-0.2941742027072758,0.1831099487919533,0.4242452667764544,0.4077026004669101,-0.4839163516076425,-0.7085709673656702,-0.7176035183781483,0.3656971181598903,-0.4364357804719851,0.2891216547914563,-0.142857142857143,0.3495633186072459,-0.1490791905909386,-0.1856662189392346,-0.7271612329770311,-0.2579658075804718,0.0,-0.4928837767059887,0.25,0.8828828828828829,1.8508583690987124,0.0024160958413344,0.1075268817204301,2.6666666666666665,4.9312731818872095e-05,0.0227272727272727,0.001159420289855,1.0,0.0204081632653061,0
214,0x24e276cfc0cbd280a71da775ae35da39a107b97f819a3b2cd7cb40e9cc3afb82,2,0x57e648f095dc7d8b26e97dfd1d03be8d7fbfbf71,0xc9f27a50f82571c1c8423a42970613b8dbda14ef,2021-12-21 12:08:21+00:00,1687,1726,0.977404403244496,98,1446,1514,0.9550858652575958,253,49,5,5,8,932,110,699746,392,537,3471001,7,6.0,3.0,1,3,140926,47199232811,25299643,88853,0.0,1412,2.0,-0.4730499167912659,0.2456204570990705,0.2432769480846628,0.461856408594898,0.6391878431778876,0.577833519754081,1.1892536946546084,0.3175478777558269,0.8320502943378438,1.1814185539083282,-0.2941742027072758,0.1831099487919533,0.4242452667764544,0.4278646505371946,1.3185942338576375,-0.2267650326119065,-0.203927362424032,0.3656971181598903,-0.4364357804719851,0.2891216547914563,-0.142857142857143,0.3495633186072459,-0.1677150666176619,-0.592820827344516,1.80805726174174,-0.733316382760653,0.0,0.5261310361215252,0.25,0.8828828828828829,1.851931330472103,0.0024108713577907,0.4702602230483271,3.862244897959184,0.0004165944012708,0.0033025099075297,0.0028968713789107,1.0,0.0510204081632653,0
