transaction_hash,trace_involved_amt,from_address,to_address,block_timestamp,gas,gas_price,receipt_cumulative_gas_used,receipt_gas_used,value,nonce,transaction_type,rn,lb_block_timestamp,contract_block_involved,contract_tx_count,contract_block_per_tx,contract_main_active_days,sender_block_involved,sender_tx_count,sender_block_per_tx,sender_main_active_days,contract_interact,add_feat_hash,sender_tx_count_call_contract,sender_days_call_contract,trace_amt,distinct_sender_in_contract,contract_lifetime_days,contract_lifetime_block,distinct_contract_sender_called,sender_lifetime_days,sender_lifetime_block,contract_involved_amt,max_breadth,depth,distinct_was_called_in_sample,distinct_sender_call_in_sample
0x8037b3dc0bf9d5d396c10506824096afb8125ea96ada011d35faa89fa3893aea,20,0x8ca72f46056d85db271dd305f6944f32a9870ff0,0x9c5a2a6431523fbbc648fb83137a20a2c1789c56,2022-10-25 16:46:59.000000 UTC,1186908,33200000000,1150453,947732,0,1,2,1,2021-10-25T00:00:00,1,1,1.0,1,3,3,1.0,1,1,0x8037b3dc0bf9d5d396c10506824096afb8125ea96ada011d35faa89fa3893aea,1,1,194,1,0,0,1,0,58,7,31,11,4,6
0xd7c04a3c0bbd96a577bac3cdfd64fe763557ea3d6fc08c0953f23ff08b37c5d5,1,0x24c6bbb049784095b398f54b963cc5c9189436e3,0x3561081260186e69369e6c32f280836554292e08,2022-10-25 09:07:47.000000 UTC,74608,12360082032,2468624,74191,0,2200,2,2,2021-10-25T00:00:00,66,68,0.97058823529411764,16,2178,2211,0.9850746268656716,196,68,0xd7c04a3c0bbd96a577bac3cdfd64fe763557ea3d6fc08c0953f23ff08b37c5d5,6,3,5,26,23,162536,577,201,1286790,4,1,2,1,1
0xba282465c65eaa7355dc0175c3cfa43afa722d41ed9dc5dffcb13659ffd78d63,1,0x24c6bbb049784095b398f54b963cc5c9189436e3,0x3561081260186e69369e6c32f280836554292e08,2022-10-25 09:04:35.000000 UTC,67255,11710196191,9251559,34623,0,2199,2,3,2021-10-25T00:00:00,65,67,0.97014925373134331,16,2177,2210,0.98506787330316747,196,67,0xba282465c65eaa7355dc0175c3cfa43afa722d41ed9dc5dffcb13659ffd78d63,5,3,2,26,23,162520,577,201,1286774,3,0,1,1,1
0x16212a6e21e93f80b226bafc4604589d9c106f3fa0d1dc00025c2264e239077b,1,0x24c6bbb049784095b398f54b963cc5c9189436e3,0x3561081260186e69369e6c32f280836554292e08,2022-10-25 09:03:59.000000 UTC,67255,13202258963,3367540,66956,0,2198,2,4,2021-10-25T00:00:00,64,66,0.96969696969696972,16,2176,2209,0.98506111362607518,196,66,0x16212a6e21e93f80b226bafc4604589d9c106f3fa0d1dc00025c2264e239077b,4,3,5,26,23,162517,577,201,1286771,4,1,2,1,1
0xa01de1922ec98bfd7a088382897e4b7de78ef0e5111a75137f1629a456e6c4b4,1,0x27d4e6fe4f5aca5eccf4a1c7694ace7451060bfc,0x3561081260186e69369e6c32f280836554292e08,2022-10-24 12:42:47.000000 UTC,67255,15166529826,8184323,66956,0,22,2,5,2021-10-24T00:00:00,63,65,0.96923076923076923,15,24,24,1.0,4,65,0xa01de1922ec98bfd7a088382897e4b7de78ef0e5111a75137f1629a456e6c4b4,3,2,5,26,22,156473,11,6,40488,4,1,2,1,1
0xf7dd9f66e6f11bcc69e63834008659303ab366aab7d8c03cc0cba68de999e525,2,0x27d4e6fe4f5aca5eccf4a1c7694ace7451060bfc,0x91bf23d27170712e0e93bda5478f86bbff2c1915,2022-10-24 12:42:11.000000 UTC,188490,15566454561,5154506,178890,0,21,2,6,2021-10-24T00:00:00,150,164,0.91463414634146345,22,23,23,1.0,4,44,0xf7dd9f66e6f11bcc69e63834008659303ab366aab7d8c03cc0cba68de999e525,3,2,19,32,22,156644,11,6,40485,6,9,2,1,3
0x01d86e76ee265a410badbb715b23bb18bef2d105cf9f603c00baa550435fa1e6,2,0x27d4e6fe4f5aca5eccf4a1c7694ace7451060bfc,0x91bf23d27170712e0e93bda5478f86bbff2c1915,2022-10-24 12:40:47.000000 UTC,214239,14919090411,21179002,214239,0,20,2,7,2021-10-24T00:00:00,149,163,0.91411042944785281,22,22,22,1.0,4,43,0x01d86e76ee265a410badbb715b23bb18bef2d105cf9f603c00baa550435fa1e6,2,2,19,32,22,156637,11,6,40478,6,9,2,1,3
0xba9838d663493cca626ddbd5e40347bac918399009107aab375f5f83dc81e669,2,0x145a35a5ea96057b782a7dd60894d461ded5c5e1,0x91bf23d27170712e0e93bda5478f86bbff2c1915,2022-10-22 23:49:47.000000 UTC,140519,14679933489,3981061,140519,0,96,2,8,2021-10-22T00:00:00,143,157,0.910828025477707,20,53,57,0.92982456140350878,16,42,0xba9838d663493cca626ddbd5e40347bac918399009107aab375f5f83dc81e669,5,1,3,32,20,145646,18,252,1613712,3,1,1,1,1
0xac82460873b5a91fd9067131b30b5d7d1f813f8138f77a9adb07b874cf33e6bc,1,0x145a35a5ea96057b782a7dd60894d461ded5c5e1,0x3561081260186e69369e6c32f280836554292e08,2022-10-22 23:48:23.000000 UTC,46279,16716473401,14533045,46279,0,95,2,9,2021-10-22T00:00:00,62,64,0.96875,14,52,56,0.9285714285714286,16,64,0xac82460873b5a91fd9067131b30b5d7d1f813f8138f77a9adb07b874cf33e6bc,2,1,1,26,20,145465,18,252,1613705,2,,,1,0
0xc98683112e9b0f34c79dd13a27b7cc2d00c89dcca1edae79a8987ae055bd11a5,1,0x145a35a5ea96057b782a7dd60894d461ded5c5e1,0x3561081260186e69369e6c32f280836554292e08,2022-10-22 23:47:35.000000 UTC,91684,14730995613,12689297,86467,0,94,2,10,2021-10-22T00:00:00,61,63,0.96825396825396826,14,51,55,0.92727272727272725,16,63,0xc98683112e9b0f34c79dd13a27b7cc2d00c89dcca1edae79a8987ae055bd11a5,1,1,5,26,20,145461,18,252,1613701,4,1,2,1,1
0x46fb880a9d34b0127f5fffc12415c127a35870a5d53756753d1a1dd16d790574,2,0x6c6a234d1806f7d0bac872ed49933a6852424467,0x91bf23d27170712e0e93bda5478f86bbff2c1915,2022-10-20 06:15:35.000000 UTC,140531,19108231617,16436660,140531,0,27,2,11,2021-10-20T00:00:00,137,151,0.9072847682119205,19,37,38,0.97368421052631582,19,41,0x46fb880a9d34b0127f5fffc12415c127a35870a5d53756753d1a1dd16d790574,1,1,3,31,18,126064,21,143,917570,3,1,1,1,1
0x7314048c87aa4827008b15846aedbbe6dcae5745fdc0e95de97f3100efcf4401,1,0x6c6a234d1806f7d0bac872ed49933a6852424467,0x3561081260186e69369e6c32f280836554292e08,2022-10-20 06:15:11.000000 UTC,46279,20928931824,12072130,46279,0,26,2,12,2021-10-20T00:00:00,60,62,0.967741935483871,13,36,37,0.972972972972973,19,62,0x7314048c87aa4827008b15846aedbbe6dcae5745fdc0e95de97f3100efcf4401,2,1,1,25,18,125888,20,143,917568,2,,,1,0
0xb35b010946f4b53d2b995e1f0f5ab25453d9ca1268799ce98c70cb657ef9ba23,1,0x6c6a234d1806f7d0bac872ed49933a6852424467,0x3561081260186e69369e6c32f280836554292e08,2022-10-20 06:13:59.000000 UTC,91708,20417489347,14464465,91291,0,25,2,13,2021-10-20T00:00:00,59,61,0.96721311475409832,13,35,36,0.97222222222222221,19,61,0xb35b010946f4b53d2b995e1f0f5ab25453d9ca1268799ce98c70cb657ef9ba23,1,1,5,25,18,125882,20,143,917562,4,1,2,1,1
0xb4d502280f0680ca4ced9e66fbfa2979ed289a8ec6930df052df4e24d0398270,1,0x79a94077ac9ff31a9e728a25bf9a549affea1632,0x3561081260186e69369e6c32f280836554292e08,2022-10-19 03:07:35.000000 UTC,74596,16359699338,7913934,74179,0,241,2,14,2021-10-19T00:00:00,58,60,0.96666666666666667,12,188,190,0.98947368421052628,69,60,0xb4d502280f0680ca4ced9e66fbfa2979ed289a8ec6930df052df4e24d0398270,3,2,5,24,17,117800,81,363,2319831,4,1,2,1,1
0x365692e5860be0928b65b3486790d1431c03edda781a9369522ecee3f0e73e40,1,0x80ae402ac0984d84c232e61bc13f066df590bde0,0x3561081260186e69369e6c32f280836554292e08,2022-10-19 00:05:35.000000 UTC,74596,21991966364,18948471,74179,0,89,2,15,2021-10-19T00:00:00,57,59,0.96610169491525422,12,89,93,0.956989247311828,33,59,0x365692e5860be0928b65b3486790d1431c03edda781a9369522ecee3f0e73e40,4,2,5,24,17,116900,45,193,1224405,4,1,2,1,1
0xb2d7508823a22d9e7a2c07798559155dabf342abf37d4bd90cff5b8d52fae963,1,0x80ae402ac0984d84c232e61bc13f066df590bde0,0x3561081260186e69369e6c32f280836554292e08,2022-10-19 00:05:11.000000 UTC,60334,22650291879,21935937,60050,0,86,2,16,2021-10-19T00:00:00,56,58,0.96551724137931039,12,88,91,0.967032967032967,33,58,0xb2d7508823a22d9e7a2c07798559155dabf342abf37d4bd90cff5b8d52fae963,3,2,5,24,17,116898,44,193,1224403,4,1,2,1,1
0x4deba5dca8917a60d6a0cee514f832265fbedf7254718a0ccf5ed99db78069ea,2,0x80ae402ac0984d84c232e61bc13f066df590bde0,0x91bf23d27170712e0e93bda5478f86bbff2c1915,2022-10-19 00:04:47.000000 UTC,152909,20477080751,10098846,152909,0,85,2,17,2021-10-19T00:00:00,129,143,0.90209790209790208,18,87,89,0.97752808988764039,33,40,0x4deba5dca8917a60d6a0cee514f832265fbedf7254718a0ccf5ed99db78069ea,2,2,11,30,17,117070,43,193,1224401,6,5,2,1,3
0x7a8207148051c1880bc424e1e7d5ff30d7f06a9cc1d6cc0cd6cd6b1a1a61378f,2,0x27d4e6fe4f5aca5eccf4a1c7694ace7451060bfc,0x91bf23d27170712e0e93bda5478f86bbff2c1915,2022-10-18 21:05:23.000000 UTC,140531,31217678158,9871005,140531,0,7,2,18,2021-10-18T00:00:00,127,141,0.900709219858156,17,9,9,1.0,1,39,0x7a8207148051c1880bc424e1e7d5ff30d7f06a9cc1d6cc0cd6cd6b1a1a61378f,1,1,3,30,16,116177,5,0,18,3,1,1,1,1
0x890381de1983350d04c5a194f6a0cc7d54a54ad64777a1a6e106fc898f8e9efc,1,0x27d4e6fe4f5aca5eccf4a1c7694ace7451060bfc,0x3561081260186e69369e6c32f280836554292e08,2022-10-18 21:04:59.000000 UTC,46279,33241926638,8646481,46279,0,6,2,19,2021-10-18T00:00:00,55,57,0.96491228070175439,11,8,8,1.0,1,57,0x890381de1983350d04c5a194f6a0cc7d54a54ad64777a1a6e106fc898f8e9efc,2,1,1,24,16,116001,4,0,16,2,,,1,0
0xa88d5f233bdcf8ec6ebbdc31cf8289dbd1241fdbb2b54596dd06d7ef84e269d4,1,0x27d4e6fe4f5aca5eccf4a1c7694ace7451060bfc,0x3561081260186e69369e6c32f280836554292e08,2022-10-18 21:04:23.000000 UTC,91696,28111576870,11071961,86479,0,5,2,20,2021-10-18T00:00:00,54,56,0.9642857142857143,11,7,7,1.0,1,56,0xa88d5f233bdcf8ec6ebbdc31cf8289dbd1241fdbb2b54596dd06d7ef84e269d4,1,1,5,24,16,115998,4,0,13,4,1,2,1,1
0xad1b46f30eab863ccbd7e9f305928dd19f107be1e051679f44622793a09cf3e6,2,0xf0e43a827e5a66e51e88edcadf58176c42bad071,0x91bf23d27170712e0e93bda5478f86bbff2c1915,2022-10-17 23:24:35.000000 UTC,161336,15000000000,17907128,151736,0,42,2,21,2021-10-17T00:00:00,125,139,0.89928057553956831,16,45,45,1.0,15,38,0xad1b46f30eab863ccbd7e9f305928dd19f107be1e051679f44622793a09cf3e6,10,3,11,29,15,109701,19,247,1583000,6,5,2,1,3
0x2d11eb3d2cf59dc175518747946df6b893f5bda638435519b17980ce92639dc1,2,0x1d0d7bd1ef5dfdde86c8b145cdf948ad8f0e9961,0x91bf23d27170712e0e93bda5478f86bbff2c1915,2022-10-17 15:41:11.000000 UTC,123419,39365931310,7152536,123419,0,198,2,22,2021-10-17T00:00:00,123,137,0.8978102189781022,16,202,204,0.99019607843137258,48,37,0x2d11eb3d2cf59dc175518747946df6b893f5bda638435519b17980ce92639dc1,12,2,3,29,15,107391,45,277,1769374,3,1,1,1,1
0xb49a7811f66cd664e21a0c0550d0d365f7911824111aa8300da45a1b1a5e5b14,2,0x1d0d7bd1ef5dfdde86c8b145cdf948ad8f0e9961,0x91bf23d27170712e0e93bda5478f86bbff2c1915,2022-10-17 15:39:59.000000 UTC,144260,41279974366,8965763,134660,0,196,2,23,2021-10-17T00:00:00,121,135,0.89629629629629626,16,200,202,0.99009900990099009,48,36,0xb49a7811f66cd664e21a0c0550d0d365f7911824111aa8300da45a1b1a5e5b14,10,2,11,29,15,107385,45,277,1769368,6,5,2,1,3
0xe3826ab615a5383a464d8d81ec241c7bb6f5077f8183761fcfbe862ec465fb57,1,0x1d0d7bd1ef5dfdde86c8b145cdf948ad8f0e9961,0x3561081260186e69369e6c32f280836554292e08,2022-10-17 15:38:35.000000 UTC,74608,37954462385,27438011,74191,0,194,2,24,2021-10-17T00:00:00,53,55,0.96363636363636362,10,198,200,0.99,48,55,0xe3826ab615a5383a464d8d81ec241c7bb6f5077f8183761fcfbe862ec465fb57,4,2,5,23,15,107204,45,277,1769361,4,1,2,1,1
0x43c5602f82808a69c5858751504f6c4f0773952514c7944d285263984ca2da27,2,0x1d0d7bd1ef5dfdde86c8b145cdf948ad8f0e9961,0x91bf23d27170712e0e93bda5478f86bbff2c1915,2022-10-17 15:37:23.000000 UTC,135809,35934648002,23312460,135809,0,192,2,25,2021-10-17T00:00:00,119,133,0.89473684210526316,16,196,198,0.98989898989899,48,35,0x43c5602f82808a69c5858751504f6c4f0773952514c7944d285263984ca2da27,8,2,11,29,15,107372,45,277,1769355,6,5,2,1,3
0x5ef32279c01a18e01cce49560bf898bb336548ef3fa5f6015d0de6d0cf02d4a4,2,0xf2978b5dabb93964410fb0394c07f144706a2df7,0x91bf23d27170712e0e93bda5478f86bbff2c1915,2022-10-16 23:10:35.000000 UTC,123431,13601277153,537144,123431,0,153,2,26,2021-10-16T00:00:00,115,129,0.89147286821705429,15,162,162,1.0,32,34,0x5ef32279c01a18e01cce49560bf898bb336548ef3fa5f6015d0de6d0cf02d4a4,15,4,3,29,14,102477,44,276,1764428,3,1,1,1,1
0x5a18d185c9344565bca4f79fc2fcf89849a95f6f2a477cb60cc368c2d15a5faa,2,0xf2978b5dabb93964410fb0394c07f144706a2df7,0x91bf23d27170712e0e93bda5478f86bbff2c1915,2022-10-16 23:08:59.000000 UTC,106688,12991664975,23471206,106688,0,152,2,27,2021-10-16T00:00:00,114,128,0.890625,15,161,161,1.0,32,33,0x5a18d185c9344565bca4f79fc2fcf89849a95f6f2a477cb60cc368c2d15a5faa,14,4,3,29,14,102469,44,276,1764420,3,1,1,1,1
0xedc007802d22244bed48276e22851261e146160e80d80df349cf4976e32cd4ac,2,0xf2978b5dabb93964410fb0394c07f144706a2df7,0x91bf23d27170712e0e93bda5478f86bbff2c1915,2022-10-16 23:08:47.000000 UTC,144248,11717870120,9284051,134648,0,151,2,28,2021-10-16T00:00:00,113,127,0.889763779527559,15,160,160,1.0,32,32,0xedc007802d22244bed48276e22851261e146160e80d80df349cf4976e32cd4ac,13,4,11,29,14,102468,44,276,1764419,6,5,2,1,3
0x2547190061471b76a92225fdd834a6cbe6637fd9422e818c2fac84c255886853,1,0xf2978b5dabb93964410fb0394c07f144706a2df7,0x3561081260186e69369e6c32f280836554292e08,2022-10-16 23:07:23.000000 UTC,74608,13072250405,13195921,74191,0,149,2,29,2021-10-16T00:00:00,52,54,0.96296296296296291,9,158,158,1.0,32,54,0x2547190061471b76a92225fdd834a6cbe6637fd9422e818c2fac84c255886853,7,3,5,23,14,102287,44,276,1764412,4,1,2,1,1
0xc20bd88faa734f2a6f3d68c00efa6f9746f4cc81d6777a7a08fb8160d9178758,2,0xf2978b5dabb93964410fb0394c07f144706a2df7,0x91bf23d27170712e0e93bda5478f86bbff2c1915,2022-10-16 22:57:59.000000 UTC,135809,13371380674,5480063,135809,0,145,2,30,2021-10-16T00:00:00,111,125,0.888,15,154,154,1.0,32,31,0xc20bd88faa734f2a6f3d68c00efa6f9746f4cc81d6777a7a08fb8160d9178758,11,4,11,29,14,102414,44,276,1764365,6,5,2,1,3
0xf413620e7b89a9ef771894b82926dd9b68afc05c7f881b26eb364b6c849065a2,1,0xecbe76eb784a1ec0aeb49c2619d0c7b3661b88a4,0x3561081260186e69369e6c32f280836554292e08,2022-10-15 03:54:23.000000 UTC,60334,16701227358,5518925,60050,0,112,2,31,2021-10-15T00:00:00,51,53,0.96226415094339623,8,113,125,0.904,68,53,0xf413620e7b89a9ef771894b82926dd9b68afc05c7f881b26eb364b6c849065a2,1,1,5,23,13,89394,82,340,2170050,4,1,2,1,1
0x70d2b68fb7064fef483b037fcb8625557ec68df0f9e6b5428a790f147dbd8de5,2,0xcf2b7c6bc98bfe0d6138a25a3b6162b51f75e05d,0x91bf23d27170712e0e93bda5478f86bbff2c1915,2022-10-14 23:42:11.000000 UTC,92190,14591530502,9488263,92190,0,2748,0,32,2021-10-14T00:00:00,105,119,0.88235294117647056,13,2010,2097,0.9585121602288984,265,30,0x70d2b68fb7064fef483b037fcb8625557ec68df0f9e6b5428a790f147dbd8de5,1,1,3,28,12,88312,663,365,2334815,3,1,1,1,1
0xcf541690cc4b7dec14ea34c756214c13f9427b34ac1d5e85c5e83959fdcbdab0,1,0x3bb0a33aa7c8db101e57dd7b4e35d36afc931a24,0x3561081260186e69369e6c32f280836554292e08,2022-10-14 22:43:23.000000 UTC,60334,16012660452,2282288,60050,0,15,2,33,2021-10-14T00:00:00,50,52,0.96153846153846156,7,19,19,1.0,13,52,0xcf541690cc4b7dec14ea34c756214c13f9427b34ac1d5e85c5e83959fdcbdab0,1,1,5,22,12,87846,14,187,1190739,4,1,2,1,1
0x07d6739c656d13b691d1c4cb46f52092e09df60fd09cf8527e3d69fd8938d924,1,0x17f44a971b56ee342c94f12c8fb5569d7f6c3830,0x3561081260186e69369e6c32f280836554292e08,2022-10-14 22:22:47.000000 UTC,60334,14491238775,7816848,60050,0,19,2,34,2021-10-14T00:00:00,49,51,0.96078431372549022,7,22,22,1.0,11,51,0x07d6739c656d13b691d1c4cb46f52092e09df60fd09cf8527e3d69fd8938d924,1,1,5,21,12,87743,14,292,1868346,4,1,2,1,1
0xb191418f6cc169c9324867db92a8cf6baac1998c7fc1628fce2c0c1767330a94,1,0x24c6bbb049784095b398f54b963cc5c9189436e3,0x3561081260186e69369e6c32f280836554292e08,2022-10-14 07:27:59.000000 UTC,74608,12407842108,6095140,74191,0,2056,2,35,2021-10-14T00:00:00,48,50,0.96,7,2034,2067,0.98403483309143691,185,50,0xb191418f6cc169c9324867db92a8cf6baac1998c7fc1628fce2c0c1767330a94,3,2,5,20,12,83293,540,190,1207547,4,1,2,1,1
0x2d8041d59b25324e344527bff508ddcc9763339e97b0d95baee8fa08b65d2409,2,0x24c6bbb049784095b398f54b963cc5c9189436e3,0x91bf23d27170712e0e93bda5478f86bbff2c1915,2022-10-14 07:24:59.000000 UTC,140531,14655844923,2646381,140531,0,2055,2,36,2021-10-14T00:00:00,103,117,0.88034188034188032,13,2033,2066,0.984027105517909,185,29,0x2d8041d59b25324e344527bff508ddcc9763339e97b0d95baee8fa08b65d2409,1,1,3,26,12,83452,540,190,1207532,3,1,1,1,1
0x329a11c08c91a1a09e768cd208f3c7677daea22b87526f788081ee0664cb50e3,1,0x24c6bbb049784095b398f54b963cc5c9189436e3,0x3561081260186e69369e6c32f280836554292e08,2022-10-14 07:24:35.000000 UTC,46279,13619041371,5777544,46279,0,2054,2,37,2021-10-14T00:00:00,47,49,0.95918367346938771,7,2032,2065,0.98401937046004839,185,49,0x329a11c08c91a1a09e768cd208f3c7677daea22b87526f788081ee0664cb50e3,2,2,1,20,12,83276,539,190,1207530,2,,,1,0
0x23aa99ddc1d59732295225d08067156e146900c75fbc39cf76527eeac2732cac,2,0xbd1ded3bcc8103028c8ebdc61990ca777709b10a,0x91bf23d27170712e0e93bda5478f86bbff2c1915,2022-10-10 22:32:11.000000 UTC,140531,29633272001,10834948,140531,0,637,2,38,2021-10-10T00:00:00,89,103,0.86407766990291257,9,443,451,0.9822616407982262,173,28,0x23aa99ddc1d59732295225d08067156e146900c75fbc39cf76527eeac2732cac,1,1,3,25,8,59315,205,364,2324618,3,1,1,1,1
0xce432fea99d7fe8bca76fdc26ecf7bcad443a30851a402ac5c09048f18b900ec,1,0xbd1ded3bcc8103028c8ebdc61990ca777709b10a,0x3561081260186e69369e6c32f280836554292e08,2022-10-10 22:31:11.000000 UTC,46279,27018815762,23017418,46279,0,636,2,39,2021-10-10T00:00:00,46,48,0.95833333333333337,6,442,450,0.98222222222222222,173,48,0xce432fea99d7fe8bca76fdc26ecf7bcad443a30851a402ac5c09048f18b900ec,2,1,1,20,8,59136,204,364,2324613,2,,,1,0
0x5463fe5e3345b9b3ca9f2d9fa2c019c0ad0798d6a06a55fa22e126b132154ddf,1,0xbd1ded3bcc8103028c8ebdc61990ca777709b10a,0x3561081260186e69369e6c32f280836554292e08,2022-10-10 22:30:47.000000 UTC,91696,29400362857,7963307,86479,0,635,2,40,2021-10-10T00:00:00,45,47,0.95744680851063835,6,441,449,0.98218262806236079,173,47,0x5463fe5e3345b9b3ca9f2d9fa2c019c0ad0798d6a06a55fa22e126b132154ddf,1,1,5,20,8,59134,204,364,2324611,4,1,2,1,1
0x406374f8258c542ef8df45f45e01ed05a98e9bab416fc815a9e967d4bf916799,2,0x4c55c41bd839b3552fb2abecacfdf4a5d2879cb9,0x91bf23d27170712e0e93bda5478f86bbff2c1915,2022-10-10 10:47:35.000000 UTC,140531,38930973708,6059820,140531,0,1345,2,41,2021-10-10T00:00:00,88,102,0.86274509803921573,9,928,974,0.95277207392197127,246,27,0x406374f8258c542ef8df45f45e01ed05a98e9bab416fc815a9e967d4bf916799,2,1,3,24,8,55812,349,365,2329048,3,1,1,1,1
0x37570e1941b64897737cb0cf3129ae7aeb91a11a5bbc11046b4ed32eabcfdffd,1,0x4c55c41bd839b3552fb2abecacfdf4a5d2879cb9,0x3561081260186e69369e6c32f280836554292e08,2022-10-10 10:45:35.000000 UTC,46279,40000000000,10067238,46279,0,1343,2,42,2021-10-10T00:00:00,44,46,0.95652173913043481,6,926,971,0.95365602471678679,246,46,0x37570e1941b64897737cb0cf3129ae7aeb91a11a5bbc11046b4ed32eabcfdffd,2,1,1,19,8,55628,348,365,2329038,2,,,1,0
0x4c65802374516e90f251a3c8157f05ea8cabb5d732a31ce331db5dc434cbcf2a,1,0x4c55c41bd839b3552fb2abecacfdf4a5d2879cb9,0x3561081260186e69369e6c32f280836554292e08,2022-10-10 10:44:23.000000 UTC,91696,37858051316,11232444,86479,0,1341,2,43,2021-10-10T00:00:00,43,45,0.9555555555555556,6,924,969,0.95356037151702788,246,45,0x4c65802374516e90f251a3c8157f05ea8cabb5d732a31ce331db5dc434cbcf2a,1,1,5,19,8,55622,347,365,2329032,4,1,2,1,1
0xacac0ac2ae63179b2a057f5b49a1b102c9bb6321abe06689607fd154f42a8928,1,0x988a502bc0375bb9e0923902b547c6ae2723fc05,0x3561081260186e69369e6c32f280836554292e08,2022-10-08 09:39:59.000000 UTC,91708,12046461838,12297313,91291,0,1397,2,44,2021-10-08T00:00:00,42,44,0.95454545454545459,5,1285,1319,0.97422289613343438,179,44,0xacac0ac2ae63179b2a057f5b49a1b102c9bb6321abe06689607fd154f42a8928,1,1,5,18,6,40970,299,365,2325311,4,1,2,1,1
0x720151cac32bb5941138a421563810f0d695254df041f357f2fdba5e0ba7858d,1,0x4731223a7b5ac0c425f1f35d0bdf6d340a93a181,0x3561081260186e69369e6c32f280836554292e08,2022-10-07 21:49:23.000000 UTC,67255,7828920392,28126427,66956,0,10,2,45,2021-10-07T00:00:00,41,43,0.95348837209302328,4,11,11,1.0,5,43,0x720151cac32bb5941138a421563810f0d695254df041f357f2fdba5e0ba7858d,3,2,5,17,5,37431,5,10,72475,4,1,2,1,1
0x52478a1449699e5c5b6dac41fad69b3a58ac67b3218a943b6d0442a445e7bcab,2,0x4731223a7b5ac0c425f1f35d0bdf6d340a93a181,0x91bf23d27170712e0e93bda5478f86bbff2c1915,2022-10-07 21:47:23.000000 UTC,205590,7784292756,6786190,195990,0,9,2,46,2021-10-07T00:00:00,77,90,0.85555555555555551,6,10,10,1.0,5,26,0x52478a1449699e5c5b6dac41fad69b3a58ac67b3218a943b6d0442a445e7bcab,2,2,19,22,5,37595,5,10,72465,6,9,2,1,3
0xed49da68fda5efe1828e87b5b9a75004f88f7b26bd3a54a30edb5f12c70f7053,2,0x79a94077ac9ff31a9e728a25bf9a549affea1632,0x91bf23d27170712e0e93bda5478f86bbff2c1915,2022-10-07 08:54:47.000000 UTC,140531,6021375743,12419934,140531,0,237,2,47,2021-10-07T00:00:00,76,89,0.8539325842696629,6,185,187,0.98930481283422456,67,25,0xed49da68fda5efe1828e87b5b9a75004f88f7b26bd3a54a30edb5f12c70f7053,1,1,3,22,5,33775,81,355,2258926,3,1,1,1,1
0x99e9f121268c345fe86820ae3cbdcd06874f722a5d0f3bd8c1c42dccdc228838,1,0x79a94077ac9ff31a9e728a25bf9a549affea1632,0x3561081260186e69369e6c32f280836554292e08,2022-10-07 08:54:11.000000 UTC,46279,6750104265,6217508,46279,0,236,2,48,2021-10-07T00:00:00,40,42,0.95238095238095233,4,184,186,0.989247311827957,67,42,0x99e9f121268c345fe86820ae3cbdcd06874f722a5d0f3bd8c1c42dccdc228838,2,1,1,17,5,33598,80,355,2258923,2,,,1,0
0x218f796d7271acfc0c9107631b942868a6d664d1e765e63434d3168ca950eb09,1,0x79a94077ac9ff31a9e728a25bf9a549affea1632,0x3561081260186e69369e6c32f280836554292e08,2022-10-07 08:51:47.000000 UTC,91696,5427218434,12992128,86479,0,235,2,49,2021-10-07T00:00:00,39,41,0.95121951219512191,4,183,185,0.98918918918918919,67,41,0x218f796d7271acfc0c9107631b942868a6d664d1e765e63434d3168ca950eb09,1,1,5,17,5,33586,80,355,2258911,4,1,2,1,1
0x2b21ec25be278683737a09f29b3f3faaea5affea8185ad57fc9e0a9311c80aca,2,0x0d734a787dfbadf4916b858d939aae0a9eeef4e2,0x91bf23d27170712e0e93bda5478f86bbff2c1915,2022-10-04 22:53:35.000000 UTC,140531,14579766854,793021,140531,0,1717,2,50,2021-10-04T00:00:00,71,84,0.84523809523809523,3,836,848,0.98584905660377353,174,24,0x2b21ec25be278683737a09f29b3f3faaea5affea8185ad57fc9e0a9311c80aca,1,1,3,20,2,16478,201,358,2282460,3,1,1,1,1
0xb0a425d2f1cc3d043c10c165a28aa2a8a59ca51e10f7585b74503cd4f92fab81,1,0x0d734a787dfbadf4916b858d939aae0a9eeef4e2,0x3561081260186e69369e6c32f280836554292e08,2022-10-04 22:52:47.000000 UTC,46279,12260567020,9837782,46279,0,1716,2,51,2021-10-04T00:00:00,38,40,0.95,3,835,847,0.98583234946871312,174,40,0xb0a425d2f1cc3d043c10c165a28aa2a8a59ca51e10f7585b74503cd4f92fab81,2,2,1,16,2,16300,200,358,2282456,2,,,1,0
0x8c3655253189a9c1a448d1d040cb55c2b5468b88565836d2ce7e97f09f8bc5e4,1,0xe95c2a3fe441d10dd3417fc5b7ea3241af317946,0x3561081260186e69369e6c32f280836554292e08,2022-10-04 09:05:35.000000 UTC,91708,8666971226,5395019,91291,0,38,2,52,2021-10-04T00:00:00,37,39,0.94871794871794868,3,41,41,1.0,23,39,0x8c3655253189a9c1a448d1d040cb55c2b5468b88565836d2ce7e97f09f8bc5e4,1,1,5,16,2,12205,20,319,2026127,4,1,2,1,1
0x3f7b502aa4fa8b5dac5a6ff7b16d94c99ac188ab59d4ef35a87963bb2e344539,1,0xf2978b5dabb93964410fb0394c07f144706a2df7,0x3561081260186e69369e6c32f280836554292e08,2022-10-03 20:46:47.000000 UTC,67243,18708152107,22734102,66944,0,108,2,53,2021-10-03T00:00:00,36,38,0.94736842105263153,2,119,119,1.0,29,38,0x3f7b502aa4fa8b5dac5a6ff7b16d94c99ac188ab59d4ef35a87963bb2e344539,6,2,5,15,1,8538,33,355,2259940,4,1,2,1,1
0x102f6399f2ab1c534064fd5dcd7913179545fa62924a71f2d65907fb6fdd3e5e,2,0xf2978b5dabb93964410fb0394c07f144706a2df7,0x91bf23d27170712e0e93bda5478f86bbff2c1915,2022-10-03 20:39:35.000000 UTC,188523,15134696257,13613393,188523,0,107,2,54,2021-10-03T00:00:00,69,82,0.84146341463414631,2,118,118,1.0,29,23,0x102f6399f2ab1c534064fd5dcd7913179545fa62924a71f2d65907fb6fdd3e5e,5,2,19,19,1,8676,33,355,2259904,6,9,2,1,3
0xef08a4cdcaddd16c4b847fc6cee30d814c5a659b50f9d5a5c509960263b32db6,2,0xf2978b5dabb93964410fb0394c07f144706a2df7,0x91bf23d27170712e0e93bda5478f86bbff2c1915,2022-10-03 20:35:23.000000 UTC,180039,18367345998,9743858,180039,0,105,2,55,2021-10-03T00:00:00,67,80,0.8375,2,116,116,1.0,29,22,0xef08a4cdcaddd16c4b847fc6cee30d814c5a659b50f9d5a5c509960263b32db6,3,2,19,19,1,8655,33,355,2259883,6,9,2,1,3
0x79f85b7123741d0f4145f9ac11abc72eac60bc79b316e17d04111ea1be14cccf,2,0x5c044ca8eebab5e982bc61f75f6cce677397a899,0x91bf23d27170712e0e93bda5478f86bbff2c1915,2022-10-03 17:08:23.000000 UTC,140519,30798938633,2538573,140519,0,991,2,56,2021-10-03T00:00:00,66,79,0.83544303797468356,2,529,531,0.99623352165725043,118,21,0x79f85b7123741d0f4145f9ac11abc72eac60bc79b316e17d04111ea1be14cccf,2,2,3,19,1,7630,132,364,2313906,3,1,1,1,1
0x0ad970cc14a597262d7ff09e0365648dbdfbc5c102df9e8de954daa9c204ff22,2,0x44b7d855d1d1431f74c4a0bed1123ea95b929140,0x91bf23d27170712e0e93bda5478f86bbff2c1915,2022-10-03 14:41:35.000000 UTC,140519,25418739018,15478847,140519,0,107,2,57,2021-10-03T00:00:00,63,76,0.82894736842105265,2,108,110,0.98181818181818181,36,20,0x0ad970cc14a597262d7ff09e0365648dbdfbc5c102df9e8de954daa9c204ff22,1,1,3,19,1,6901,40,89,577167,3,1,1,1,1
0x352b7ab417f841932ff875e7d625a36b419dc26e37260bda0b824380b75185c1,1,0x44b7d855d1d1431f74c4a0bed1123ea95b929140,0x3561081260186e69369e6c32f280836554292e08,2022-10-03 14:40:47.000000 UTC,46279,26579568953,15387632,46279,0,106,2,58,2021-10-03T00:00:00,35,37,0.94594594594594594,2,107,109,0.981651376146789,36,37,0x352b7ab417f841932ff875e7d625a36b419dc26e37260bda0b824380b75185c1,2,1,1,15,1,6723,39,89,577163,2,,,1,0
0x8d1004c13f400ff8683c8633bf2358f1477c7ba95d3ee710a68fdb89480f2beb,1,0x44b7d855d1d1431f74c4a0bed1123ea95b929140,0x3561081260186e69369e6c32f280836554292e08,2022-10-03 14:40:23.000000 UTC,91696,25399531442,13738674,91279,0,105,2,59,2021-10-03T00:00:00,34,36,0.94444444444444442,2,106,108,0.98148148148148151,36,36,0x8d1004c13f400ff8683c8633bf2358f1477c7ba95d3ee710a68fdb89480f2beb,1,1,5,15,1,6721,39,89,577161,4,1,2,1,1
0xdc62a4753b4dfe0bde8b13ef43c5ecb1763b87df871517078f0e228d013def62,2,0x9b7ad9cb6207707cc70838c459d3185ddb4f6d00,0x91bf23d27170712e0e93bda5478f86bbff2c1915,2022-10-03 08:05:35.000000 UTC,140519,10086180288,6194547,140519,0,700,2,60,2021-10-03T00:00:00,59,72,0.81944444444444442,2,428,444,0.963963963963964,144,19,0xdc62a4753b4dfe0bde8b13ef43c5ecb1763b87df871517078f0e228d013def62,2,1,3,17,1,4930,108,364,2310704,3,1,1,1,1
0x9140ea1a043e21375ca6b10dd571a5c14d70f8d0aa2e8e7ce8cf721f29ec98b6,1,0x9b7ad9cb6207707cc70838c459d3185ddb4f6d00,0x3561081260186e69369e6c32f280836554292e08,2022-10-03 08:04:35.000000 UTC,46279,10291162218,7433177,46279,0,698,2,61,2021-10-03T00:00:00,33,35,0.94285714285714284,2,426,441,0.96598639455782309,144,35,0x9140ea1a043e21375ca6b10dd571a5c14d70f8d0aa2e8e7ce8cf721f29ec98b6,2,1,1,14,1,4751,107,364,2310699,2,,,1,0
0x98b3d0afd5614815edf2381590ee3fe73461b28ecf46d2ba6786edd5afc2e48a,1,0x9b7ad9cb6207707cc70838c459d3185ddb4f6d00,0x3561081260186e69369e6c32f280836554292e08,2022-10-03 08:03:59.000000 UTC,91684,9332413389,4797646,86467,0,695,2,62,2021-10-03T00:00:00,32,34,0.94117647058823528,2,424,439,0.96583143507972669,144,34,0x98b3d0afd5614815edf2381590ee3fe73461b28ecf46d2ba6786edd5afc2e48a,1,1,5,14,1,4748,106,364,2310696,4,1,2,1,1
0x4c474046a187af44fd6f2adaba7d92f25f17f166d104f9678054eaed9cea947b,2,0x80ae402ac0984d84c232e61bc13f066df590bde0,0x91bf23d27170712e0e93bda5478f86bbff2c1915,2022-10-03 03:42:11.000000 UTC,140519,7198567929,5151477,140519,0,81,2,63,2021-10-03T00:00:00,58,70,0.82857142857142863,2,83,85,0.97647058823529409,30,18,0x4c474046a187af44fd6f2adaba7d92f25f17f166d104f9678054eaed9cea947b,1,1,3,16,1,3623,41,177,1110954,3,1,1,1,1
0x85861ba98f773d467296c1fb92ba62e3aaded108f1b36bf1bcefe6cb6298e6da,1,0x80ae402ac0984d84c232e61bc13f066df590bde0,0x3561081260186e69369e6c32f280836554292e08,2022-10-03 03:41:47.000000 UTC,46279,7333435417,8511850,46279,0,80,2,64,2021-10-03T00:00:00,31,33,0.93939393939393945,2,82,84,0.97619047619047616,30,33,0x85861ba98f773d467296c1fb92ba62e3aaded108f1b36bf1bcefe6cb6298e6da,2,1,1,13,1,3447,40,177,1110952,2,,,1,0
0xf7d0e59a480062e44a874c8e36d15b32f3b2eac9b7fa4554e5fd20208cf5da40,1,0x80ae402ac0984d84c232e61bc13f066df590bde0,0x3561081260186e69369e6c32f280836554292e08,2022-10-03 03:41:23.000000 UTC,91696,7855507695,5326574,91279,0,79,2,65,2021-10-03T00:00:00,30,32,0.9375,2,81,83,0.97590361445783136,30,32,0xf7d0e59a480062e44a874c8e36d15b32f3b2eac9b7fa4554e5fd20208cf5da40,1,1,5,13,1,3445,40,177,1110950,4,1,2,1,1
0x6ff16d21c8991fc180a62efc355d95bd5300a0cbf9f68844277628eda749d6df,1,0xa5e0ecb5d075e86c3bf5d1b1042e154fee9a4798,0x3561081260186e69369e6c32f280836554292e08,2022-10-03 01:38:23.000000 UTC,67243,9010932549,8927874,66944,0,4373,2,66,2021-10-03T00:00:00,29,31,0.93548387096774188,2,4318,4481,0.96362419102878827,296,31,0x6ff16d21c8991fc180a62efc355d95bd5300a0cbf9f68844277628eda749d6df,3,1,5,12,1,2833,304,351,2226811,4,1,2,1,1
0x1b4b913ca2b364d8510532dead45437096b3ca36c10e56cfa8393d947694254f,2,0xa5e0ecb5d075e86c3bf5d1b1042e154fee9a4798,0x91bf23d27170712e0e93bda5478f86bbff2c1915,2022-10-03 01:19:59.000000 UTC,188478,9153104648,6448144,178878,0,4371,2,67,2021-10-03T00:00:00,51,63,0.80952380952380953,2,4316,4479,0.96360794820272377,296,17,0x1b4b913ca2b364d8510532dead45437096b3ca36c10e56cfa8393d947694254f,4,1,19,15,1,2915,304,351,2226719,6,9,2,1,3
0x08a064beb712cfb09c2e42d5b510a6c92ef1dbe0353283ff7abe960f7d3ef065,2,0xa5e0ecb5d075e86c3bf5d1b1042e154fee9a4798,0x91bf23d27170712e0e93bda5478f86bbff2c1915,2022-10-03 01:18:11.000000 UTC,140519,7872069774,2516601,140519,0,4370,2,68,2021-10-03T00:00:00,50,62,0.80645161290322576,2,4315,4478,0.96359982134881639,296,16,0x08a064beb712cfb09c2e42d5b510a6c92ef1dbe0353283ff7abe960f7d3ef065,3,1,3,15,1,2906,304,351,2226710,3,1,1,1,1
0x6bf0babe6bdacf5bfc590418628c818ee53076a8a29c0b46cd98d6b6404ed521,1,0xa5e0ecb5d075e86c3bf5d1b1042e154fee9a4798,0x3561081260186e69369e6c32f280836554292e08,2022-10-03 01:17:35.000000 UTC,46279,6975844168,12879928,46279,0,4369,2,69,2021-10-03T00:00:00,28,30,0.93333333333333335,2,4314,4477,0.96359169086441809,296,30,0x6bf0babe6bdacf5bfc590418628c818ee53076a8a29c0b46cd98d6b6404ed521,2,1,1,12,1,2729,304,351,2226707,2,,,1,0
0xb9e7a96c8dcb20a0d83fa2149c222a9aaf385d4012c556a6f788858b8f43ce57,1,0xa5e0ecb5d075e86c3bf5d1b1042e154fee9a4798,0x3561081260186e69369e6c32f280836554292e08,2022-10-03 01:16:47.000000 UTC,91696,7119095050,7607656,91279,0,4368,2,70,2021-10-03T00:00:00,27,29,0.93103448275862066,2,4313,4476,0.96358355674709562,296,29,0xb9e7a96c8dcb20a0d83fa2149c222a9aaf385d4012c556a6f788858b8f43ce57,1,1,5,12,1,2725,304,351,2226703,4,1,2,1,1
0x1045e118cb5658f353608703cccc222a06cc12166f19475cf38a80f215c74d22,2,0xd1116bf082416d2ea6364f18566ddaefed3e9717,0x91bf23d27170712e0e93bda5478f86bbff2c1915,2022-10-02 22:05:47.000000 UTC,140531,7224709807,6879532,140531,0,25,2,71,2021-10-02T00:00:00,38,50,0.76,1,30,31,0.967741935483871,9,15,0x1045e118cb5658f353608703cccc222a06cc12166f19475cf38a80f215c74d22,1,1,3,13,0,1948,15,49,322041,3,1,1,1,1
0x022295fc602b32427793d90594fbdfa166bdd6af1f3e89a9a951c92c3fb5d16f,1,0xd1116bf082416d2ea6364f18566ddaefed3e9717,0x3561081260186e69369e6c32f280836554292e08,2022-10-02 22:04:47.000000 UTC,46279,7510557944,9415423,46279,0,23,2,72,2021-10-02T00:00:00,26,28,0.9285714285714286,1,28,29,0.96551724137931039,9,28,0x022295fc602b32427793d90594fbdfa166bdd6af1f3e89a9a951c92c3fb5d16f,2,1,1,11,0,1769,14,49,322036,2,,,1,0
0x2356ca69d577f64c6e295fa04554829f97f1953a7d5b7c73c6e55b8403980a11,1,0xd1116bf082416d2ea6364f18566ddaefed3e9717,0x3561081260186e69369e6c32f280836554292e08,2022-10-02 22:03:35.000000 UTC,91708,7458329749,6757897,91291,0,21,2,73,2021-10-02T00:00:00,25,27,0.92592592592592593,1,26,27,0.96296296296296291,9,27,0x2356ca69d577f64c6e295fa04554829f97f1953a7d5b7c73c6e55b8403980a11,1,1,5,11,0,1763,13,49,322030,4,1,2,1,1
0xb32cfedba085121c64613dc95eba83a99979dd7395c675add2edf165a882dab0,2,0xf2978b5dabb93964410fb0394c07f144706a2df7,0x91bf23d27170712e0e93bda5478f86bbff2c1915,2022-10-02 19:17:11.000000 UTC,140519,5967314431,11050899,140519,0,101,2,74,2021-10-02T00:00:00,36,48,0.75,1,112,112,1.0,28,14,0xb32cfedba085121c64613dc95eba83a99979dd7395c675add2edf165a882dab0,1,1,3,12,0,1109,32,354,2252337,3,1,1,1,1
0x94616448747621eaee30f03c1937999c2bb3e4fb17683b0c58840dac52cce445,1,0xf2978b5dabb93964410fb0394c07f144706a2df7,0x3561081260186e69369e6c32f280836554292e08,2022-10-02 19:14:47.000000 UTC,46279,6868415017,7455938,46279,0,100,2,75,2021-10-02T00:00:00,24,26,0.92307692307692313,1,111,111,1.0,28,26,0x94616448747621eaee30f03c1937999c2bb3e4fb17683b0c58840dac52cce445,5,1,1,10,0,923,31,354,2252325,2,,,1,0
0xc48f3504c9cffa680e397a34b89a080788764b59ee798edcfe37430ad7e37ded,1,0x219688c6156edea2e2ca7e2036c1c5b7f6451169,0x3561081260186e69369e6c32f280836554292e08,2022-10-02 19:08:23.000000 UTC,67243,6158872512,5457495,66944,0,2784,2,76,2021-10-02T00:00:00,23,25,0.92,1,911,940,0.9691489361702128,123,25,0xc48f3504c9cffa680e397a34b89a080788764b59ee798edcfe37430ad7e37ded,5,1,5,10,0,891,153,365,2323942,4,1,2,1,1
0xf037f4022c511b18ccc96c83dee59d29c11c9b9e8d4a7958ed91b9918b0e9c2c,2,0x219688c6156edea2e2ca7e2036c1c5b7f6451169,0x91bf23d27170712e0e93bda5478f86bbff2c1915,2022-10-02 19:07:35.000000 UTC,188478,6243898823,10314438,178878,0,2782,2,77,2021-10-02T00:00:00,35,47,0.74468085106382975,1,910,938,0.97014925373134331,123,13,0xf037f4022c511b18ccc96c83dee59d29c11c9b9e8d4a7958ed91b9918b0e9c2c,13,1,19,11,0,1061,153,365,2323938,6,9,2,1,3
0xba59650d57c58158012a7a678f8ff4cab59f4f2d38cb33dcd2bf3dff272083e1,2,0x219688c6156edea2e2ca7e2036c1c5b7f6451169,0x91bf23d27170712e0e93bda5478f86bbff2c1915,2022-10-02 19:04:23.000000 UTC,123419,5527978777,20977324,123419,0,2780,2,78,2021-10-02T00:00:00,33,44,0.75,1,908,935,0.97112299465240637,123,12,0xba59650d57c58158012a7a678f8ff4cab59f4f2d38cb33dcd2bf3dff272083e1,10,1,3,11,0,1045,153,365,2323922,3,1,1,1,1
0xa59b2ef49cf71968932159402d4b67dc3cf32e127b45ca76e8cbd9e0d2a4d2fe,1,0x219688c6156edea2e2ca7e2036c1c5b7f6451169,0x3561081260186e69369e6c32f280836554292e08,2022-10-02 19:03:47.000000 UTC,91696,5464701135,15277364,91279,0,2778,2,79,2021-10-02T00:00:00,22,24,0.91666666666666663,1,906,933,0.97106109324758838,123,24,0xa59b2ef49cf71968932159402d4b67dc3cf32e127b45ca76e8cbd9e0d2a4d2fe,4,1,5,10,0,868,153,365,2323919,4,1,2,1,1
0xb47b4c4bc2e3f080fabbc00bc3af5cec6d1c12b1c9cc1675a93432db03d5e994,1,0xf2978b5dabb93964410fb0394c07f144706a2df7,0x3561081260186e69369e6c32f280836554292e08,2022-10-02 18:58:47.000000 UTC,74596,5621330107,11434866,74179,0,99,2,80,2021-10-02T00:00:00,21,23,0.91304347826086951,1,110,110,1.0,28,23,0xb47b4c4bc2e3f080fabbc00bc3af5cec6d1c12b1c9cc1675a93432db03d5e994,4,1,5,10,0,843,31,354,2252245,4,1,2,1,1
0xff00898cdc8acb2e1aab3f42d6fa17e88609b959413b22328ed707ec5a498fce,1,0xf2978b5dabb93964410fb0394c07f144706a2df7,0x3561081260186e69369e6c32f280836554292e08,2022-10-02 18:57:47.000000 UTC,67231,5425159730,2787578,66932,0,98,2,81,2021-10-02T00:00:00,20,22,0.90909090909090906,1,109,109,1.0,28,22,0xff00898cdc8acb2e1aab3f42d6fa17e88609b959413b22328ed707ec5a498fce,3,1,5,10,0,838,31,354,2252240,4,1,2,1,1
0xb495d5cf444aa5bea3b7e7eb7baddfab70323cf6cbb8c604e5d75b07d095ae87,1,0xf2978b5dabb93964410fb0394c07f144706a2df7,0x3561081260186e69369e6c32f280836554292e08,2022-10-02 18:55:47.000000 UTC,74608,5017828748,9311652,74191,0,97,2,82,2021-10-02T00:00:00,19,21,0.90476190476190477,1,108,108,1.0,28,21,0xb495d5cf444aa5bea3b7e7eb7baddfab70323cf6cbb8c604e5d75b07d095ae87,2,1,5,10,0,828,31,354,2252230,4,1,2,1,1
0xd9d11694ad54b4371174c0e8ba3d9971c16e74c9058e61697c3957b5e65ae8ce,1,0x5c044ca8eebab5e982bc61f75f6cce677397a899,0x3561081260186e69369e6c32f280836554292e08,2022-10-02 18:51:35.000000 UTC,46279,5158957376,9368357,46279,0,976,2,83,2021-10-02T00:00:00,18,20,0.9,1,513,515,0.996116504854369,117,20,0xd9d11694ad54b4371174c0e8ba3d9971c16e74c9058e61697c3957b5e65ae8ce,2,1,1,10,0,808,129,363,2307258,2,,,1,0
0xd5740bd276b658a48e6621695d9d7447258c4d07220c06912eb9e5f937a54212,1,0xf2978b5dabb93964410fb0394c07f144706a2df7,0x3561081260186e69369e6c32f280836554292e08,2022-10-02 18:50:47.000000 UTC,91696,5143905457,3726913,91279,0,96,2,84,2021-10-02T00:00:00,17,19,0.89473684210526316,1,107,107,1.0,28,19,0xd5740bd276b658a48e6621695d9d7447258c4d07220c06912eb9e5f937a54212,1,1,5,10,0,804,31,354,2252206,4,1,2,1,1
0x1c7021a26fe049bc08d0d10d6a65a992f163f0983046461e904a2849ac5444d6,1,0x5c044ca8eebab5e982bc61f75f6cce677397a899,0x3561081260186e69369e6c32f280836554292e08,2022-10-02 18:50:47.000000 UTC,91696,5643905457,2184354,91279,0,975,2,85,2021-10-02T00:00:00,17,19,0.89473684210526316,1,512,514,0.99610894941634243,117,18,0x1c7021a26fe049bc08d0d10d6a65a992f163f0983046461e904a2849ac5444d6,1,1,5,10,0,804,129,363,2307254,4,1,2,1,1
0x3f56d4cf3d9fac62700ce39c6aacbced06b680ad753b36ae28b22a76925e6595,1,0x0d734a787dfbadf4916b858d939aae0a9eeef4e2,0x3561081260186e69369e6c32f280836554292e08,2022-10-02 18:46:11.000000 UTC,91708,5150518609,11207803,91291,0,1715,2,86,2021-10-02T00:00:00,16,17,0.94117647058823528,1,835,847,0.98583234946871312,174,17,0x3f56d4cf3d9fac62700ce39c6aacbced06b680ad753b36ae28b22a76925e6595,1,1,5,8,0,781,200,364,2316487,4,1,2,1,1
0x69febe4714b07070627c469468557bd8043d8262148061fada15d4c162a2c4fb,2,0x4731223a7b5ac0c425f1f35d0bdf6d340a93a181,0x91bf23d27170712e0e93bda5478f86bbff2c1915,2022-10-02 17:28:35.000000 UTC,140531,5943469882,5666066,140531,0,8,2,87,2021-10-02T00:00:00,27,38,0.71052631578947367,1,9,9,1.0,4,11,0x69febe4714b07070627c469468557bd8043d8262148061fada15d4c162a2c4fb,1,1,3,7,0,571,5,5,35441,3,1,1,1,1
0xa3e5579b0635ffc8091c985b65a9b55142232b9d695fca119cf09ab74f985378,1,0x4731223a7b5ac0c425f1f35d0bdf6d340a93a181,0x3561081260186e69369e6c32f280836554292e08,2022-10-02 17:28:11.000000 UTC,46279,5989727251,3273749,46279,0,7,2,88,2021-10-02T00:00:00,15,16,0.9375,1,8,8,1.0,4,16,0xa3e5579b0635ffc8091c985b65a9b55142232b9d695fca119cf09ab74f985378,2,1,1,7,0,395,4,5,35439,2,,,1,0
0x7ccaaac4a233318eddc4a348611df8a1a908956017c4e1205e3c5f14259013ef,1,0x4731223a7b5ac0c425f1f35d0bdf6d340a93a181,0x3561081260186e69369e6c32f280836554292e08,2022-10-02 17:27:35.000000 UTC,91696,6284234175,6330269,91279,0,6,2,89,2021-10-02T00:00:00,14,15,0.93333333333333335,1,7,7,1.0,4,15,0x7ccaaac4a233318eddc4a348611df8a1a908956017c4e1205e3c5f14259013ef,1,1,5,7,0,392,4,5,35436,4,1,2,1,1
0xe0db5f6b0360f6df02d3d8e1c5bcce8ff34eb36d535926fc24b5453e1035843c,1,0x219688c6156edea2e2ca7e2036c1c5b7f6451169,0x3561081260186e69369e6c32f280836554292e08,2022-10-02 17:13:59.000000 UTC,67243,8597645197,3921921,62144,0,2763,2,90,2021-10-02T00:00:00,13,14,0.9285714285714286,1,892,918,0.971677559912854,123,14,0xe0db5f6b0360f6df02d3d8e1c5bcce8ff34eb36d535926fc24b5453e1035843c,3,1,5,6,0,325,151,365,2323376,4,1,2,1,1
0x256cbbceba46232ffe1eb1986187a836e94f77695515836ad1d115634ef271d4,2,0x219688c6156edea2e2ca7e2036c1c5b7f6451169,0x91bf23d27170712e0e93bda5478f86bbff2c1915,2022-10-02 17:09:23.000000 UTC,202778,6059024370,12898270,197978,0,2761,2,91,2021-10-02T00:00:00,22,32,0.6875,1,889,915,0.97158469945355186,123,10,0x256cbbceba46232ffe1eb1986187a836e94f77695515836ad1d115634ef271d4,3,1,19,6,0,476,151,365,2323353,6,9,2,1,3
0x697b23af44a97b6978d2fe44a6c5eae9455ae71f90af09717e38ec0cdd90fdc7,2,0x1d0d7bd1ef5dfdde86c8b145cdf948ad8f0e9961,0x91bf23d27170712e0e93bda5478f86bbff2c1915,2022-10-02 17:05:23.000000 UTC,122434,5214067737,2741283,122434,0,187,2,92,2021-10-02T00:00:00,20,30,0.66666666666666663,1,191,193,0.98963730569948183,45,9,0x697b23af44a97b6978d2fe44a6c5eae9455ae71f90af09717e38ec0cdd90fdc7,6,1,7,6,0,456,45,262,1662439,5,3,2,1,2
0x5106baba02fb47a43edb75d970384d85ac01593460189dee218a609873e43456,2,0x1d0d7bd1ef5dfdde86c8b145cdf948ad8f0e9961,0x91bf23d27170712e0e93bda5478f86bbff2c1915,2022-10-02 17:04:47.000000 UTC,188511,5381723602,14436510,188511,0,186,2,93,2021-10-02T00:00:00,19,29,0.65517241379310343,1,190,192,0.98958333333333337,45,8,0x5106baba02fb47a43edb75d970384d85ac01593460189dee218a609873e43456,5,1,19,6,0,453,45,262,1662436,6,9,2,1,3
0x801b6a113d1864b80b166e5aa8f4faa8daa1ad8d5906e0deb869b35c13bbeeba,2,0x1d0d7bd1ef5dfdde86c8b145cdf948ad8f0e9961,0x91bf23d27170712e0e93bda5478f86bbff2c1915,2022-10-02 17:01:11.000000 UTC,122446,5461721378,6549054,122446,0,185,2,94,2021-10-02T00:00:00,18,28,0.6428571428571429,1,189,191,0.98952879581151831,45,7,0x801b6a113d1864b80b166e5aa8f4faa8daa1ad8d5906e0deb869b35c13bbeeba,4,1,7,6,0,435,45,262,1662418,5,3,2,1,2
0x947cd6b26802d93930352f71c46fc3a8c2368d7642d45a94104fa7f877d5f88f,1,0x1d0d7bd1ef5dfdde86c8b145cdf948ad8f0e9961,0x3561081260186e69369e6c32f280836554292e08,2022-10-02 16:58:47.000000 UTC,74596,5873888707,8995430,74179,0,183,2,95,2021-10-02T00:00:00,12,13,0.92307692307692313,1,187,189,0.98941798941798942,45,13,0x947cd6b26802d93930352f71c46fc3a8c2368d7642d45a94104fa7f877d5f88f,3,1,5,6,0,249,45,262,1662406,4,1,2,1,1
0xa127f8b74579349806e22e8d4922d5f6a6eabe54cf45afcb02cb6de9f972fa79,1,0x697cb8b5754e1e9001abe42d6be95ff598dab13b,0x91bf23d27170712e0e93bda5478f86bbff2c1915,2022-10-02 16:51:47.000000 UTC,140519,5246985146,15897668,123776,0,43,2,97,2021-10-02T00:00:00,15,25,0.6,1,36,36,1.0,17,6,0xa127f8b74579349806e22e8d4922d5f6a6eabe54cf45afcb02cb6de9f972fa79,1,1,2,6,0,388,18,50,326756,3,0,1,1,1
0x6aa41b66096676f0210892b7ba3b55a25e8bb613f118bd36077c964e04fe261c,2,0x1d0d7bd1ef5dfdde86c8b145cdf948ad8f0e9961,0x91bf23d27170712e0e93bda5478f86bbff2c1915,2022-10-02 16:51:47.000000 UTC,140531,5246985146,12859901,140531,0,179,2,96,2021-10-02T00:00:00,15,25,0.6,1,183,185,0.98918918918918919,45,5,0x6aa41b66096676f0210892b7ba3b55a25e8bb613f118bd36077c964e04fe261c,1,1,3,6,0,388,45,262,1662371,3,1,1,1,1
0x2756bdb2665ece9805e506e7c3de89e029d75019dec2c6cead0ad964fe67fa29,1,0x1d0d7bd1ef5dfdde86c8b145cdf948ad8f0e9961,0x3561081260186e69369e6c32f280836554292e08,2022-10-02 16:51:11.000000 UTC,46279,5488812580,12341316,46279,0,178,2,98,2021-10-02T00:00:00,11,12,0.91666666666666663,1,182,184,0.98913043478260865,45,12,0x2756bdb2665ece9805e506e7c3de89e029d75019dec2c6cead0ad964fe67fa29,2,1,1,6,0,211,44,262,1662368,2,,,1,0
0x846cfac5a27ba5cca1b5ba93da7eb603c6e36560095119f6b60b91ac4a0ae7b0,1,0x1d0d7bd1ef5dfdde86c8b145cdf948ad8f0e9961,0x3561081260186e69369e6c32f280836554292e08,2022-10-02 16:49:47.000000 UTC,91696,5442403117,15448416,91279,0,176,2,99,2021-10-02T00:00:00,10,11,0.90909090909090906,1,180,182,0.989010989010989,45,11,0x846cfac5a27ba5cca1b5ba93da7eb603c6e36560095119f6b60b91ac4a0ae7b0,1,1,5,6,0,204,43,262,1662361,4,1,2,1,1
0x5e7a5834fb70ffe1f545e81480c39815a0153ca88f134b82dc8c4419996bbf96,1,0x697cb8b5754e1e9001abe42d6be95ff598dab13b,0x3561081260186e69369e6c32f280836554292e08,2022-10-02 16:48:35.000000 UTC,46279,5991082552,7512747,46279,0,42,2,100,2021-10-02T00:00:00,9,10,0.9,1,35,35,1.0,17,10,0x5e7a5834fb70ffe1f545e81480c39815a0153ca88f134b82dc8c4419996bbf96,2,1,1,5,0,198,17,50,326740,2,,,1,0
0x32e191d34c983537331d3267bfb8d2c9bb593dc79ff9bb1257fd5c460d24a210,1,0x697cb8b5754e1e9001abe42d6be95ff598dab13b,0x3561081260186e69369e6c32f280836554292e08,2022-10-02 16:47:35.000000 UTC,91684,6019619189,4264619,91267,0,41,2,101,2021-10-02T00:00:00,8,9,0.88888888888888884,1,34,34,1.0,17,9,0x32e191d34c983537331d3267bfb8d2c9bb593dc79ff9bb1257fd5c460d24a210,1,1,5,5,0,193,17,50,326735,4,1,2,1,1
0xa87fbc49a9fa7beb5b952998958abb882753dc2e6577af81f4c537bc1f4a9d06,2,0x714d7baf5067855eba892296b6c6d94a09857010,0x91bf23d27170712e0e93bda5478f86bbff2c1915,2022-10-02 16:39:47.000000 UTC,140519,6765851438,6242661,140519,0,368,2,102,2021-10-02T00:00:00,13,22,0.59090909090909094,1,345,345,1.0,109,4,0xa87fbc49a9fa7beb5b952998958abb882753dc2e6577af81f4c537bc1f4a9d06,1,1,3,4,0,328,124,364,2314932,3,1,1,1,1
0x7ae92f76b634d52c8f35b03d4a6efb99a0aae5ac121d2cfc7fcad3fcdad6cd1e,1,0x714d7baf5067855eba892296b6c6d94a09857010,0x3561081260186e69369e6c32f280836554292e08,2022-10-02 16:39:23.000000 UTC,46279,6184012370,22233167,46279,0,367,2,103,2021-10-02T00:00:00,7,8,0.875,1,344,344,1.0,109,8,0x7ae92f76b634d52c8f35b03d4a6efb99a0aae5ac121d2cfc7fcad3fcdad6cd1e,2,1,1,4,0,152,123,364,2314930,2,,,1,0
0x8dd7d36d5996bb13aae30d7ad14c5842916d33b3bdbcd93d01a7dee2fc685722,1,0x714d7baf5067855eba892296b6c6d94a09857010,0x3561081260186e69369e6c32f280836554292e08,2022-10-02 16:37:35.000000 UTC,91696,5890759300,20243718,91279,0,365,2,104,2021-10-02T00:00:00,6,7,0.8571428571428571,1,342,342,1.0,109,7,0x8dd7d36d5996bb13aae30d7ad14c5842916d33b3bdbcd93d01a7dee2fc685722,1,1,5,4,0,143,122,364,2314921,4,1,2,1,1
0x94295d5dc632505cc26b65b19957a30295d1d496c9fd6e951820fc8eb08e3a9a,1,0x24c6bbb049784095b398f54b963cc5c9189436e3,0x3561081260186e69369e6c32f280836554292e08,2022-10-02 16:32:35.000000 UTC,91696,7058749201,2580892,91279,0,1931,2,105,2021-10-02T00:00:00,5,6,0.83333333333333337,1,1909,1941,0.9835136527563112,173,6,0x94295d5dc632505cc26b65b19957a30295d1d496c9fd6e951820fc8eb08e3a9a,1,1,5,3,0,118,508,178,1124372,4,1,2,1,1
0x8b30579f15b74a88ee2997bca7afcaccb0d0d8bd1d124155a76929c7f8e23230,1,0xf0e43a827e5a66e51e88edcadf58176c42bad071,0x3561081260186e69369e6c32f280836554292e08,2022-10-02 16:21:59.000000 UTC,67231,6173960883,15004083,62132,0,27,2,106,2021-10-02T00:00:00,4,5,0.8,1,30,30,1.0,13,5,0x8b30579f15b74a88ee2997bca7afcaccb0d0d8bd1d124155a76929c7f8e23230,3,1,5,2,0,65,16,232,1473538,4,1,2,1,1
0xcde0a1ecb334986a465fc0298ed38281889ced86e9c370eb41149611bda29915,2,0xf0e43a827e5a66e51e88edcadf58176c42bad071,0x91bf23d27170712e0e93bda5478f86bbff2c1915,2022-10-02 16:20:35.000000 UTC,222711,6663696189,10068395,222711,0,26,2,107,2021-10-02T00:00:00,11,20,0.55,1,29,29,1.0,13,3,0xcde0a1ecb334986a465fc0298ed38281889ced86e9c370eb41149611bda29915,2,1,19,3,0,232,16,232,1473531,6,9,2,1,3
0xf41d020afcb2236b448220f3b327156a8f66f3a88b277e7417e6c6ceafa3ae34,2,0xf0e43a827e5a66e51e88edcadf58176c42bad071,0x91bf23d27170712e0e93bda5478f86bbff2c1915,2022-10-02 16:11:47.000000 UTC,157619,7237649920,6057996,152819,0,25,2,108,2021-10-02T00:00:00,10,19,0.52631578947368418,1,28,28,1.0,13,2,0xf41d020afcb2236b448220f3b327156a8f66f3a88b277e7417e6c6ceafa3ae34,1,1,3,3,0,188,16,232,1473487,3,1,1,1,1
0x864b2946214f81aa6f1719ff9c893e9bd80f2ea89ca90c7dbf355db8aea4d5ed,2,0x219688c6156edea2e2ca7e2036c1c5b7f6451169,0x91bf23d27170712e0e93bda5478f86bbff2c1915,2022-10-02 16:10:23.000000 UTC,124927,7446025278,5275638,120127,0,2759,2,109,2021-10-02T00:00:00,8,17,0.47058823529411764,1,887,913,0.9715224534501643,123,1,0x864b2946214f81aa6f1719ff9c893e9bd80f2ea89ca90c7dbf355db8aea4d5ed,1,1,3,2,0,181,151,365,2323058,3,1,1,1,1
0xc04f53c57d849469dda2d611459f776367b331fc138f2770a3534c26b446143a,1,0x219688c6156edea2e2ca7e2036c1c5b7f6451169,0x3561081260186e69369e6c32f280836554292e08,2022-10-02 16:09:59.000000 UTC,46279,7469996254,9559509,46279,0,2757,2,110,2021-10-02T00:00:00,3,4,0.75,1,885,911,0.97145993413830956,123,3,0xc04f53c57d849469dda2d611459f776367b331fc138f2770a3534c26b446143a,2,1,1,2,0,5,150,365,2323056,2,,,1,0
0x77ca8d8571a97e0d38f12e4c4051dc92fcd71b8e6aa590a01f36eb7ad5850594,1,0xf0e43a827e5a66e51e88edcadf58176c42bad071,0x3561081260186e69369e6c32f280836554292e08,2022-10-02 16:09:59.000000 UTC,46279,7469996254,8308489,46279,0,24,2,111,2021-10-02T00:00:00,3,4,0.75,1,27,27,1.0,13,4,0x77ca8d8571a97e0d38f12e4c4051dc92fcd71b8e6aa590a01f36eb7ad5850594,2,1,1,2,0,5,15,232,1473478,2,,,1,0
0xdd2c25f82e2c01802895c38581df74b4dcfb88d70c69213945c9f7701fd5b6ff,1,0xf0e43a827e5a66e51e88edcadf58176c42bad071,0x3561081260186e69369e6c32f280836554292e08,2022-10-02 16:09:23.000000 UTC,91696,6852688922,16031650,91279,0,23,2,112,2021-10-02T00:00:00,2,2,1.0,1,26,26,1.0,13,2,0xdd2c25f82e2c01802895c38581df74b4dcfb88d70c69213945c9f7701fd5b6ff,1,1,5,2,0,2,15,232,1473475,4,1,2,1,1
0x33ce5a4cdef959d0f9ab02173e47f6301b6ff2006c43553e7826c17858e58fd6,1,0x219688c6156edea2e2ca7e2036c1c5b7f6451169,0x3561081260186e69369e6c32f280836554292e08,2022-10-02 16:08:59.000000 UTC,125835,7695048808,8499048,125147,0,2755,2,113,2021-10-02T00:00:00,1,1,1.0,1,883,909,0.97139713971397135,123,1,0x33ce5a4cdef959d0f9ab02173e47f6301b6ff2006c43553e7826c17858e58fd6,1,1,5,1,0,0,149,365,2323051,4,1,2,1,1