transaction_hash,trace_involved_amt,from_address,to_address,block_timestamp,gas,gas_price,receipt_cumulative_gas_used,receipt_gas_used,value,nonce,transaction_type,rn,contract_block_involved,contract_tx_count,contract_block_per_tx,contract_main_active_days,sender_block_involved,sender_tx_count,sender_block_per_tx,sender_main_active_days,contract_interact,add_feat_hash,sender_tx_count_call_contract,sender_days_call_contract,trace_amt,distinct_sender_in_contract,contract_lifetime_days,contract_lifetime_block,distinct_contract_sender_called,sender_lifetime_days,sender_lifetime_block,contract_involved_amt,max_breadth,depth,distinct_was_called_in_sample,distinct_sender_call_in_sample,z_trace_involved_amt,z_contract_block_involved,z_contract_tx_count,z_contract_main_active_days,z_sender_block_involved,z_sender_tx_count,z_sender_main_active_days,z_contract_interact,z_sender_tx_count_call_contract,z_sender_days_call_contract,z_trace_amt,z_distinct_sender_in_contract,z_contract_lifetime_days,z_contract_lifetime_block,z_distinct_contract_sender_called,z_sender_lifetime_days,z_sender_lifetime_block,z_contract_involved_amt,z_max_breadth,z_depth,z_distinct_was_called_in_sample,z_distinct_sender_call_in_sample,z_gas,z_gas_price,z_receipt_cumulative_gas_used,z_receipt_gas_used,z_value,z_nonce,involved_trace_ratio,contract_active_day_ratio,tx_count_per_distinct_caller,contract_block_ratio,sender_active_day_ratio,sender_tx_count_per_contract,sender_block_ratio,tx_sender_call_contract,sender_call_contract_tx_ratio,sender_tx_count_call_contract_per_days,sender_call_contract_day_ratio,is_sus
0x51f9283090ed742780a46aa57768ddb60060c0fcdfeabb191b5beaaa1abae22c,1,0x77fa39f3adf09bde9d4f175e40d0854d21a33318,0xf2919d1d80aff2940274014bef534f7791906ff2,2023-01-21 23:36:35.000000 UTC,78679,19904304447,8287472,47653,0.0,674,2,1,901,914,0.9857768052516412,114,689,706,0.9759206798866856,232,8,0x51f9283090ed742780a46aa57768ddb60060c0fcdfeabb191b5beaaa1abae22c,4,3,1,258,186,1288775,196,734,4787307,2,0.0,0.0,1,0,-0.7996736691685558,0.7627137028155933,0.7571463835705851,0.9490065629767088,-0.2300220010705981,-0.2314981659944753,1.256941303977673,2.0900440734035968,-0.2848121864976494,-0.2693902189155971,-0.4935592180562603,0.943227484670488,0.5554892224621901,0.601403151390286,0.5469038749307598,1.282202226682566,1.2958631473188196,-0.3079079270117874,-0.4293509144161013,-1.2151560714882947,-0.8049733304776432,-0.2958125636894966,-0.4324259606897452,1.403462356678016,-0.0236559583990316,-0.3670422810859187,-0.2872001,-0.234725034614889,1.0,0.6096256684491979,3.5426356589147288,0.00069911295679,0.3156462585034013,3.6020408163265305,0.000143922221006,0.0056657223796034,0.0043763676148796,1.3333333333333333,0.0263157894736842,0
0x31a7d7a9a4918466da6797d8f4590d04b0c493cfeef58e2dbf281177caac6d04,1,0x35aa3f733958b7416669303945093c98819f77a6,0xf2919d1d80aff2940274014bef534f7791906ff2,2022-12-31 19:06:47.000000 UTC,78679,20553189250,826521,52453,0.0,2998,2,2,900,913,0.9857612267250822,113,3022,3052,0.990170380078637,397,7,0x31a7d7a9a4918466da6797d8f4590d04b0c493cfeef58e2dbf281177caac6d04,19,4,1,258,165,1136998,647,512,3332350,2,0.0,0.0,1,0,-0.7996736691685558,0.7604791900143757,0.754947081526906,0.9297699434569108,0.2797057045693197,0.2647204160452144,2.678106094907202,1.648485466346499,-0.2316755845391327,-0.1539372679517697,-0.4935592180562603,0.943227484670488,0.3773027610817523,0.406820327072888,3.1432580601283666,0.6251179830917772,0.6279131558554751,-0.3079079270117874,-0.4293509144161013,-1.2151560714882947,-0.8049733304776432,-0.2958125636894966,-0.4324259606897452,1.6608025407808664,-0.9887626573951902,-0.3657097040445591,-0.2872001,0.2571604301687016,1.0,0.6807228915662651,3.5387596899224807,0.0007915574244128,0.7738791423001949,4.717156105100464,0.0009068672537796,0.0062254259501965,0.0208105147864184,4.75,0.0353982300884955,0
0x3ffea49e81f3e01f0b321a85ce2ee0abb9d485697cd4cce8a55668d50c4abdc7,6,0xf9f637f89dc962af54f9e9634755d322ad5cb305,0xe06614b71a5a8206a064bf548ebfcb05f6c01965,2022-12-29 23:57:59.000000 UTC,323803,15202679845,3181574,253844,0.0,8,2,3,7,7,1.0,1,10,10,1.0,2,4,0x3ffea49e81f3e01f0b321a85ce2ee0abb9d485697cd4cce8a55668d50c4abdc7,7,1,26,1,0,4841,1,3,27590,8,8.0,6.0,4,4,1.3423093732472189,-1.2349407414729037,-1.237620570046342,-1.2247314427604827,-0.378373956548311,-0.3787139090036928,-0.724076283378641,0.3238096451752051,-0.2741848661059461,-0.5002961208432518,-0.2813061139609648,-1.0734901822206553,-1.0227337211931158,-1.0446400828094544,-0.5756882894007997,-0.8814400348708867,-0.8892549898618227,-0.2444943951329296,-0.36164774788531,1.111738533489291,1.3258384266690597,-0.2536540035437251,-0.372290411907173,-0.4611474092886727,-0.6841262341307832,-0.3097994909328029,-0.2872001,-0.375687048188844,0.2307692307692307,1.0,7.0,0.0014456836018174,0.5,10.0,0.0003624370265666,0.7,1.0,7.0,1.0,0
0x82366e5691202bee0ed19a465fbbe405dc2dd85eb1816bd0f87929329e889441,6,0xf9f637f89dc962af54f9e9634755d322ad5cb305,0xe06614b71a5a8206a064bf548ebfcb05f6c01965,2022-12-29 23:41:59.000000 UTC,323803,14843049887,4598099,253844,0.0,6,2,4,5,5,1.0,1,8,8,1.0,2,3,0x82366e5691202bee0ed19a465fbbe405dc2dd85eb1816bd0f87929329e889441,5,1,26,1,0,4761,1,3,27510,8,8.0,6.0,4,4,1.3423093732472189,-1.2394097670753388,-1.2420191741337,-1.2247314427604827,-0.3788109284348433,-0.3791369427479721,-0.724076283378641,-0.1177489618818927,-0.2812697463670817,-0.5002961208432518,-0.2813061139609648,-1.0734901822206553,-1.0227337211931158,-1.0447426452922113,-0.5756882894007997,-0.8814400348708867,-0.8892917167199478,-0.2444943951329296,-0.36164774788531,1.111738533489291,1.3258384266690597,-0.2536540035437251,-0.372290411907173,-0.6037724779799799,-0.5008925194480929,-0.3097994909328029,-0.2872001,-0.3761103575389159,0.2307692307692307,1.0,5.0,0.0010499790004199,0.5,8.0,0.0002907927737995,0.625,1.0,5.0,1.0,0
0xe96317a2714976a7df909c2a8c7ec794cfa1b64e9b19e910142bb7b79f9df4b2,1,0x06605df73bb163fa9efa8d3779bcf6fcc7012b5e,0xe908bcdf17accd64eae42971d856b0e70dc61abf,2022-12-29 20:24:35.000000 UTC,4088750,21000000000,16128461,3970979,0.0,115,2,5,79,92,0.8586956521739131,38,108,122,0.8852459016393442,40,1,0xe96317a2714976a7df909c2a8c7ec794cfa1b64e9b19e910142bb7b79f9df4b2,65,26,384,4,452,2946754,10,474,3086821,385,381.0,3.0,1,383,-0.7996736691685558,-1.0740558197852397,-1.05067989633362,-0.5129765205279508,-0.3569623341082287,-0.3550240193240486,-0.3967777254675979,-1.0008661759960886,-0.0687233385330149,2.386027653252432,2.7581583366836657,-1.0499487308561672,2.812517733281069,2.7269836838750177,-0.5238763433547278,0.5126441035582188,0.5151942964981171,3.739989191255304,2.7950123916128327,-0.0517087689995018,-0.8049733304776432,3.740869570268123,0.5513529440363449,1.8380025000533489,0.9906103208802708,0.7221523341992441,-0.2872001,-0.3530399979599953,0.0026041666666666,0.0838852097130242,23.0,2.6809151083140607e-05,0.0842105263157894,12.2,3.498744015689923e-05,0.5327868852459017,0.7065217391304348,2.5,0.6842105263157895,0
0x960d9bdac7e2faa4d0ed967d8af73b466e570ee9150f1e271d4b4fd0e7643a99,1,0xd7c3246dd5a9d26f5eade831ee0786f846618c49,0xf2919d1d80aff2940274014bef534f7791906ff2,2022-12-29 18:51:23.000000 UTC,192653,16515522021,13189322,175453,3236246000000000.0,18,2,6,899,912,0.9857456140350878,112,20,20,1.0,4,6,0x960d9bdac7e2faa4d0ed967d8af73b466e570ee9150f1e271d4b4fd0e7643a99,8,3,4,258,163,1122590,11,12,89618,4,3.0,1.0,1,2,-0.7996736691685558,0.7582446772131581,0.7527477794832269,0.9105333239371126,-0.3761890971156496,-0.376598740282296,-0.7068500434885862,1.206926859289401,-0.2706424259753783,-0.2693902189155971,-0.4680888455648248,0.943227484670488,0.3603326219026631,0.388348823928373,-0.5181194604607198,-0.8548014844550439,-0.860778820414555,-0.2867700830521681,-0.4039622269670546,-0.8273403039920305,-0.8049733304776432,-0.2747332836166108,-0.4044650550381367,0.0595105652976526,0.6104198145787456,-0.3315624173597221,-0.23671965,-0.3735705014384843,0.25,0.6829268292682927,3.5348837209302326,0.0008008259464043,0.3076923076923077,1.818181818181818,0.0002231669623628,0.4,0.0087719298245614,2.6666666666666665,0.0267857142857142,0
0x66efa54bc6336f5964b7fefe7b9856aefc60b5c95af7dd3dafeb68f2790f9941,1,0x3d5f0d6189fe1dabdcaf783e4cb2ef09e037a805,0xf2919d1d80aff2940274014bef534f7791906ff2,2022-12-29 15:42:59.000000 UTC,166247,19515933112,8787748,156647,1618123000000000.0,41,2,7,898,911,0.9857299670691548,112,56,56,1.0,17,5,0x66efa54bc6336f5964b7fefe7b9856aefc60b5c95af7dd3dafeb68f2790f9941,1,1,4,258,163,1121652,21,380,2486436,5,2.0,2.0,1,2,-0.7996736691685558,0.7560101644119406,0.7505484774395478,0.9105333239371126,-0.3683236031580683,-0.3689841328852675,-0.5948794842032293,0.7653682522323031,-0.2954395068893528,-0.5002961208432518,-0.4680888455648248,0.943227484670488,0.3603326219026631,0.3871462788180485,-0.4605506315206398,0.2344192436594164,0.2395661125554163,-0.2762011610723585,-0.4124251227834035,-0.4395245364957661,-0.8049733304776432,-0.2747332836166108,-0.4109431612258319,1.2494387913439242,0.0410569339583907,-0.3367833431596818,-0.26195988,-0.368702443912657,0.25,0.6829268292682927,3.531007751937985,0.0008006041084007,0.0446194225721784,2.6666666666666665,2.252218737092474e-05,0.0178571428571428,0.0010976948408342,1.0,0.0089285714285714,0
0x72711db065aec6beb15530c3241f70027ecfebb1ae839255f5d8e0fb340e70f1,1,0x3fbcfe811193d1e0200b1ad9885a202b0df3178a,0xf2919d1d80aff2940274014bef534f7791906ff2,2022-12-29 09:56:59.000000 UTC,149124,16464031933,3773425,149124,3236246000000000.0,150,2,8,897,910,0.9857142857142858,112,157,160,0.98125,39,4,0x72711db065aec6beb15530c3241f70027ecfebb1ae839255f5d8e0fb340e70f1,1,1,6,257,163,1119932,40,543,3530254,5,3.0,2.0,1,2,-0.7996736691685558,0.753775651610723,0.7483491753958688,0.9105333239371126,-0.3462565228881876,-0.3469863781827407,-0.4053908454126254,0.3238096451752051,-0.2954395068893528,-0.5002961208432518,-0.4511085972372012,0.9353803342156586,0.3603326219026631,0.3849411854387754,-0.3511698565344878,0.7168729900796801,0.7187680574852565,-0.2762011610723585,-0.4039622269670546,-0.4395245364957661,-0.8049733304776432,-0.2747332836166108,-0.4151438963713256,0.039090193817028,-0.6075677143244509,-0.3388718800517959,-0.23671965,-0.3456320843337365,0.1666666666666666,0.6829268292682927,3.5408560311284045,0.0008009407705639,0.0716911764705882,4.0,4.447270806216548e-05,0.00625,0.001098901098901,1.0,0.0089285714285714,0
0xde0e5d2492f8d9ecbc37f56773283ed2efcfab77d6cde3c9da2ac675ecfe6579,1,0xc0f0adbd3e06b2ba2258b4cec3b60b5510789ec4,0xf2919d1d80aff2940274014bef534f7791906ff2,2022-12-29 08:32:11.000000 UTC,49803,15342875750,7187425,49803,1e+16,246,2,9,896,909,0.9856985698569856,112,261,261,1.0,94,3,0xde0e5d2492f8d9ecbc37f56773283ed2efcfab77d6cde3c9da2ac675ecfe6579,10,7,2,256,163,1119511,110,425,2767976,3,1.0,1.0,1,1,-0.7996736691685558,0.7515411388095055,0.7461498733521896,0.9105333239371126,-0.3235339847885085,-0.325623174096633,0.0683307515638844,-0.1177489618818927,-0.2635575457142428,0.1924215849397122,-0.4850690938924484,0.9275331837608292,0.3603326219026631,0.3844014503732673,0.0518119460460719,0.3676119957386303,0.368817108012045,-0.2973390050319778,-0.4208880185997524,-0.8273403039920305,-0.8049733304776432,-0.2852729236530537,-0.439510024700799,-0.405547340006166,-0.1659518572610704,-0.3664453976194763,-0.13121551,-0.3253132355302835,0.5,0.6829268292682927,3.55078125,0.0008003487233723,0.2206572769953051,2.372727272727273,9.429269101585743e-05,0.0383141762452107,0.011001100110011,1.4285714285714286,0.0625,0
0x41293ddbb649b0cbbb27a78fc2d7eff6171c4d76a89095fb1c90c26e4dab7e90,1,0xceed34f03a3e607cc04c2d0441c7386b190d7cf4,0xf2919d1d80aff2940274014bef534f7791906ff2,2022-12-29 08:11:47.000000 UTC,21638,13922096488,21121924,21638,0.0,695,0,10,895,908,0.98568281938326,112,680,700,0.9714285714285714,33,2,0x41293ddbb649b0cbbb27a78fc2d7eff6171c4d76a89095fb1c90c26e4dab7e90,1,1,1,256,163,1119410,44,55,393483,2,0.0,0.0,1,0,-0.7996736691685558,0.7493066260082879,0.7439505713085106,0.9105333239371126,-0.2319883745599934,-0.2327672672273134,-0.45706956508279,-0.5593075689389907,-0.2954395068893528,-0.5002961208432518,-0.4935592180562603,0.9275331837608292,0.3603326219026631,0.3842719652387867,-0.3281423249584558,-0.7275284102460173,-0.7212787361124009,-0.3079079270117874,-0.4293509144161013,-1.2151560714882947,-0.8049733304776432,-0.2958125636894966,-0.446419661176465,-0.9690119105465737,1.6365366367734395,-0.3742645710298701,-0.2872001,-0.2302802864391336,1.0,0.6829268292682927,3.546875,0.0007995276087156,0.5892857142857143,15.909090909090908,0.0017281515893911,0.0014285714285714,0.001101321585903,1.0,0.0089285714285714,0
0x1500648a179eb182b812b858963bcb93ace58bca5b7b35c88f0748c3032e15ea,6,0xceed34f03a3e607cc04c2d0441c7386b190d7cf4,0xe5778da7bd3eee4f3bf3b0d2d8def66de8eb4e35,2022-12-29 08:07:23.000000 UTC,5000000,15000000000,6007865,258754,0.0,694,0,11,1,1,1.0,1,679,699,0.9713876967095852,33,1,0x1500648a179eb182b812b858963bcb93ace58bca5b7b35c88f0748c3032e15ea,1,1,34,1,0,0,43,55,393461,11,13.0,8.0,4,5,1.3423093732472189,-1.248347818280209,-1.2508163823084162,-1.2247314427604827,-0.2322068605032596,-0.2329787840994531,-0.45706956508279,-1.0008661759960886,-0.2954395068893528,-0.5002961208432518,-0.2133851206504703,-1.0734901822206553,-1.0227337211931158,-1.0508463950472806,-0.3338992078524638,-0.7275284102460173,-0.7212888359983853,-0.2127876291935007,-0.3193332688035655,1.88737006848182,1.3258384266690597,-0.2431143635072822,0.7749072219859497,-0.5415278841974636,-0.3185331110272336,-0.3084363756675789,-0.2872001,-0.2304919411141696,0.1764705882352941,1.0,1.0,1.0,0.5892857142857143,16.25581395348837,0.0017257066756128,0.0014306151645207,1.0,1.0,1.0,1
0x2ec3e239b5ccdd8fa16233135722abd2b8afbd002ab0b4871099efa7d9c9a727,4,0xfde0d1575ed8e06fbf36256bcdfa1f359281455a,0xd050e0a4838d74769228b49dff97241b4ef3805d,2022-12-29 07:55:11.000000 UTC,416186,12729339597,252949,252949,134.0,19194,2,12,1119,1153,0.9705117085862968,28,18594,19210,0.9679333680374804,127,1,0x2ec3e239b5ccdd8fa16233135722abd2b8afbd002ab0b4871099efa7d9c9a727,1139,28,16,2,27,191026,29,126,877148,6,6.0,4.0,3,3,0.4855161562809088,1.249837493481021,1.2827795720098856,-0.7053427157259324,3.68196881310974,3.682410036078168,0.3525637097497904,-1.0008661759960886,3.7358573616967794,2.6169335551800867,-0.366207355599083,-1.065643031765826,-0.7936368422754102,-0.8059451346583201,-0.4144955683685758,-0.5173798458543687,-0.4992350381741673,-0.2656322390925489,-0.3785735395180079,0.3361069984967624,0.6155678409534919,-0.2641936435801679,-0.3496263626782914,-1.4420454544064123,-1.06295670846946,-0.3100479610269731,-0.2872001,3.685119547051247,0.25,1.0,576.5,0.0058578106759777,1.0,662.4137931034483,0.0211982228788951,0.05929203539823,0.9878577623590632,40.67857142857143,1.0,0
0xce51c7654af7ec210373aa3eca7005fe2a5aa39a1e392d5180a65e3a8ee9761d,6,0xf9f637f89dc962af54f9e9634755d322ad5cb305,0xe06614b71a5a8206a064bf548ebfcb05f6c01965,2022-12-29 07:54:59.000000 UTC,321003,14823423990,3274363,251604,0.0,4,2,13,3,3,1.0,1,6,6,1.0,2,2,0xce51c7654af7ec210373aa3eca7005fe2a5aa39a1e392d5180a65e3a8ee9761d,3,1,26,1,0,51,1,3,22800,8,8.0,6.0,4,4,1.3423093732472189,-1.243878792677774,-1.246417778221058,-1.2247314427604827,-0.3792479003213756,-0.3795599764922515,-0.724076283378641,-0.5593075689389907,-0.2883546266282172,-0.5002961208432518,-0.2813061139609648,-1.0734901822206553,-1.0227337211931158,-1.050781011464523,-0.5756882894007997,-0.8814400348708867,-0.8914540104920609,-0.2444943951329296,-0.36164774788531,1.111738533489291,1.3258384266690597,-0.2536540035437251,-0.3729773276583487,-0.6115558810182594,-0.672123570463222,-0.3104213602187707,-0.2872001,-0.3765336668889879,0.2307692307692307,1.0,3.0,0.0576923076923076,0.5,6.0,0.0002631463532301,0.5,1.0,3.0,1.0,0
0x28ac8f1c5308b0e37f44f839508ed0322556c490d5fd694d33a0805373586589,6,0xf9f637f89dc962af54f9e9634755d322ad5cb305,0xe06614b71a5a8206a064bf548ebfcb05f6c01965,2022-12-29 07:44:47.000000 UTC,358003,15548735262,2208165,281204,0.0,2,2,14,1,1,1.0,1,4,4,1.0,2,1,0x28ac8f1c5308b0e37f44f839508ed0322556c490d5fd694d33a0805373586589,1,1,26,1,0,0,1,3,22749,8,8.0,6.0,4,4,1.3423093732472189,-1.248347818280209,-1.2508163823084162,-1.2247314427604827,-0.3796848722079079,-0.3799830102365308,-0.724076283378641,-1.0008661759960886,-0.2954395068893528,-0.5002961208432518,-0.2813061139609648,-1.0734901822206553,-1.0227337211931158,-1.0508463950472806,-0.5756882894007997,-0.8814400348708867,-0.8914774238641157,-0.2444943951329296,-0.36164774788531,1.111738533489291,1.3258384266690597,-0.2536540035437251,-0.3639002266606693,-0.3239058460576585,-0.810040952879526,-0.3022038017970538,-0.2872001,-0.3769569762390598,0.2307692307692307,1.0,1.0,1.0,0.5,4.0,0.0001758241758241,0.25,1.0,1.0,1.0,0
0x228b2ebd8b807fb661fd8ba14a4a4cd94d5f599b94bfa2474ce49c93b206a70a,1,0x7963fbd04523ed0d995bbbb3132aed448fc22869,0xf2919d1d80aff2940274014bef534f7791906ff2,2022-12-29 06:08:11.000000 UTC,16051578,14116805074,28229924,14370378,2.5809061e+17,1900,2,15,894,907,0.9856670341786108,112,1833,1993,0.9197190165579529,267,1,0x228b2ebd8b807fb661fd8ba14a4a4cd94d5f599b94bfa2474ce49c93b206a70a,1,1,330,255,163,1118796,360,1184,7623541,10,320.0,2.0,1,7,-0.7996736691685558,0.7470721132070703,0.7417512692648315,0.9105333239371126,0.0199259180258724,0.040724048449293,1.5584005020536336,-1.0008661759960886,-0.2954395068893528,-0.5002961208432518,2.2996916318378275,0.919686033306,0.3603326219026631,0.3834847981836277,1.4910326695480711,2.614129747474705,2.5979376939123258,-0.2233565511733103,2.2787757468155494,-0.4395245364957661,-0.8049733304776432,-0.2220350834343964,3.486158294681409,-0.8917927444696548,2.555987577607215,3.609235740727762,3.7386158,0.0247635969792083,0.003030303030303,0.6829268292682927,3.556862745098039,0.000799072575275,0.2253164556962025,5.536111111111111,0.0002404394177929,0.0005017561465127,0.0011025358324145,1.0,0.0089285714285714,0
